measure_id,scope_positive_types,scope_positive_summary,exclusion_present,exclusion_location,exclusion_types,exclusion_summary,n_exclusion_items,use_based,changed_across_versions,evidence_positive,evidence_exclusion,confidence,note
M030,,없음,Y,본문,규격,규격,1,N,N,,수분함유량이 4퍼센트 미만인 것을 제외한다,높음,
M031,가공상태,가공상태,N,없음,,없음,0,N,N,일회용 포켓형라이타에 가스주입구를 부착하거나 라이타돌을 교체할 수 있도록 변형한 것,,중간,2호(충전용)에만 구조 변형 조건. 일회용·충전용 구분은 물품명으로 보고 코딩하지 않음
M032,규격,규격,N,없음,,없음,0,N,N,1제곱미터당 중량이 40g 이상 150g 이하인 것,,높음,"HSK 열거 중 ""802.56.9010""은 원문 오기로 보임"
M033,규격,규격,N,없음,,없음,0,N,N,IEC 건전지규격의 LR03과 LR6에 해당하는 물품,,중간,IEC 표준 크기 규격(LR03·LR6)을 규격으로 봄. 제조자 모델이 아니므로 제품지정 아님
M034,규격,규격,Y,본문,가공상태;제품지정,복합,6,N,N,"점도 4 내지 9 cps, 검화도 77.0 내지 94.0 mol%의 제품군 또는 점도 18 내지 55 cps…",수용액 상태의 제품 및 …생산자중 구라레이의 PVA-117HI… 니폰고세… 재팬 뱀 앤 포발… 덴카…를 제외,중간,"제외 6=1호 수용액·공급자 4·2호 수용액. 다목 모델 목록 원문 ""V""에서 잘림"
M035,,없음,Y,본문,규격,규격,1,N,N,,탄소(C) 함유량이 0.5퍼센트 이하인 것을 제외한다,높음,
M036,,없음,N,없음,,없음,0,N,N,,,높음,
M037,규격;가공상태,복합,Y,별표,규격;가공상태;용도,복합,10,Y,Y,"중공이 없는 원형강: 지름 600㎜ 이하, 각강·육각강 대변거리, 평강 두께·너비","별표: 내열강 JIS SUH 규격, LNG선박건조용 플랫바 규격, 노즐용, 관이음쇠 및 유압용 육각강 경도·공차 등",중간,첫 판 대비 HSK 7222.40과 ㄱ형강(5호) 삭제. 별표 5호 가·나 따로 셈(호 기준 9). 강종·ASK 등급은 규격으로 봄
M038,규격,규격,N,없음,,없음,0,N,N,"IEC CR규격 제품중 CR123A, 2CR5, CRP2 및 CR-2",,중간,IEC 표준 전지 형번 열거. 제조자 모델이 아니라 규격으로 봤으나 제품지정으로도 볼 여지
M039,,없음,N,없음,,없음,0,N,N,,,중간,"""2309.90.2099중 콜린의 염""은 물품명으로 HSK 안 범위를 정한 것이라 분류로 보지 않음"
M040,,없음,Y,본문,용도,용도,1,Y,N,,아나타제형 이산화티타늄(섬유용을 제외한다),높음,화학식 TiO2는 물품 정의로 보고 조건으로 코딩하지 않음
M041,용도,용도,Y,본문,가공상태,가공상태,2,Y,N,반도체ㆍLCD 및 PDP 제조설비의 골격ㆍ외형 등의 주재료용으로 사용되는 염화비닐중합체후판,제조공정방식이 압출방식에 의한 제품과 난연제품(FM규격)을 제외한다,중간,"압출방식(공정)과 난연(FM규격)을 가공상태로 봄. FM규격은 인증 기준이라 규격일 여지. 제목 ""우판""은 오기"
M042,규격;가공상태;용도,복합,Y,별표,규격;가공상태;용도;제품지정,복합,4,Y,N,"6축 수직다관절의 구조, 자동차산업 점용접·핸들링 작업에 사용, 운반 중량 120~210kg","별표1: 긴 팔형(동작범위 2800㎜ 이상), 고밀도형, 클린룸용, 프레스간·공작기계 핸들링 로봇 및 모델명",중간,"제외 4개 범주로 셈. 각 범주 모델명은 ""등으로 정의에 해당하는 것""이라 예시지만 제품지정으로 함께 코딩"
M043,규격;가공상태,복합,N,없음,,없음,0,N,N,가로 및 세로의 길이가 70밀리미터 이상 1천 3백밀리미터 이하인 사각형태의 것,,높음,코딩판은 2008 일부개정판이나 첫 판과 문언 같음
M044,,없음,Y,본문,가공상태,가공상태,2,N,N,,"다른 섬유와 복합방사한 물품, 종류가 다른 원사와 공기로 접착시킨 물품을 제외",높음,
M045,가공상태;용도,복합,Y,본문,용도,용도,1,Y,N,CCD 카메라를 장착하고 연성인쇄회로기판·키패드용 필름의 가이드홀을 수치제어방식으로 자동 천공,롤 형태로 감겨져 있는 연성인쇄회로기판 또는 키패드용 필름을 천공하는 것을 제외,중간,"제외의 ""롤 형태""는 기계가 아닌 피가공물의 형태라 용도로만 코딩"
M046,,없음,Y,본문,규격;가공상태,복합,2,N,N,,"1. 수용액 상태 2. 검화도 99.5mol% 이상, 점도 60~80cps, 중합도 2천600 이상인 폴리비닐알코올 제외",높음,
M047,규격,규격,N,없음,,없음,0,N,N,1제곱미터당 중량이 40그램 이상 150그램 이하인 것,,높음,
M048,,없음,N,없음,,없음,0,N,N,,,높음,
M049,규격;가공상태,복합,Y,본문,가공상태,가공상태,8,N,N,플로트공법으로 생산된 … 맑은 유리·그린유리: 두께 4㎜ 초과 13㎜ 미만,코팅·무늬·망입·복층·강화·접합·에칭·저철분유리 등 판유리의 효용을 개선하기 위하여 가공한 유리를 제외,중간,"제외 8종 열거 뒤 ""등""이 있어 항목 수는 하한. 공법·색 조건은 가공상태로 봄"
M050,규격,규격,N,없음,,없음,0,N,N,농도 50퍼센트부터 94퍼센트까지 … 수분 외의 물질을 포함하지 아니한 것,,중간,"""수분 외 물질 불포함""은 제외 문형이 아니라 순도 조건(규격)으로 봄. 불순물 단서는 포함 확인이지 제외 아님"
M051,,없음,N,없음,,없음,0,N,N,,,높음,
M052,,없음,Y,본문,용도,용도,1,Y,N,,아나타제형 이산화티타늄(섬유용은 제외한다),높음,M040 재부과. 화학식 TiO2는 물품 정의로 봄
M053,규격,규격,Y,본문,규격,규격,1,N,N,1제곱미터당 중량이 50그램 이상 150그램 이하인 제품,인장 파괴 신장률이 세로 6.2퍼센트 이상이며 가로 5.5퍼센트 이상인 크라프트지는 제외,높음,
M054,,없음,Y,별표,규격;가공상태;용도;제품지정,복합,3,Y,N,,"별표1: 두께 9㎛ 미만 비증착 필름; 모터 절연용 두께 125㎛ 이상 흰색 필름(RTI·Haze, 모델명 Garfilm EM6 등)",중간,"제외 3개 호로 셈. 모델명은 ""등으로 규격에 해당하는 것""이라 예시지만 제품지정으로 함께 코딩"
M055,,없음,N,없음,,없음,0,N,N,,,높음,
M056,,없음,N,없음,,없음,0,N,N,,,높음,
M057,,없음,N,없음,,없음,0,N,N,,,중간,"M039 재부과. ""중 콜린의 염""은 물품명 한정이라 분류로 보지 않음"
M058,규격;가공상태,복합,Y,둘다,규격;가공상태;용도,복합,11,Y,N,"중공이 없는 원형강 지름 600㎜ 이하, 각강·육각강 대변거리 40㎜ 이하, 평강 두께·너비","평강 다목 중 두께 100~150㎜·너비 150~210㎜ 제외; 별표1 내열강 JIS 규격, LNG선박 건조용, 노즐용 등",중간,M037 재부과로 치수 범위 좁아짐. 제외 11=본문 1+별표 10(5호 가·나 따로). 강종·ASK 등급은 규격으로 봄
