measure_id,column,old,new,reason
M005,note,인쇄제판용은 품명으로 보아 코딩 안 함. 입력 body_exclusion_text가 잘려 있어 scope_text로 판단,인쇄제판용은 품명으로 보아 코딩 안 함,입력 잘림이 고쳐져 옛 비고 삭제
M006,scope_positive_types,규격,규격;가공상태,"별표(부과대상 품목) 새 입력으로 재코딩: E-glass는 재질 부류(가공상태), 품목 형태(얀·로빙·촙트스트랜드·매트)는 가공상태, G75 1/0 호칭은 규격"
M006,scope_positive_summary,규격,복합,*_types에서 다시 계산
M006,exclusion_present,N,Y,별표(부과대상 품목) 새 입력으로 재코딩: 별표 품목란에 제외 괄호 있음
M006,exclusion_location,없음,별표,별표(부과대상 품목) 새 입력으로 재코딩: 제외가 별표 품목란에만 있음
M006,exclusion_types,,용도,별표(부과대상 품목) 새 입력으로 재코딩: 판넬용·폴리아세탈용·안티글리콜용·페이퍼 제조용 제외
M006,exclusion_summary,없음,용도,*_types에서 다시 계산
M006,n_exclusion_items,0,5,별표(부과대상 품목) 새 입력으로 재코딩: 국가 중복 없이 별개 물품 5개
M006,use_based,N,Y,별표(부과대상 품목) 새 입력으로 재코딩: 용도 제외 있음
M006,evidence_positive,그 조성이 이 글라스(E-glass)인 유리장섬유…중 별표에 규정된 것,"그 조성이 이 글라스(E-glass)인 유리장섬유…중 별표에 규정된 것; 별표: 얀(G75/1/0), 다이렉트로빙, 어셈블드로빙, 촙트스트랜드, 촙트스트랜드 매트",별표(부과대상 품목) 새 입력으로 재코딩
M006,evidence_exclusion,,"어셈블드로빙(판넬용 제외); 촙트스트랜드(폴리아세탈용, 안티글리콜용 나이론 66규격 제외); 일본: 글라스화이버 페이퍼 및 강화 미네랄페이퍼 제조용 촙트스트랜드 제외",별표(부과대상 품목) 새 입력으로 재코딩
M006,confidence,낮음,중간,별표(부과대상 품목) 새 입력으로 재코딩
M006,note,별표(부과대상 품목) 문언이 입력에 없음. E-glass 조성을 규격으로 봄(가공상태 여지). 첫 판은 HSK 2개·별표 한정 없음,"별표는 세율표지만 본문이 부과대상을 별표 품목으로 한정. E-glass는 재질 부류라 가공상태, G75/1/0은 표준 얀 호칭이라 규격. 제외 5=판넬용 어셈블드로빙·폴리아세탈용·안티글리콜용 나일론66·글라스화이버 페이퍼 제조용·강화 미네랄페이퍼 제조용(국가 중복은 1회). 첫 판은 HSK 2개·별표 한정 없음",별표(부과대상 품목) 새 입력으로 재코딩
M007,scope_positive_types,가공상태,가공상태;용도,별표(부과대상 품목) 새 입력으로 재코딩: 별표 품목이 공업용·식품용 정제인산(M002와 같은 판단)
M007,scope_positive_summary,가공상태,복합,*_types에서 다시 계산
M007,use_based,N,Y,별표(부과대상 품목) 새 입력으로 재코딩: 공업용·식품용 용도 조건
M007,evidence_positive,중국산인산 중 정제된 것으로서 별표에 규정된 것,"중국산인산 중 정제된 것으로서 별표에 규정된 것; 별표: 공업용 정제인산, 식품용 정제인산",별표(부과대상 품목) 새 입력으로 재코딩
M007,confidence,낮음,중간,별표(부과대상 품목) 새 입력으로 재코딩
M007,note,별표(부과대상 품목) 문언이 입력에 없어 추가 조건 확인 불가,별표는 세율표지만 품목란(공업용·식품용 정제인산)이 부과대상을 한정. 수출자 목록은 세율 구분이라 제품지정 아님. M002와 같은 판단,별표(부과대상 품목) 새 입력으로 재코딩
M011,scope_positive_types,,규격;제품지정,"별표(부과대상 품목) 새 입력으로 재코딩: CR123·CR-P2·2CR5는 IEC 표준 호칭(M038과 같게 규격), DL123·DL223·DL245는 듀라셀 모델명(제품지정)"
M011,scope_positive_summary,없음,복합,*_types에서 다시 계산
M011,evidence_positive,리튬1차전지 중 별표에서 규정하는 품목,"리튬1차전지 중 별표에서 규정하는 품목; 별표: CR123, CR-P2, 2CR5(일본) / DL123, DL223, DL245(미국 듀라셀)",별표(부과대상 품목) 새 입력으로 재코딩
M011,confidence,낮음,중간,별표(부과대상 품목) 새 입력으로 재코딩
M011,note,부과대상을 별표 품목으로 한정하나 별표 문언이 입력에 없어 유형 판단 불가,"별표 품목란이 부과대상을 한정. CR 계열은 IEC 전지 호칭이라 규격(M038과 같은 판단), DL 계열은 듀라셀 고유 모델명이라 제품지정. 주3 '대체가능한 품목'도 같은 세율 적용",별표(부과대상 품목) 새 입력으로 재코딩
M023,scope_positive_types,규격,규격;가공상태,별표(부과대상 품목) 새 입력으로 재코딩: M006과 같은 판단
M023,scope_positive_summary,규격,복합,*_types에서 다시 계산
M023,exclusion_present,N,Y,별표(부과대상 품목) 새 입력으로 재코딩: 별표 품목란에 제외 괄호 있음
M023,exclusion_location,없음,별표,별표(부과대상 품목) 새 입력으로 재코딩: 제외가 별표 품목란에만 있음
M023,exclusion_types,,용도,별표(부과대상 품목) 새 입력으로 재코딩: 판넬용·폴리아세탈용·안티글리콜용·페이퍼 제조용 제외
M023,exclusion_summary,없음,용도,*_types에서 다시 계산
M023,n_exclusion_items,0,5,별표(부과대상 품목) 새 입력으로 재코딩: M006과 같은 5개
M023,use_based,N,Y,별표(부과대상 품목) 새 입력으로 재코딩: 용도 제외 있음
M023,evidence_positive,그 조성이 이 글라스(E-glass)인 유리장섬유…중 별표에 규정된 것,"그 조성이 이 글라스(E-glass)인 유리장섬유…중 별표에 규정된 것; 별표: 얀(G75 1/0), 다이렉트로빙, 어셈블드로빙, 촙트스트랜드, 촙트스트랜드 매트",별표(부과대상 품목) 새 입력으로 재코딩
M023,evidence_exclusion,,"어셈블드로빙(판넬용 제외); 촙트스트랜드(폴리아세탈용, 안티글리콜용 나일론 66규격 제외); 일본: 글라스화이버 페이퍼 및 강화 미네랄페이퍼 제조용 촙트스트랜드 제외",별표(부과대상 품목) 새 입력으로 재코딩
M023,confidence,낮음,중간,별표(부과대상 품목) 새 입력으로 재코딩
M023,note,별표(부과대상 품목) 문언이 입력에 없음. E-glass를 규격으로 봄(M006과 같은 판단),"M006 재부과판. 별표 품목란이 부과대상을 한정하고 제외 괄호를 둠. E-glass는 가공상태, G75 1/0은 규격. 제외 5개(국가 중복은 1회)",별표(부과대상 품목) 새 입력으로 재코딩
M037,exclusion_types,규격;가공상태;용도,규격;가공상태;용도;제품지정,ASK3200·ASK3000U는 회사 고유 강종이라 제품지정(4절)
M037,note,첫 판 대비 HSK 7222.40과 ㄱ형강(5호) 삭제. 별표 5호 가·나 따로 셈(호 기준 9). 강종·ASK 등급은 규격으로 봄,"첫 판 대비 HSK 7222.40과 ㄱ형강(5호) 삭제. 별표 5호 가·나 따로 셈(호 기준 9). JIS 강종은 규격, ASK3200·ASK3000U는 회사 고유 강종이라 제품지정",ASK3200·ASK3000U는 회사 고유 강종이라 제품지정(4절)
M042,note,"제외 4개 범주로 셈. 각 범주 모델명은 ""등으로 정의에 해당하는 것""이라 예시지만 제품지정으로 함께 코딩","제외 4개 범주로 셈. 각 범주 나목 모델명은 ""등으로 정의에 해당하는 것""이라 가목에 딸린 예시로 보아 공급자 단위로 따로 세지 않음. 모델명은 제품지정으로 함께 코딩",항목 수 규칙 검토 결과 명시(수는 유지)
M054,note,"제외 3개 호로 셈. 모델명은 ""등으로 규격에 해당하는 것""이라 예시지만 제품지정으로 함께 코딩","제외 3개 호로 셈. 나목 모델명은 ""등으로 규격에 해당하는 것""이라 가목에 딸린 예시로 보아 공급자 단위로 따로 세지 않음(M067·M084·M103·M122와 같음). 모델명은 제품지정으로 함께 코딩",항목 수 규칙 검토 결과 명시(수는 유지)
M058,exclusion_types,규격;가공상태;용도,규격;가공상태;용도;제품지정,ASK3200·ASK3000U는 회사 고유 강종이라 제품지정(4절)
M058,note,M037 재부과로 치수 범위 좁아짐. 제외 11=본문 1+별표 10(5호 가·나 따로). 강종·ASK 등급은 규격으로 봄,"M037 재부과로 치수 범위 좁아짐. 제외 11=본문 1+별표 10(5호 가·나 따로). JIS 강종은 규격, ASK3200·ASK3000U는 제품지정",ASK3200·ASK3000U는 회사 고유 강종이라 제품지정(4절)
M071,n_exclusion_items,12,13,4절 항목 수 규칙: 5호 가·나목은 서로 다른 물품이라 따로 셈(본문1+별표12)
M071,note,"항목=본문 1+별표 11. JIS 강종은 규격, ASK3200 등 고유 강종명은 제품지정. 니켈합금강 등 재질은 가공상태","항목=본문 1+별표 12(5호 가·나 따로). JIS 강종은 규격, ASK3200 등 고유 강종명은 제품지정. 니켈합금강 등 재질은 가공상태",4절 항목 수 규칙: 5호 가·나목은 서로 다른 물품이라 따로 셈
M080,changed_across_versions,Y,N,4절: 공급자 별표만 바뀐 경우 N
M080,note,별표1은 제3조제2항의 부과대상 공급자 제외(가격약속 등)로 물품 제외가 아니라 보아 N. 2019 개정 별표에서 신타이→안타이 등 변경,별표1은 제3조제2항의 부과대상 공급자 제외라 물품 제외가 아니라 보아 N. 판 차이는 공급자 별표(신타이→안타이 등)뿐이라 판 변화 N,4절 판 변화 규칙 반영
M090,exclusion_types,규격;가공상태;용도,규격;가공상태;용도;제품지정,ASK3200·ASK3000U는 회사 고유 강종이라 제품지정(4절)
M090,n_exclusion_items,13,14,4절 항목 수 규칙: 5호 가·나목은 서로 다른 물품이라 따로 셈(본문1+별표13)
M090,note,"강종 규격명(JIS SUH 등, ASK3200)은 규격으로 봄. 형상(원형·각·육각·평)은 가공상태. 항목수=별표12+본문1","JIS SUH 등 강종은 규격, ASK3200·ASK3000U는 회사 고유 강종이라 제품지정. 형상(원형·각·육각·평)은 가공상태. 항목수=별표13(5호 가·나 따로, 12호 가·나는 같은 평강의 치수 구간이라 1)+본문1",ASK3200·ASK3000U는 회사 고유 강종이라 제품지정(4절); 4절 항목 수 규칙: 5호 가·나목은 서로 다른 물품이라 따로 셈
M099,exclusion_types,규격;가공상태;용도,규격;가공상태;용도;제품지정,BOSCH F028X50124는 특정 회사가 붙인 규격 기호라 제품지정(4절)
M099,note,EN 강종·BOSCH F028X50124·자력성 규격은 규격으로 봄(BOSCH는 수요자 사양이라 제품지정 아님),EN 강종·자력성 규격은 규격. BOSCH F028X50124는 특정 회사(수요자)가 붙인 사양 기호라 4절에 따라 제품지정,BOSCH F028X50124는 특정 회사가 붙인 규격 기호라 제품지정(4절)
M109,n_exclusion_items,15,16,4절 항목 수 규칙: 5호 가·나목은 서로 다른 물품이라 따로 셈(본문1+별표15)
M109,note,"별표 13호 SF20T/SF20E는 제품지정, 14호는 HSK로 조건을 걸어 분류. 항목수=별표14+본문1","별표 8·9호 ASK 강종과 13호 SF20T/SF20E는 제품지정, 14호는 HSK로 조건을 걸어 분류. 항목수=별표15(5호 가·나 따로, 12호 가·나는 1)+본문1",4절 항목 수 규칙: 5호 가·나목은 서로 다른 물품이라 따로 셈; ASK 강종 제품지정 명시
M120,changed_across_versions,Y,N,4절: 부처명·개정 표시·공백만 바뀐 경우 N
M120,note,별표2 가격약속 공급자 제외는 물품 제외가 아니므로 제외 요건에서 뺌. 판 차이는 기획재정부→재정경제부 명칭과 개정 표시뿐(실질 변화 없음),별표2 가격약속 공급자 제외는 물품 제외가 아니므로 제외 요건에서 뺌. 판 차이는 기획재정부→재정경제부 명칭·개정 표시·띄어쓰기뿐이라 판 변화 N,4절 판 변화 규칙 반영
M042,exclusion_types,규격;가공상태;용도;제품지정,규격;가공상태;용도,코드북 5절 1: 열린 예시 목록은 제품지정 아님
M054,exclusion_types,규격;가공상태;용도;제품지정,규격;가공상태;용도,코드북 5절 1: 열린 예시 목록은 제품지정 아님
M062,changed_across_versions,Y,N,코드북 5절 4: 회사명 표기만 바뀜
