bbs_id,press_date,product,countries,case_type,stage,stage_date,determination,petitioners,dumping_margin,proposed_duty,duty_period,price_undertaking,scope_note,note
00001193,2009-12-24,스테인레스스틸바,"일본, 인도, 스페인",종료재심사,재심사 판정,2009-12-23,긍정,"포스코특수강(주), (주)세아특수강, (주)동일제강",,"일본 산요사 가격약속, 인도 비라즈사 3.33%, 그 외 업체 15.39%",3년,Y,원형·사각·육각·평강의 봉(Bar),산요사 가격약속 유지를 포함한 연장 판정
00001193,2009-12-24,백상지,"인도네시아, 중국",종료재심사,조사개시,2009-12-23,해당 없음,"한국제지(주), 홍원제지(주)",,,,불명,,무역위 개시 의견 결정(기재부 통보). 기존 조치는 2.22~7.72% 관세(가격약속 포함)
00001211,2010-10-21,아나타제형 이산화티타늄,중국,종료재심사,조사개시,,해당 없음,코스모화학(주),,,,불명,"루타일형은 Mn, Si, Al, Zn 등의 코팅이 되어 있으나 아나타제형은 코팅이 되어 있지 않다는 점에서 차이",제283차 회의 개시 의견 결정. 본문 날짜가 추출에서 깨짐(같은 회의의 백상지 최종판정은 '10.10.20)
00001211,2010-10-21,백상지,"인도네시아, 중국",종료재심사,재심사 판정,2010-10-20,부정,"한국제지(주), 홍원제지(주)",,덤핑방지관세 및 가격약속 종료 건의,,N,,"피해 재발 가능성 없음으로 판정, 기존 가격약속도 종료 건의"
00001222,2011-05-26,도자기질 타일,중국,종료재심사,재심사 판정,2011-05-25,긍정,"(주)대동산업, (주)대보세라믹스, (주)한보요업, 성일요업(주)",,9.14~29.41%,3년,N,,
00001222,2011-05-26,PET필름,"중국, 인도",종료재심사,조사개시,2011-05-25,해당 없음,"도레이첨단소재(주), 코오롱인더스트리(주), (주)효성, (주)화승인더스트리",,,,불명,,무역위 개시 의견 결정(기재부 통보 예정)
00001222,2011-05-26,크라프트지,"러시아, 미국, 인도네시아, 중국, 캐나다",종료재심사,조사개시,2011-05-25,해당 없음,"쌍용제지(주), 케이지피(주)",,,,불명,,무역위 개시 의견 결정(기재부 통보 예정)
00001230,2012-02-23,크라프트지,"러시아, 미국, 인도네시아, 중국, 캐나다",종료재심사,재심사 판정,2012-02-22,긍정,"쌍용제지(주), 케이지피(주)",,4.03~10.79%,3년,N,,"본문은 신청 '지난해 5월', 붙임은 '11.4.22 요청. 원심 조치기간 종료일이 붙임에 '11.8.26으로 적혀 다른 자료('11.10.26)와 다름"
00001231,2012-03-29,PET필름,"중국, 인도",종료재심사,재심사 판정,2012-03-28,긍정,"도레이첨단소재(주), 코오롱인더스트리(주), (주)효성, (주)화승인더스트리",,5.87%~25.32%,3년,N,,건의율 하한 5.87%가 기존 부과율 하한 5.67%와 달라 오기 가능성
00001240,2012-09-27,염화콜린,"미국, 인도, 중국, 캐나다",종료재심사,조사개시,2012-08-31,해당 없음,"(주)코파벧스페셜, (주)코린화학",,,,불명,,"2차 재심. 무역위 개시 의견 결정 '12.8.31, 기재부 개시결정 관보 게재 '12.9.26"
00001240,2012-09-27,스테인리스스틸바,"일본, 인도, 스페인",종료재심사,조사개시,2012-09-20,해당 없음,"(주)세아특수강, 동일제강(주), 동부특수강(주), 동방금속공업(주)",,,,불명,횡단면이 전체를 통하여 균일하고 중공이 없는 원형강·각강·육각강·평강인 제품,2차 재심 개시 의견 결정. 본문의 요청 사유 문장이 염화콜린으로 잘못 적혀 있음(복사 오기)
00001266,2014-03-04,공기압 전송용 밸브,일본,원심,조사개시,2014-02-27,해당 없음,"(주)티피씨메카트로닉스, 케이시시정공(주)",,,,불명,"내경 320㎜ 이하 공압실린더 등 액츄에이터 구동용, 관로상 압력 10bar 미만 압축공기의 방향을 제어하는 공기압 전송용 밸브 및 유사 동종물품","본문 표기는 (주)TPC메카트로닉스, (주)KCC정공. 신청인 주장 덤핑률 98.71%"
00001266,2014-03-04,도자기질 타일,중국,종료재심사,조사개시,2014-02-27,해당 없음,"(주)대동산업, (주)대보세라믹스, (주)한보요업, 성일요업(주)",,,,불명,"가로 및 세로의 길이가 70mm～1,300mm이내의 사각판 형태의 제품",2차 재심 개시 결정
00001266,2014-03-04,폴리에스터 장섬유 부분연신사(POY),"대만, 중국",종료재심사,조사개시,2014-02-27,해당 없음,"(주)티케이케미칼, 성안합섬(주)",,,,불명,,
00001266,2014-03-04,합판,중국,불명,조사개시,2014-02-27,해당 없음,,,,,불명,6mm이상인 후판(厚板) 제품,"신규공급자 조사. 신청인은 중국 공급자(꿰이강 웨이추앙, 꿰이강 동하이, 허저 성화)라 petitioners 비움"
00001273,2014-10-06,에탄올아민,"미국, 말레이시아, 태국, 일본",원심,최종판정,2014-09-25,긍정,KPX그린케미칼(주),,4.36%~21.79%,3년,N,"모노에탄올아민(MEA), 디에탄올아민(DEA), 트리에탄올아민(TEA) 3가지 모두를 포함","본문 회의 날짜 깨짐, 날짜는 붙임 경과의 최종판정일. 보도자료는 관세율만 제시(덤핑률 별도 표기 없음)"
00001273,2014-10-06,폴리에스테르 장섬유 부분연신사(POY),"말레이시아, 태국, 인도",원심,예비판정,2014-09-25,긍정,"(주)티케이케미칼, 성안합섬(주)",,,,불명,,예비 긍정 판정만 적혀 있고 잠정관세 건의 여부나 예비덤핑률은 없음. 날짜는 같은 회의(제333차) 기준
00001270,2014-10-06,합판,중국,불명,최종판정,2014-07-24,긍정,,,"꿰이강 동하이 4.54%, 꿰이강 웨이추앙(관계사 꿰이강 지에셍) 4.46%, 허저 성화 17.48% 유지",,N,6mm 이상인 후판(厚板)제품,신규공급자 조사 최종판정. 신청인이 중국 공급자라 petitioners 비움. 보도자료 본문 날짜는 2014-07-25
00001270,2014-10-06,H형강,중국,원심,조사개시,2014-07-24,해당 없음,"현대제철(주), 동국제강(주)",,,,불명,구조용 형강 중 좌우대칭형태로 단면이 H형상을 한 물품 중 높이가 80밀리미터 이상인 것,신청인 주장 덤핑률 21.6%
00001290,2015-09-24,PET필름,"중국, 인도",종료재심사,재심사 판정,,긍정,"도레이첨단소재(주), 코오롱인더스트리(주), (주)효성, (주)화승인더스트리",,7.42~12.92%,3년,N,,2차 재심. 제346차 회의 날짜가 추출에서 깨짐
00001295,2016-01-05,코팅된 루타일형 이산화티타늄,중국,원심,조사개시,,해당 없음,코스모화학(주),,,,불명,염소법으로 제조된 루타일형 이산화티타늄은 황산법 제품보다 고품질로 용도가 다르기 때문에 조사대상에서 제외,개시 결정 날짜 없음(신청 '15.12.8). 신청인 주장 덤핑률 20.1%
00001339,2017-01-23,인쇄제판용 평면모양 사진플레이트(옵셋인쇄판),중국,원심,예비판정,2017-01-20,긍정,제일씨앤피(주),5.73~10.00%,5.73~10.00%(잠정),,불명,"각 변의 길이가 255mm를 초과하는 것. 다만, 포토폴리머 바이올렛판, 재생판, 더블레이어판은 제외함",00001358과 같은 내용
00001351,2017-03-09,활엽수 합판,"말레이시아, 중국",종료재심사,재심사 판정,2017-02-17,긍정,(사)한국합판보드협회,,"말레이시아 3.96~38.10%, 중국 4.57~27.21%",3년,N,두께 6mm 이상인 후판(厚板) 제품 (침엽수합판 제외),본문은 (사)합국합판보드협회로 오기. 말레이시아('11.2~)와 중국('13.10~) 원심이 별개인데 한 재심으로 묶어 발표
00001358,2017-03-09,인쇄제판용 평면모양 사진플레이트(옵셋인쇄판),중국,원심,예비판정,2017-01-20,긍정,제일씨앤피(주),5.73~10.00%,5.73~10.00%(잠정),,불명,"각 변의 길이가 255mm를 초과하는 것. 다만, 포토폴리머 바이올렛판, 재생판, 더블레이어판은 제외함",00001339와 같은 내용
00001354,2017-03-09,H형강,중국,원심,최종판정,,긍정,"현대제철(주), 동국제강(주)",,"홍룬스틸 32.72%, 그 밖의 공급자 28.23%(진시스틸 등 7개사는 가격약속)",5년,Y,구조용 형강 중 좌우대칭형태로 단면이 H형상을 한 것으로 높이가 80밀리미터 이상인 것,본문 보도일은 2015-05-29로 등록일과 다름. 최종판정·가격약속 수락 날짜가 추출에서 깨짐
00001357,2017-03-09,페로실리코망간,"베트남, 우크라이나, 인도",원심,조사개시,,해당 없음,"(주)동부메탈, (주)심팩메탈, (주)심팩메탈로이, 태경산업(주)",,,,불명,,"개시 결정 날짜 없음(배포 2016-12-08, 보도 2016-12-09로 등록일과 다름)"
00001363,2017-03-20,스테인리스스틸바,"일본, 인도, 스페인",종료재심사,재심사 판정,2017-03-17,긍정,"세아창원특수강㈜, ㈜세아특수강, 동일제강㈜",,3.56~15.39%,3년,N,횡단면이 전체를 통하여 균일하고 중공(中空)이 없는 원형강·각강·육각강·평강인 제품,
00001366,2017-04-28,페로실리코망간,"베트남, 우크라이나, 인도",원심,예비판정,2017-04-21,긍정,"(주)동부메탈, (주)심팩메탈로이, (주)심팩메탈, 태경산업(주)",6.08~32.21%,6.08~32.21%(잠정),,불명,,"붙임 신청인 표기는 주식회사 표시 없이 동부메탈, 심팩메탈로이, 심팩메탈, 태경산업"
00001366,2017-04-28,PET 필름,"대만, 태국, UAE",원심,조사개시,2017-04-21,해당 없음,SKC(주),,,,불명,,신청인은 'SKC(주) 등 국내 5개 업체'로만 적혀 나머지 4개사 이름 없음
00001367,2017-05-22,인쇄제판용 평면모양 사진플레이트(옵셋인쇄판),중국,원심,최종판정,2017-05-19,긍정,제일씨앤피(주),,5.86~10.21%,5년,N,"각 변의 길이가 255mm를 초과하는 것. 다만, 포토폴리머 바이올렛판, 재생판, 더블레이어판은 제외함",
00001372,2017-07-10,도공(Coated) 인쇄용지,"일본, 중국, 핀란드",원심,조사개시,2017-07-10,해당 없음,"한솔제지㈜, 한국제지㈜, 홍원제지㈜",,,,불명,"백상지, 도공 원지에 고령토나 무기물질을 도포한 인쇄용지 중 1제곱미터당 중량이 55그램 초과 110그램 이하인 제품","배포일은 2017-07-07, 개시일 7.10은 관보 게재일로 보임"
00001456,2018-01-18,PET 필름,"대만, 태국, UAE",원심,최종판정,2018-01-18,긍정,"SKC㈜, 도레이첨단소재㈜, 코오롱인더스트리㈜, ㈜효성, ㈜화승인더스트리",3.67~60.95%,3.67~60.95%,5년,N,"코팅 두께가 0.25㎛를 초과하는 것, 금속증착 필름 및 유채색 필름은 제외",
00001465,2018-04-13,공기압 밸브,일본,원심,기타,,해당 없음,,,,,불명,,"WTO 분쟁 패널 보고서 회람('18.4.12) 보도. 무역위 최종판정 '15.1.20, 기재부 11.66~22.77% 부과 '15.8.19. 본문 배포일시는 2017.4.13으로 오기"
00001498,2018-12-27,초산에틸,"중국, 싱가포르, 일본",종료재심사,기타,2018-12-27,해당 없음,한국알콜산업 주식회사,,,,불명,원료와 제조공법 여부를 불문하고 화학식이 CH3COOC2H5인 액체상태의 화학물질,3차 재심 산업피해 공청회. 요청인 제시 덤핑률 17.84~37.98%. 현 부과율 4.64~17.76%
00001654,2020-06-22,합판,베트남,원심,기타,2020-06-18,해당 없음,(사)한국합판보드협회,,,,불명,"두께가 6mm 이상인 후판(厚板) 제품. 다만, 두께 6㎜이상, 너비 220㎜이하, 길이 2,000㎜이하로 측면을 요철(Tongue and Groove) 가공한 사각형태의 물품은 해당되지 않음","산업피해 공청회. 예비판정 '20.4.16(예비덤핑률 9.18~10.65%), '20.5.29부터 잠정관세 부과 중"
00001654,2020-06-22,합판,중국,종료재심사,기타,2020-06-18,해당 없음,(사)한국합판보드협회,,,,불명,"두께가 6mm 이상인 후판(厚板) 제품. 다만, 두께 6㎜이상, 너비 220㎜이하, 길이 2,000㎜이하로 측면을 요철(Tongue and Groove) 가공한 사각형태의 물품은 해당되지 않음",2차 재심 산업피해 공청회. 현 부과율 4.57~27.21%
00001654,2020-06-22,침엽수 합판,중국,종료재심사,기타,2020-06-18,해당 없음,(사)한국합판보드협회,,,,불명,"양쪽 외면의 단판이 침엽수 목재(대나무, 활엽수 및 열대산 목재가 아닌 것)로 이루어진 것. 다만, 두께 6㎜이상, 너비 220㎜이하, 길이 2,000㎜이하로 측면을 요철(Tongue and Groove) 가공한 사각형태의 물품은 해당되지 않음",1차 재심 산업피해 공청회. 현 부과율 4.22~7.15%
00001654,2020-06-22,합판,말레이시아,종료재심사,기타,2020-06-18,해당 없음,(사)한국합판보드협회,,,,불명,"두께가 6mm 이상인 후판(厚板) 제품. 다만, 두께 6㎜이상, 너비 220㎜이하, 길이 2,000㎜이하로 측면을 요철(Tongue and Groove) 가공한 사각형태의 물품은 해당되지 않음",3차 재심 산업피해 공청회. 현 부과율 3.96~38.10%
00001690,2021-02-22,H형강,중국,종료재심사,재심사 판정,2021-01-21,긍정,"현대제철(주), 동국제강(주)",,"라이우스틸, 르자오스틸, 안타이스틸 가격약속 유지, 기타 공급자 28.23%～32.72%",5년,Y,상하 및 좌우 대칭 형태이며 한국산업표준에 따라 측정한 높이가 80mm 이상,1차 종료재심(덤핑방지관세 및 가격약속). 보도일 2021-01-22로 등록일과 다름
00001690,2021-02-22,인쇄제판용 평면모양 사진플레이트(옵셋인쇄판),중국,종료재심사,재심사 판정,2021-01-21,긍정,제일씨앤피(주),,"코닥, 화광, 보시카 등 10.32%, 기타 공급자 8.78%",5년,N,각 변의 길이가 255mm를 초과하는 것(감광면이 1개층인 싱글레이어만 대상이며 2개층인 더블레이어는 제외),"1차 종료재심. 조사개시일이 본문 '20.5.3, 붙임 '20.5.7로 다름"
00001690,2021-02-22,폴리에스테르 장섬유 완전연신사(FDY),중국,원심,조사개시,2021-01-21,해당 없음,한국화학섬유협회,,,,불명,FDY와 폴리에스테르 장섬유 부분연신사(POY)가 직방사와 동시에 혼합된 제품을 포함함,
00001701,2021-05-21,스테인리스강 평판압연제품,"중국, 인도네시아, 대만",원심,기타,2021-05-20,해당 없음,(주)포스코,,,,불명,두께가 8㎜를 초과하는 제품과 미국재료시험협회 규격 S31254 및 N08367 강종의 제품을 제외,"산업피해 공청회. 예비덤핑률 9.20~49.04%. 조사개시 '20.9.25, 예비판정 날짜는 추출에서 깨짐"
00001771,2024-04-23,합판,중국,종료재심사,재심사 판정,2024-04-18,긍정,(사)한국합판보드협회,,3.30%~27.21%,5년,N,"두께가 6mm 이상인 후판(厚板) 제품. 다만, 두께 6㎜이상, 너비 220㎜이하, 길이 2,000㎜이하로 측면을 요철(Tongue and Groove) 가공한 사각형태의 물품은 제외",3차 재심. 본문 세율 문구가 추출에서 깨져 붙임 표에서 범위 확인(그 밖의 공급자 18.85%). 요청인 표기 앞 라벨 누락
00001771,2024-04-23,침엽수 합판,중국,종료재심사,재심사 판정,2024-04-18,긍정,(사)한국합판보드협회,,7.15%,5년,N,"두께가 6mm 이상인 후판(厚板) 제품. 다만, 두께 6㎜이상, 너비 220㎜이하, 길이 2,000㎜이하로 측면을 요철(Tongue and Groove) 가공한 사각형태의 물품은 제외",2차 재심
00001771,2024-04-23,합판,베트남,종료재심사,재심사 판정,2024-04-18,긍정,(사)한국합판보드협회,,9.78~31.28%,5년,N,"두께가 6mm 이상인 후판(厚板) 제품. 다만, 두께 6㎜이상, 너비 220㎜이하, 길이 2,000㎜이하로 측면을 요철(Tongue and Groove) 가공한 사각형태의 물품은 제외",1차 재심
00001771,2024-04-23,합판,말레이시아,종료재심사,재심사 판정,2024-04-18,긍정,(사)한국합판보드협회,,4.73~38.10%,5년,N,"두께가 6mm 이상인 후판(厚板) 제품. 다만, 두께 6㎜이상, 너비 220㎜이하, 길이 2,000㎜이하로 측면을 요철(Tongue and Groove) 가공한 사각형태의 물품은 제외",4차 재심. 개시 공고번호가 베트남 건과 같은 2023-134호로 적혀 있음
00001771,2024-04-23,스티렌모노머,중국,원심,조사개시,2024-04-09,해당 없음,"한화토탈에너지스㈜, 여천NCC㈜",,,,불명,화학식 C8H8(시성식 C6H5CH=CH2)을 가지는 방향족 탄화수소,날짜는 관보 공고일. 신청인 주장 덤핑률 14.0%
00001939,2025-04-23,탄소강 및 그 밖의 합금강 열간압연 후판,중국,원심,예비판정,2025-02-20,긍정,현대제철㈜,27.91%~38.02%,27.91%~38.02%(잠정),,불명,"두께 4.75밀리미터 이상, 폭 600밀리미터 이상이고, 코일모양이 아니며, 냉간압연을 하지 않은 것으로 한정",보도일 2025-02-20으로 등록일과 다름
00001939,2025-04-23,스테인리스강 평판압연 제품,"중국, 인도네시아, 대만",종료재심사,재심사 판정,2025-02-20,긍정,㈜포스코,,"산시타이강·리스코·인니청산·유스코·왈신 가격약속 연장, 그 밖의 공급자 9.07%~25.82%",5년,Y,두께 8㎜ 이하인 스테인리스강 평판압연제품,"1차 재심. 가격약속 원심 3년에서 재심 5년으로 연장 건의. 그 밖의 공급자 중국 24.83%, 인니 25.82%, 대만 9.07%"
00001939,2025-04-23,폴리프로필렌 연신(OPP)필름,"중국, 인도네시아, 태국",종료재심사,재심사 판정,2025-02-20,긍정,"㈜삼영, ㈜필맥스, 제이케이머티리얼즈㈜, ㈜화승케미칼",,2.50%~25.04%,,N,두께가 10마이크로미터(㎛) 이상인 폴리프로필렌 연신필름. 원심 미소마진으로 재심사 대상에서 제외된 롯데 패키징은 0% 적용,2차 재심. 부과 기간이 적혀 있지 않음
00001981,2025-08-18,스테인리스스틸 후판,중국,원심,최종판정,2025-06-26,긍정,주식회사 디케이씨,21.62%,21.62%,5년,N,"스테인리스강 중 열간압연한 강판(plate) 형태로 두께 4.75㎜ 이상, 폭 600㎜ 이상인 완제품",보도일 2025-06-27로 등록일과 다름
00001981,2025-08-18,차아황산소다,중국,원심,기타,2025-06-26,해당 없음,주식회사 한솔케미칼,,,,불명,"Na2S2O4의 화학식을 가진 백색 결정성 분말 입자. 단, 차아황산소다의 농도는 불문함","산업피해 공청회. 예비판정 '25.4.24, 잠정관세 15.15~33.97% 부과 중('25.6.21~10.20)"
00001981,2025-08-18,파티클보드,태국,원심,기타,2025-06-26,해당 없음,(사)한국합판보드협회,,,,불명,"배향성 있는 스트랜드 보드, 웨이퍼보드, MDF 및 표면을 피복한 파티클보드는 조사신청물품에 포함되지 않음","산업피해 공청회. 예비판정 '25.4.24, 건의한 잠정관세 11.82~17.19%는 기재부 검토 중"
