bbs_id,date,title,file
00001185,2009-08-28,차아황산소다 덤핑방지관세부과 재심사 개시의견 결정,data/raw/ktc-press/00001185.hwp
00001200,2010-04-30,"무역위, 일본산 스테인리스스틸 후판에 대해 반덤핑 조사개시 결정",data/raw/ktc-press/00001200.hwp
00001219,2011-02-24,"""일본산 스테인리스스틸후판""에 대해 덤핑방지관세를 부과하기로 최종 결정",data/raw/ktc-press/00001219.pdf
00001243,2012-11-23,"무역위, 3개 기업 FTA 무역조정지원 판정 및 중국산 합판 반덤핑 조사개시 결정",data/raw/ktc-press/00001243.pdf
00001246,2013-01-24,폴리프로필렌 연신 필름 반덤핑 및 음향증폭기 영업비밀 침해 조사 개시,data/raw/ktc-press/00001246.hwp
00001248,2013-02-21,반덤핑조치의 실효성 강화를 위한 덤핑조사 방법 개선,data/raw/ktc-press/00001248.pdf
00001249,2013-03-21,『중국산 합판』 덤핑조사 예비 긍정판정,data/raw/ktc-press/00001249.pdf
00001289,2015-08-27,"무역위원회,『인도산 초산에틸에 대한 반덤핑사실 및 국내산업 피해 유무』및 『중국, 싱가포르 및 일본산 초산에틸에 대한 덤핑방지관세부과 종료 재심사』최종 긍정판정",data/raw/ktc-press/00001289.hwp
00001296,2016-01-05,"무역위원회,「중국산 침엽수 합판」에 대해 덤핑방지관세를 4년간 부과하기로 최종판정 내려",data/raw/ktc-press/00001296.hwp
00001303,2016-08-17,「일본산 스테인리스스틸 후판」에 대한 덤핑방지관세 부과를 3년 연장하기로 최종판정,data/raw/ktc-press/00001303.hwp
00001433,2017-09-26,"무역위원회, 대만․태국․UAE산 PET 필름에 대해 잠정덤핑방지관세 부과 건의",data/raw/ktc-press/00001433.hwp
00001472,2018-07-04,투명․공정한 반덤핑 조사로 보호무역 파고 넘는다,data/raw/ktc-press/00001472.hwp
00001475,2018-07-23,중국산 타일에 대한 반덤핑관세를 연장하기로 결정,data/raw/ktc-press/00001475.hwp
00001519,2019-03-21,"제386차 무역위원회, 2건의 반덤핑 판정(중국․싱가포르․일본산 초산에틸(3차재심)/ 인도산 초산에틸(1차재심))",data/raw/ktc-press/00001519.hwp
00001522,2019-04-25,"무역위원회, 중국 및 인도산 PET필름 반덤핑조사 산업피해 공청회 개최",data/raw/ktc-press/00001522.hwp
00001523,2019-04-25,"무역위원회, 중국, 인니 및 태국산 OPP필름 반덤핑조사 산업피해 공청회 개최",data/raw/ktc-press/00001523.hwp
00001560,2019-11-28,"무역위원회, 일본산 ‘스테인리스스틸 후판’ 반덤핑조사 산업피해 공청회 개최",data/raw/ktc-press/00001560.pdf
00001614,2020-04-16,"제399차 무역위원회, 반덤핑 예비판정",data/raw/ktc-press/00001614.pdf
00001713,2021-07-26,"중국, 인도네시아 및 대만산 스테인리스강 평판압연 제품 반덤핑조사 최종 판정",data/raw/ktc-press/00001713.hwp
00001722,2021-11-08,"대만, 태국 및 UAE산 PET 필름 반덤핑 1차 재심 산업피해공청회 개최",data/raw/ktc-press/00001722.hwp
00001768,2024-01-22,일본산 스테인리스 스틸바 덤핑방지관세 부과 20년만에 종료,data/raw/ktc-press/00001768.hwp
00001891,2024-09-30,"무역위원회, 제452차 무역위원회 개최 - 중국산 스테인리스스틸 후판 반덤핑조사 등 2건 조사 개시",data/raw/ktc-press/00001891.hwpx
00001895,2024-10-16,우회덤핑 방지제도 본격 시행을 위한 기업 의견 수렴,data/raw/ktc-press/00001895.pdf
00001910,2024-12-20,"무역위원회, 석유수지 잠정 덤핑방지관세 부과",data/raw/ktc-press/00001910.pdf
00001938,2025-04-23,"무역위, 스테인리스스틸 후판 잠정 덤핑방지관세 부과",data/raw/ktc-press/00001938.pdf
00001982,2025-08-18,"무역위, 일(日)‧중(中) 열간압연에 잠정 덤핑방지관세 부과 건의",data/raw/ktc-press/00001982.pdf
00001985,2025-08-29,"무역위, 중국산 열연후판에 가격약속 건의",data/raw/ktc-press/00001985.pdf
00001988,2025-09-15,덤핑수입 차단위해 무역위원회와 관세청 손잡고 나선다,data/raw/ktc-press/00001988.pdf
00002109,2026-03-27,일본･중국산 산업용로봇 덤핑방지관세 부과 건의 의결,data/raw/ktc-press/00002109.pdf
00002128,2026-07-03,"무역위, 유럽 4개국산 PVC 페이스트 수지(PSR)에 덤핑방지관세 부과건의 의결",data/raw/ktc-press/00002128.pdf
00002131,2026-07-03,"무역위원회-관세청, 덤핑대응 위해 맞손",data/raw/ktc-press/00002131.pdf
00002147,2026-07-24,"무역위, 중국산 부틸 아크릴레이트에 덤핑방지관세 부과 건의",data/raw/ktc-press/00002147.pdf
