table,dispute_id,column,old,new,reason
disputes,D005,decision_group,D005,D004,국심2003관0206·0207·0208은 사건번호 줄과 마침표 하나만 다르고 본문과 결정일(2005-11-01)이 같다
disputes,D006,decision_group,D006,D004,국심2003관0206·0207·0208은 사건번호 줄과 마침표 하나만 다르고 본문과 결정일(2005-11-01)이 같다
disputes,D012,dispute_chain,D012,D009,"같은 청구인의 중국산 타일 경정청구 거부: 조심2009관0118이 경정청구기간 도과로 본 2007.1.2.~2007.6.28. 수입분을 수원지법2010구합1638이 같은 기간으로 각하하고, 상황변동재심사(세율 0%) 경위도 같다"
disputes,D017,dispute_chain,D017,D016,CLIP 소송 사건 12010000047의 1심(대구지법2010구합4096)과 항소심(대구고법2011누2355)이다. 사건명·처분청(대구세관)이 같다
disputes,D025,decision_group,D025,D024,부산세관-조심-2015-120과 인천세관-조심-2015-119는 사건번호·처분청명만 다르고 본문과 결정일(2015-12-15)이 같다
disputes,D028,dispute_chain,D028,D027,"인천지법2016구합51249는 원고가 2015.9.25.(인천공항세관)·9.30.(인천세관) 낸 심판청구가 2015.12.30. 모두 기각되었다고 적는데, 조심2015관0258(인천공항세관 사본)·0276(인천세관 사본)이 같은 날 기각된 제3920.62호 PET 필름·그 밖의 공급자 경정청구 거부 사건이다. 서울고법2017누34300은 CLIP 같은 소송(01201600087)의 항소심"
disputes,D031,dispute_chain,D031,D027,"인천지법2016구합51249는 원고가 2015.9.25.(인천공항세관)·9.30.(인천세관) 낸 심판청구가 2015.12.30. 모두 기각되었다고 적는데, 조심2015관0258(인천공항세관 사본)·0276(인천세관 사본)이 같은 날 기각된 제3920.62호 PET 필름·그 밖의 공급자 경정청구 거부 사건이다. 서울고법2017누34300은 CLIP 같은 소송(01201600087)의 항소심"
disputes,D034,dispute_chain,D034,D027,"인천지법2016구합51249는 원고가 2015.9.25.(인천공항세관)·9.30.(인천세관) 낸 심판청구가 2015.12.30. 모두 기각되었다고 적는데, 조심2015관0258(인천공항세관 사본)·0276(인천세관 사본)이 같은 날 기각된 제3920.62호 PET 필름·그 밖의 공급자 경정청구 거부 사건이다. 서울고법2017누34300은 CLIP 같은 소송(01201600087)의 항소심"
disputes,D037,dispute_chain,D037,D033,"인천세관이 WTO 양허세율 6.5%로 신고한 홀로그램 PET 필름에 덤핑방지관세 25.32%(합계 31.82%)를 부과한 처분이고, 원고의 부과제외 요청이 제531호 규칙에 반영된 경위가 같다. 서울고법2018누63206은 인천지법2017구합53174의 항소심"
disputes,D041,dispute_chain,D041,D033,"인천세관이 WTO 양허세율 6.5%로 신고한 홀로그램 PET 필름에 덤핑방지관세 25.32%(합계 31.82%)를 부과한 처분이고, 원고의 부과제외 요청이 제531호 규칙에 반영된 경위가 같다. 서울고법2018누63206은 인천지법2017구합53174의 항소심"
disputes,D043,dispute_chain,D043,D019,"2013.6.28. 특수관계 과세가격 경정처분, 2013.9.24. 심판청구, 2014.9.3. 재조사결정이 인천지법2016구합50338의 처분 경위와 일치한다"
disputes,D047,dispute_chain,D047,D046,부산세관이 2019.6.26. 제7217.30호로 신고한 아연도금 철선을 제7217.20호로 보아 잠정덤핑방지관세 미납 가산세를 부과한 처분. 부산지법2020구합21969의 청구취지(2019.6.26. 가산세)와 같다
disputes,D052,dispute_chain,D052,D026,창원세관이 청구법인 로고가 찍힌 중국산 타일(수입업체 4곳 명의)의 실제 화주를 청구법인으로 본 처분. 대표이사의 사위가 실제 운영하고 무역이사가 수입을 맡은 사실관계가 부산고법2019누10965와 같다
disputes,D059,decision_group,D059,D058,관세청-적부심사-2023-83·84는 사건번호만 다르고 본문과 결정일(2023-12-04)이 같다
disputes,D059,dispute_chain,D059,D058,"대표이사가 배우자·직원 명의 개인사업체를 실제 운영한 같은 청구법인이 2017.12.27.부터 중국 수출자 2곳에서 들여온 9㎛ 미만 습식 코팅 은색 PET 필름. 적부심사(2023.12.4. 불채택) 뒤 2024.1.11. 경정고지가 심판청구 대상이 되었다. 적부심사 대상(32건, ~2021.2.22.)은 심판청구 대상(82건, ~2022.9.20.)의 일부이고 조심2024관0061은 적부심사를 따로 적지 않는다"
disputes,D062,dispute_chain,D062,D058,"대표이사가 배우자·직원 명의 개인사업체를 실제 운영한 같은 청구법인이 2017.12.27.부터 중국 수출자 2곳에서 들여온 9㎛ 미만 습식 코팅 은색 PET 필름. 적부심사(2023.12.4. 불채택) 뒤 2024.1.11. 경정고지가 심판청구 대상이 되었다. 적부심사 대상(32건, ~2021.2.22.)은 심판청구 대상(82건, ~2022.9.20.)의 일부이고 조심2024관0061은 적부심사를 따로 적지 않는다"
disputes,D063,decision_group,D063,D062,조심2024관0061·0141은 청구번호 줄만 다르고 본문과 결정일(2025-05-13)이 같다
disputes,D063,dispute_chain,D063,D058,"대표이사가 배우자·직원 명의 개인사업체를 실제 운영한 같은 청구법인이 2017.12.27.부터 중국 수출자 2곳에서 들여온 9㎛ 미만 습식 코팅 은색 PET 필름. 적부심사(2023.12.4. 불채택) 뒤 2024.1.11. 경정고지가 심판청구 대상이 되었다. 적부심사 대상(32건, ~2021.2.22.)은 심판청구 대상(82건, ~2022.9.20.)의 일부이고 조심2024관0061은 적부심사를 따로 적지 않는다"
disputes,D070,dispute_chain,D070,D066,"관세조사(2025.5.19.~5.22.), 2025.7.1. 과세전통지, 2025.7.23. 적부심사 청구, 2025.10.16. 불채택이 조심2025관0097의 처분 경위와 일치한다. 쟁점물품도 17매 중 가로결 4매(23.53%)인 같은 LVL 계열 제품"
disputes,D071,decision_group,D071,D070,조심2025관0097·2026관0002는 청구번호 줄만 다르고 본문과 결정일(2026-03-31)이 같다
disputes,D071,dispute_chain,D071,D066,"관세조사(2025.5.19.~5.22.), 2025.7.1. 과세전통지, 2025.7.23. 적부심사 청구, 2025.10.16. 불채택이 조심2025관0097의 처분 경위와 일치한다. 쟁점물품도 17매 중 가로결 4매(23.53%)인 같은 LVL 계열 제품"
disputes,D072,dispute_chain,D072,D064,"2021.7.26.~2022.10.7. 수입한 HPL 필름 부착 합판 마루판(7×1,220×2,440mm), 2023.7.21. 경정청구·7.28. 환급 뒤 재경정한 같은 경위. 적부심사 2025-13(과세전통지 2025.3.24.) 뒤 2025.10.20. 경정고지가 조심2026관0016·0017의 대상이다"
disputes,D073,decision_group,D073,D072,조심2026관0016·0017은 청구번호와 관련법령 표기(“등”)만 다르고 본문과 결정일(2026-08-19)이 같다
disputes,D073,dispute_chain,D073,D064,"2021.7.26.~2022.10.7. 수입한 HPL 필름 부착 합판 마루판(7×1,220×2,440mm), 2023.7.21. 경정청구·7.28. 환급 뒤 재경정한 같은 경위. 적부심사 2025-13(과세전통지 2025.3.24.) 뒤 2025.10.20. 경정고지가 조심2026관0016·0017의 대상이다"
disputes,D002,issue_group,기타,공급자·세율,4절 규칙: 원산지를 속여 덤핑방지관세를 피한 사건은 공급국이 쟁점이므로 공급자·세율
disputes,D003,issue_group,기타,공급자·세율,4절 규칙: 원산지를 속여 덤핑방지관세를 피한 사건은 공급국이 쟁점이므로 공급자·세율
disputes,D008,issue_group,공급자·세율,조사범위,"4절 규칙: 결정기관이 판단한 것으로 정한다. 결정요지가 “6908.90-9000호로 수입된 타일로서 부과대상에서 제외할 수 없다”이고, 같은 유형(정상가격 주장, 그 밖의 공급자 확인)인 D027·D028을 조사범위로 둔 것과 맞춤"
disputes,D008,scope_criteria_used,,분류,issue_group을 조사범위로 바꾸면서 부과대상 여부를 가른 기준(규칙 제2조의 관세율표번호)을 D027·D028과 같이 분류로 둠
disputes,D060,relevance,언급,쟁점,"4절 규칙: 본안 판단 없이 각하되었으면 불복 적격. 청구 대상이 덤핑방지관세(23.61%) 경정고지이고, 같은 유형(청구 뒤 직권취소로 각하)인 D048을 쟁점·불복 적격으로 둔 것과 맞춤"
disputes,D060,issue_group,무관,불복 적격,"4절 규칙: 본안 판단 없이 각하되었으면 불복 적격. 청구 대상이 덤핑방지관세(23.61%) 경정고지이고, 같은 유형(청구 뒤 직권취소로 각하)인 D048을 쟁점·불복 적격으로 둔 것과 맞춤"
disputes,D061,relevance,언급,쟁점,"4절 규칙: 본안 판단 없이 각하되었으면 불복 적격. 청구 대상이 덤핑방지관세(23.61%) 경정고지이고, 같은 유형(청구 뒤 직권취소로 각하)인 D048을 쟁점·불복 적격으로 둔 것과 맞춤"
disputes,D061,issue_group,무관,불복 적격,"4절 규칙: 본안 판단 없이 각하되었으면 불복 적격. 청구 대상이 덤핑방지관세(23.61%) 경정고지이고, 같은 유형(청구 뒤 직권취소로 각하)인 D048을 쟁점·불복 적격으로 둔 것과 맞춤"
disputes,D073,scope_criteria_used,규격;가공상태,규격;가공상태;분류,"같은 결정문(D072=D073)의 D072 행과 맞춤. 판단 이유가 HSK 제4412.31-4019호(본질적 특성이 합판)와 제외규격(두께·너비·길이, 측면 요철가공)을 함께 든다 / 4절: 세미콜론만으로 잇고 공백 없이 코드북 순서(규격;가공상태;용도;분류;제품지정)로 정렬"
disputes,D072,cited_decree_titles,"중국산 합판에 대한 덤핑방지관세 부과에 관한 규칙(기획재정부령 제813호, 2020.11.6.) ; 중국산 합판에 대한 덤핑방지관세 부과에 관한 규칙(기획재정부령 제621호)","중국산 합판에 대한 덤핑방지관세 부과에 관한 규칙(기획재정부령 제813호, 2020.11.6.)",같은 결정문(D072=D073)의 D073 행과 맞춤. 기획재정부령 제621호는 이 결정문 원문에 나오지 않는다(적부심사 2025-13에만 나옴)
disputes,D018,scope_criteria_used,분류; 가공상태,가공상태;분류,4절: 세미콜론만으로 잇고 공백 없이 코드북 순서(규격;가공상태;용도;분류;제품지정)로 정렬
disputes,D033,scope_criteria_used,분류;가공상태,가공상태;분류,4절: 세미콜론만으로 잇고 공백 없이 코드북 순서(규격;가공상태;용도;분류;제품지정)로 정렬
disputes,D036,scope_criteria_used,분류;규격;가공상태;제품지정,규격;가공상태;분류;제품지정,4절: 세미콜론만으로 잇고 공백 없이 코드북 순서(규격;가공상태;용도;분류;제품지정)로 정렬
disputes,D040,scope_criteria_used,용도; 가공상태,가공상태;용도,4절: 세미콜론만으로 잇고 공백 없이 코드북 순서(규격;가공상태;용도;분류;제품지정)로 정렬
disputes,D045,scope_criteria_used,분류; 규격; 가공상태; 용도,규격;가공상태;용도;분류,4절: 세미콜론만으로 잇고 공백 없이 코드북 순서(규격;가공상태;용도;분류;제품지정)로 정렬
disputes,D049,scope_criteria_used,분류; 규격,규격;분류,4절: 세미콜론만으로 잇고 공백 없이 코드북 순서(규격;가공상태;용도;분류;제품지정)로 정렬
disputes,D058,scope_criteria_used,가공상태;규격,규격;가공상태,4절: 세미콜론만으로 잇고 공백 없이 코드북 순서(규격;가공상태;용도;분류;제품지정)로 정렬
disputes,D059,scope_criteria_used,가공상태;규격,규격;가공상태,4절: 세미콜론만으로 잇고 공백 없이 코드북 순서(규격;가공상태;용도;분류;제품지정)로 정렬
disputes,D062,scope_criteria_used,가공상태;규격,규격;가공상태,4절: 세미콜론만으로 잇고 공백 없이 코드북 순서(규격;가공상태;용도;분류;제품지정)로 정렬
disputes,D063,scope_criteria_used,가공상태; 규격,규격;가공상태,4절: 세미콜론만으로 잇고 공백 없이 코드북 순서(규격;가공상태;용도;분류;제품지정)로 정렬
disputes,D064,scope_criteria_used,분류;규격;가공상태,규격;가공상태;분류,4절: 세미콜론만으로 잇고 공백 없이 코드북 순서(규격;가공상태;용도;분류;제품지정)로 정렬
disputes,D066,scope_criteria_used,분류;가공상태,가공상태;분류,4절: 세미콜론만으로 잇고 공백 없이 코드북 순서(규격;가공상태;용도;분류;제품지정)로 정렬
disputes,D070,scope_criteria_used,분류; 가공상태; 규격,규격;가공상태;분류,4절: 세미콜론만으로 잇고 공백 없이 코드북 순서(규격;가공상태;용도;분류;제품지정)로 정렬
disputes,D071,scope_criteria_used,분류; 가공상태; 규격,규격;가공상태;분류,4절: 세미콜론만으로 잇고 공백 없이 코드북 순서(규격;가공상태;용도;분류;제품지정)로 정렬
disputes,D072,scope_criteria_used,분류;규격;가공상태,규격;가공상태;분류,4절: 세미콜론만으로 잇고 공백 없이 코드북 순서(규격;가공상태;용도;분류;제품지정)로 정렬
citations,D021,reply_date,,2012-11-07,"[citations.csv 5행] 같은 관세청 지침(“생산자 확인에 따른 업무처리 지침”, 공급자 미상이면 최고세율). 조심2020관0161(D050)이 날짜를 2012.11.7.로 적음"
citations,D022,reply_date,,2012-11-07,"[citations.csv 7행] 같은 관세청 지침(“생산자 확인에 따른 업무처리 지침”, 공급자 미상이면 최고세율). 조심2020관0161(D050)이 날짜를 2012.11.7.로 적음"
citations,D023,reply_date,,2012-11-07,"[citations.csv 8행] 같은 관세청 지침(“생산자 확인에 따른 업무처리 지침”, 공급자 미상이면 최고세율). 조심2020관0161(D050)이 날짜를 2012.11.7.로 적음"
citations,D031,reply_date,,2015-09-23,"[citations.csv 15행] 2014.11.24. 연장요청에 따른 PET 필름 종료재심사 판정. 조심2016관0216(D033)이 2015.9.23.로 적고, 홀로그램 PET 필름 제외 의견(제531호 규칙 반영)과 원고 부과제외 요청 배척이 모두 이 재심사의 내용이다"
citations,D037,reply_date,2016,2015-09-23,"[citations.csv 26행] 2014.11.24. 연장요청에 따른 PET 필름 종료재심사 판정. 조심2016관0216(D033)이 2015.9.23.로 적고, 홀로그램 PET 필름 제외 의견(제531호 규칙 반영)과 원고 부과제외 요청 배척이 모두 이 재심사의 내용이다. “2016”은 이를 반영한 제531호 규칙(2016.1.13.)의 해"
citations,D058,reply_date,,2019-06-20,"[citations.csv 40행] “최종보고서 제3면”의 증착제품 정의가 조심2024관0061(D062, 같은 청구법인)이 인용한 2019.6.20.자 종료재심사 최종보고서 제3면과 같다"
citations,D059,reply_date,,2019-06-20,"[citations.csv 42행] “최종보고서 제3면”의 증착제품 정의가 조심2024관0061(D062, 같은 청구법인)이 인용한 2019.6.20.자 종료재심사 최종보고서 제3면과 같다"
citations,D058,cited_by,처분청,여럿,[citations.csv 41행] 같은 결정문(D058=D059)의 D059 행과 맞춤. 분석회보는 처분청 주장과 심리·판단 양쪽에 나온다
citations,D064,reply_date,2023-11-07,2023-11-06,"[citations.csv 52행] 같은 회신: 기재부 질의(2023.10.6./10.16.)에 대해 HPL 필름 부착 광폭 마루판(7×1,220×2,440mm)이 재심사범위에 들고 제외규격에 해당하지 않는다는 같은 내용. 적부심사 2025-13(D064)은 무역위원회 2023.11.7., 조심2026관0016·0017은 산업통상자원부 2023.11.6.로 적음. 기관은 더 구체적인 무역위원회(산업통상자원부 소속), 날짜는 심판결정이 처분청 의견과 판단에서 두 번 같게 적은 2023.11.6.로 맞춤"
citations,D072,issuing_agency,산업통상자원부,무역위원회,"[citations.csv 74행] 같은 회신: 기재부 질의(2023.10.6./10.16.)에 대해 HPL 필름 부착 광폭 마루판(7×1,220×2,440mm)이 재심사범위에 들고 제외규격에 해당하지 않는다는 같은 내용. 적부심사 2025-13(D064)은 무역위원회 2023.11.7., 조심2026관0016·0017은 산업통상자원부 2023.11.6.로 적음. 기관은 더 구체적인 무역위원회(산업통상자원부 소속), 날짜는 심판결정이 처분청 의견과 판단에서 두 번 같게 적은 2023.11.6.로 맞춤"
citations,D073,issuing_agency,산업통상자원부,무역위원회,"[citations.csv 82행] 같은 회신: 기재부 질의(2023.10.6./10.16.)에 대해 HPL 필름 부착 광폭 마루판(7×1,220×2,440mm)이 재심사범위에 들고 제외규격에 해당하지 않는다는 같은 내용. 적부심사 2025-13(D064)은 무역위원회 2023.11.7., 조심2026관0016·0017은 산업통상자원부 2023.11.6.로 적음. 기관은 더 구체적인 무역위원회(산업통상자원부 소속), 날짜는 심판결정이 처분청 의견과 판단에서 두 번 같게 적은 2023.11.6.로 맞춤"
citations,D066,reply_date,,2022-04-21,[citations.csv 54행] 교차 단판 구성비 21.05%를 LVL로 분류한 독일 세관 BTI. 같은 청구법인의 후속 심판(D070·D071)이 DEBTI6700/22-1(2022.4.21.)로 특정
citations,D072,cited_by,심판기관,여럿,[citations.csv 71행] 같은 결정문(D072=D073)의 D073 행과 맞춤. 처분청 의견과 심리·판단 양쪽에 나온다
citations,D072,document,간담회 결과,중국산 마루판 관련 간담회 결과,[citations.csv 69행] 같은 결정문(D072=D073)의 D073 행과 표기를 맞춤(본문: “중국산 마루판 관련 간담회”)
citations,D073,document,구제 23-2019-5 종료재심사 최종보고서,종료재심사 최종보고서(구제 23-2019-5),[citations.csv 80행] 같은 결정문(D072=D073)의 D072 행과 표기를 맞춤
citations,D073,reply_position,기타,부과대상 포함,[citations.csv 80행] 같은 결정문(D072=D073)의 D072 행과 맞춤. 심판원은 이 보고서의 조사범위(두께 6mm 이상)로 쟁점물품을 부과대상으로 봄
citations,D028,adopted,불명,Y,"[citations.csv 11행] D027 행과 맞춤. 두 결정의 판단 문단이 같고, 심판원이 이 답변을 들어 현행 규정상 제외하기 어렵다고 판단함"
citations,D028,adopted,불명,Y,"[citations.csv 12행] D027 행과 맞춤. 두 결정의 판단 문단이 같고, 심판원이 이 답변을 들어 현행 규정상 제외하기 어렵다고 판단함"
citations,D008,scope_related,,Y,[citations.csv 2행] 회신이 물품의 부과대상 여부(조사범위)를 다룸
citations,D030,scope_related,,Y,[citations.csv 13행] 회신이 물품의 부과대상 여부(조사범위)를 다룸
citations,D031,scope_related,,Y,[citations.csv 15행] 회신이 물품의 부과대상 여부(조사범위)를 다룸
citations,D033,scope_related,,Y,[citations.csv 18행] 회신이 물품의 부과대상 여부(조사범위)를 다룸
citations,D033,scope_related,,Y,[citations.csv 20행] 회신이 물품의 부과대상 여부(조사범위)를 다룸
citations,D033,scope_related,,Y,[citations.csv 21행] 회신이 물품의 부과대상 여부(조사범위)를 다룸
citations,D036,scope_related,,Y,[citations.csv 22행] 회신이 물품의 부과대상 여부(조사범위)를 다룸
citations,D037,scope_related,,Y,[citations.csv 25행] 회신이 물품의 부과대상 여부(조사범위)를 다룸
citations,D037,scope_related,,Y,[citations.csv 26행] 회신이 물품의 부과대상 여부(조사범위)를 다룸
citations,D039,scope_related,,Y,[citations.csv 27행] 회신이 물품의 부과대상 여부(조사범위)를 다룸
citations,D039,scope_related,,Y,[citations.csv 30행] 회신이 물품의 부과대상 여부(조사범위)를 다룸
citations,D040,scope_related,,Y,[citations.csv 32행] 회신이 물품의 부과대상 여부(조사범위)를 다룸
citations,D058,scope_related,,Y,[citations.csv 40행] 회신이 물품의 부과대상 여부(조사범위)를 다룸
citations,D058,scope_related,,Y,[citations.csv 41행] 회신이 물품의 부과대상 여부(조사범위)를 다룸
citations,D059,scope_related,,Y,[citations.csv 42행] 회신이 물품의 부과대상 여부(조사범위)를 다룸
citations,D059,scope_related,,Y,[citations.csv 43행] 회신이 물품의 부과대상 여부(조사범위)를 다룸
citations,D062,scope_related,,Y,[citations.csv 44행] 회신이 물품의 부과대상 여부(조사범위)를 다룸
citations,D064,scope_related,,Y,[citations.csv 47행] 회신이 물품의 부과대상 여부(조사범위)를 다룸
citations,D064,scope_related,,Y,[citations.csv 48행] 회신이 물품의 부과대상 여부(조사범위)를 다룸
citations,D064,scope_related,,Y,[citations.csv 49행] 회신이 물품의 부과대상 여부(조사범위)를 다룸
citations,D064,scope_related,,Y,[citations.csv 50행] 회신이 물품의 부과대상 여부(조사범위)를 다룸
citations,D064,scope_related,,Y,[citations.csv 51행] 회신이 물품의 부과대상 여부(조사범위)를 다룸
citations,D064,scope_related,,Y,[citations.csv 52행] 회신이 물품의 부과대상 여부(조사범위)를 다룸
citations,D068,scope_related,,Y,[citations.csv 56행] 회신이 물품의 부과대상 여부(조사범위)를 다룸
citations,D068,scope_related,,Y,[citations.csv 57행] 회신이 물품의 부과대상 여부(조사범위)를 다룸
citations,D072,scope_related,,Y,[citations.csv 67행] 회신이 물품의 부과대상 여부(조사범위)를 다룸
citations,D072,scope_related,,Y,[citations.csv 68행] 회신이 물품의 부과대상 여부(조사범위)를 다룸
citations,D072,scope_related,,Y,[citations.csv 69행] 회신이 물품의 부과대상 여부(조사범위)를 다룸
citations,D072,scope_related,,Y,[citations.csv 70행] 회신이 물품의 부과대상 여부(조사범위)를 다룸
citations,D072,scope_related,,Y,[citations.csv 71행] 회신이 물품의 부과대상 여부(조사범위)를 다룸
citations,D072,scope_related,,Y,[citations.csv 72행] 회신이 물품의 부과대상 여부(조사범위)를 다룸
citations,D072,scope_related,,Y,[citations.csv 73행] 회신이 물품의 부과대상 여부(조사범위)를 다룸
citations,D072,scope_related,,Y,[citations.csv 74행] 회신이 물품의 부과대상 여부(조사범위)를 다룸
citations,D073,scope_related,,Y,[citations.csv 75행] 회신이 물품의 부과대상 여부(조사범위)를 다룸
citations,D073,scope_related,,Y,[citations.csv 76행] 회신이 물품의 부과대상 여부(조사범위)를 다룸
citations,D073,scope_related,,Y,[citations.csv 77행] 회신이 물품의 부과대상 여부(조사범위)를 다룸
citations,D073,scope_related,,Y,[citations.csv 78행] 회신이 물품의 부과대상 여부(조사범위)를 다룸
citations,D073,scope_related,,Y,[citations.csv 79행] 회신이 물품의 부과대상 여부(조사범위)를 다룸
citations,D073,scope_related,,Y,[citations.csv 80행] 회신이 물품의 부과대상 여부(조사범위)를 다룸
citations,D073,scope_related,,Y,[citations.csv 81행] 회신이 물품의 부과대상 여부(조사범위)를 다룸
citations,D073,scope_related,,Y,[citations.csv 82행] 회신이 물품의 부과대상 여부(조사범위)를 다룸
citations,D063,(행 추가),,D062 행 복사,[citations.csv 45행] D063은 D062와 같은 결정문인데 회신 행이 빠져 있어 D062의 무역위원회 2019-06-20 종료재심사 최종보고서 행을 더함
citations,D063,scope_related,,Y,[citations.csv 45행] 회신이 물품의 부과대상 여부(조사범위)를 다룸
citations,D008,reply_key,,무역위원회-2006-04-17-의결제2006-5호,[citations.csv 2행] 기관-날짜-문서번호 꼴. 날짜·번호가 없으면 날짜미상·짧은 식별어를 붙임
citations,D018,reply_key,,기타(중앙관세분석소)-2013-08-08-47260-01983,[citations.csv 3행] 기관-날짜-문서번호 꼴. 날짜·번호가 없으면 날짜미상·짧은 식별어를 붙임
citations,D020,reply_key,,관세청-2012-07-25,[citations.csv 4행] 기관-날짜-문서번호 꼴. 날짜·번호가 없으면 날짜미상·짧은 식별어를 붙임
citations,D021,reply_key,,관세청-2012-11-07,[citations.csv 5행] 기관-날짜-문서번호 꼴. 날짜·번호가 없으면 날짜미상·짧은 식별어를 붙임
citations,D022,reply_key,,세관-날짜미상-타일생산자확인유의사항,[citations.csv 6행] 기관-날짜-문서번호 꼴. 날짜·번호가 없으면 날짜미상·짧은 식별어를 붙임
citations,D022,reply_key,,관세청-2012-11-07,[citations.csv 7행] 기관-날짜-문서번호 꼴. 날짜·번호가 없으면 날짜미상·짧은 식별어를 붙임
citations,D023,reply_key,,관세청-2012-11-07,[citations.csv 8행] 기관-날짜-문서번호 꼴. 날짜·번호가 없으면 날짜미상·짧은 식별어를 붙임
citations,D027,reply_key,,기획재정부-날짜미상-PET필름민원답변1차,[citations.csv 9행] 기관-날짜-문서번호 꼴. 날짜·번호가 없으면 날짜미상·짧은 식별어를 붙임
citations,D027,reply_key,,기획재정부-날짜미상-PET필름민원답변2차,[citations.csv 10행] 기관-날짜-문서번호 꼴. 날짜·번호가 없으면 날짜미상·짧은 식별어를 붙임
citations,D028,reply_key,,기획재정부-날짜미상-PET필름민원답변1차,[citations.csv 11행] 기관-날짜-문서번호 꼴. 날짜·번호가 없으면 날짜미상·짧은 식별어를 붙임
citations,D028,reply_key,,기획재정부-날짜미상-PET필름민원답변2차,[citations.csv 12행] 기관-날짜-문서번호 꼴. 날짜·번호가 없으면 날짜미상·짧은 식별어를 붙임
citations,D030,reply_key,,기획재정부-날짜미상-니켈합금강봉제외회신,[citations.csv 13행] 기관-날짜-문서번호 꼴. 날짜·번호가 없으면 날짜미상·짧은 식별어를 붙임
citations,D030,reply_key,,관세평가분류원-날짜미상-제75류품목분류사례,[citations.csv 14행] 기관-날짜-문서번호 꼴. 날짜·번호가 없으면 날짜미상·짧은 식별어를 붙임
citations,D031,reply_key,,무역위원회-2015-09-23-PET필름종료재심사,[citations.csv 15행] 기관-날짜-문서번호 꼴. 날짜·번호가 없으면 날짜미상·짧은 식별어를 붙임
citations,D032,reply_key,,기타(분석기관)-날짜미상-고춧가루분석회보,[citations.csv 16행] 기관-날짜-문서번호 꼴. 날짜·번호가 없으면 날짜미상·짧은 식별어를 붙임
citations,D033,reply_key,,기타(통계청)-날짜미상-홀로그램산업분류회신,[citations.csv 17행] 기관-날짜-문서번호 꼴. 날짜·번호가 없으면 날짜미상·짧은 식별어를 붙임
citations,D033,reply_key,,무역위원회-2007-10-24-조사개시여부결정검토보고서,[citations.csv 18행] 기관-날짜-문서번호 꼴. 날짜·번호가 없으면 날짜미상·짧은 식별어를 붙임
citations,D033,reply_key,,관세평가분류원-2014-11-26-품목분류사전심사회신,[citations.csv 19행] 기관-날짜-문서번호 꼴. 날짜·번호가 없으면 날짜미상·짧은 식별어를 붙임
citations,D033,reply_key,,무역위원회-2015-09-23-PET필름종료재심사,[citations.csv 20행] 기관-날짜-문서번호 꼴. 날짜·번호가 없으면 날짜미상·짧은 식별어를 붙임
citations,D033,reply_key,,관세청-2016-02-29,[citations.csv 21행] 기관-날짜-문서번호 꼴. 날짜·번호가 없으면 날짜미상·짧은 식별어를 붙임
citations,D036,reply_key,,기획재정부-날짜미상-볼펜팁블랭크국민신문고답변,[citations.csv 22행] 기관-날짜-문서번호 꼴. 날짜·번호가 없으면 날짜미상·짧은 식별어를 붙임
citations,D036,reply_key,,기타(중앙관세분석소)-2017-01-24,[citations.csv 23행] 기관-날짜-문서번호 꼴. 날짜·번호가 없으면 날짜미상·짧은 식별어를 붙임
citations,D036,reply_key,,관세평가분류원-2017-04-12,[citations.csv 24행] 기관-날짜-문서번호 꼴. 날짜·번호가 없으면 날짜미상·짧은 식별어를 붙임
citations,D037,reply_key,,무역위원회-2012-PET필름원심·재심사보고,[citations.csv 25행] 기관-날짜-문서번호 꼴. 날짜·번호가 없으면 날짜미상·짧은 식별어를 붙임
citations,D037,reply_key,,무역위원회-2015-09-23-PET필름종료재심사,[citations.csv 26행] 기관-날짜-문서번호 꼴. 날짜·번호가 없으면 날짜미상·짧은 식별어를 붙임
citations,D039,reply_key,,무역위원회-날짜미상-PET필름종료재심사최종판정조사결과보고서,[citations.csv 27행] 기관-날짜-문서번호 꼴. 날짜·번호가 없으면 날짜미상·짧은 식별어를 붙임
citations,D039,reply_key,,세관-2014-12-31,[citations.csv 28행] 기관-날짜-문서번호 꼴. 날짜·번호가 없으면 날짜미상·짧은 식별어를 붙임
citations,D039,reply_key,,관세평가분류원-2017-03-30-품목분류2과-4748,[citations.csv 29행] 기관-날짜-문서번호 꼴. 날짜·번호가 없으면 날짜미상·짧은 식별어를 붙임
citations,D039,reply_key,,관세청-2017-04-11-세원심사과-1419,[citations.csv 30행] 기관-날짜-문서번호 꼴. 날짜·번호가 없으면 날짜미상·짧은 식별어를 붙임
citations,D040,reply_key,,기타(OOO장)-2015-11-30,[citations.csv 31행] 기관-날짜-문서번호 꼴. 날짜·번호가 없으면 날짜미상·짧은 식별어를 붙임
citations,D040,reply_key,,무역위원회-2016-01-29,[citations.csv 32행] 기관-날짜-문서번호 꼴. 날짜·번호가 없으면 날짜미상·짧은 식별어를 붙임
citations,D045,reply_key,,관세청-날짜미상-볼펜팁와이어품목분류사전심사,[citations.csv 33행] 기관-날짜-문서번호 꼴. 날짜·번호가 없으면 날짜미상·짧은 식별어를 붙임
citations,D049,reply_key,,기타(분석기관)-2018-벽돌타일분석,[citations.csv 34행] 기관-날짜-문서번호 꼴. 날짜·번호가 없으면 날짜미상·짧은 식별어를 붙임
citations,D049,reply_key,,관세청-2020-12-17-2020년제5회관세품목분류위원회,[citations.csv 35행] 기관-날짜-문서번호 꼴. 날짜·번호가 없으면 날짜미상·짧은 식별어를 붙임
citations,D050,reply_key,,관세청-2012-07-25,[citations.csv 36행] 기관-날짜-문서번호 꼴. 날짜·번호가 없으면 날짜미상·짧은 식별어를 붙임
citations,D050,reply_key,,관세청-2012-11-07,[citations.csv 37행] 기관-날짜-문서번호 꼴. 날짜·번호가 없으면 날짜미상·짧은 식별어를 붙임
citations,D050,reply_key,,기타(OOO)-2020-04-20,[citations.csv 38행] 기관-날짜-문서번호 꼴. 날짜·번호가 없으면 날짜미상·짧은 식별어를 붙임
citations,D054,reply_key,,재정경제부-2001-03-20,[citations.csv 39행] 기관-날짜-문서번호 꼴. 날짜·번호가 없으면 날짜미상·짧은 식별어를 붙임
citations,D058,reply_key,,무역위원회-2019-06-20-PET필름종료재심사최종보고서,[citations.csv 40행] 기관-날짜-문서번호 꼴. 날짜·번호가 없으면 날짜미상·짧은 식별어를 붙임
citations,D058,reply_key,,세관-2022-06-28,[citations.csv 41행] 기관-날짜-문서번호 꼴. 날짜·번호가 없으면 날짜미상·짧은 식별어를 붙임
citations,D059,reply_key,,무역위원회-2019-06-20-PET필름종료재심사최종보고서,[citations.csv 42행] 기관-날짜-문서번호 꼴. 날짜·번호가 없으면 날짜미상·짧은 식별어를 붙임
citations,D059,reply_key,,세관-2022-06-28,[citations.csv 43행] 기관-날짜-문서번호 꼴. 날짜·번호가 없으면 날짜미상·짧은 식별어를 붙임
citations,D062,reply_key,,무역위원회-2019-06-20-PET필름종료재심사최종보고서,[citations.csv 44행] 기관-날짜-문서번호 꼴. 날짜·번호가 없으면 날짜미상·짧은 식별어를 붙임
citations,D063,reply_key,,무역위원회-2019-06-20-PET필름종료재심사최종보고서,[citations.csv 45행] 기관-날짜-문서번호 꼴. 날짜·번호가 없으면 날짜미상·짧은 식별어를 붙임
citations,D064,reply_key,,기획재정부-2012-12-07,[citations.csv 46행] 기관-날짜-문서번호 꼴. 날짜·번호가 없으면 날짜미상·짧은 식별어를 붙임
citations,D064,reply_key,,기획재정부-2019-07-09-관세제도과-601,[citations.csv 47행] 기관-날짜-문서번호 꼴. 날짜·번호가 없으면 날짜미상·짧은 식별어를 붙임
citations,D064,reply_key,,무역위원회-2020-08-구제23-2019-5,[citations.csv 48행] 기관-날짜-문서번호 꼴. 날짜·번호가 없으면 날짜미상·짧은 식별어를 붙임
citations,D064,reply_key,,관세청-2021-01-13-세원심사과-118,[citations.csv 49행] 기관-날짜-문서번호 꼴. 날짜·번호가 없으면 날짜미상·짧은 식별어를 붙임
citations,D064,reply_key,,무역위원회-2023-09-14,[citations.csv 50행] 기관-날짜-문서번호 꼴. 날짜·번호가 없으면 날짜미상·짧은 식별어를 붙임
citations,D064,reply_key,,기획재정부-2023-10-HPL광폭마루판민원회신,[citations.csv 51행] 기관-날짜-문서번호 꼴. 날짜·번호가 없으면 날짜미상·짧은 식별어를 붙임
citations,D064,reply_key,,무역위원회-2023-11-06,[citations.csv 52행] 기관-날짜-문서번호 꼴. 날짜·번호가 없으면 날짜미상·짧은 식별어를 붙임
citations,D066,reply_key,,관세평가분류원-날짜미상-LVB합판분류사례,[citations.csv 53행] 기관-날짜-문서번호 꼴. 날짜·번호가 없으면 날짜미상·짧은 식별어를 붙임
citations,D066,reply_key,,기타(독일 세관)-2022-04-21-DEBTI6700/22-1,[citations.csv 54행] 기관-날짜-문서번호 꼴. 날짜·번호가 없으면 날짜미상·짧은 식별어를 붙임
citations,D067,reply_key,,기획재정부-2024-11-27,[citations.csv 55행] 기관-날짜-문서번호 꼴. 날짜·번호가 없으면 날짜미상·짧은 식별어를 붙임
citations,D068,reply_key,,무역위원회-2022-04-더블레이어최종조사보고서,[citations.csv 56행] 기관-날짜-문서번호 꼴. 날짜·번호가 없으면 날짜미상·짧은 식별어를 붙임
citations,D068,reply_key,,기획재정부-2025-12,[citations.csv 57행] 기관-날짜-문서번호 꼴. 날짜·번호가 없으면 날짜미상·짧은 식별어를 붙임
citations,D069,reply_key,,기타(중앙관세분석소)-날짜미상-방청프라이머열연강판분석,[citations.csv 58행] 기관-날짜-문서번호 꼴. 날짜·번호가 없으면 날짜미상·짧은 식별어를 붙임
citations,D070,reply_key,,관세평가분류원-날짜미상-HS2022개정후합판분류사례,[citations.csv 59행] 기관-날짜-문서번호 꼴. 날짜·번호가 없으면 날짜미상·짧은 식별어를 붙임
citations,D070,reply_key,,관세평가분류원-2020-09-23,[citations.csv 60행] 기관-날짜-문서번호 꼴. 날짜·번호가 없으면 날짜미상·짧은 식별어를 붙임
citations,D070,reply_key,,관세평가분류원-2021-07-08,[citations.csv 61행] 기관-날짜-문서번호 꼴. 날짜·번호가 없으면 날짜미상·짧은 식별어를 붙임
citations,D070,reply_key,,기타(독일 세관)-2022-04-21-DEBTI6700/22-1,[citations.csv 62행] 기관-날짜-문서번호 꼴. 날짜·번호가 없으면 날짜미상·짧은 식별어를 붙임
citations,D071,reply_key,,관세평가분류원-날짜미상-HS2022개정후합판분류사례,[citations.csv 63행] 기관-날짜-문서번호 꼴. 날짜·번호가 없으면 날짜미상·짧은 식별어를 붙임
citations,D071,reply_key,,관세평가분류원-2020-09-23,[citations.csv 64행] 기관-날짜-문서번호 꼴. 날짜·번호가 없으면 날짜미상·짧은 식별어를 붙임
citations,D071,reply_key,,관세평가분류원-2021-07-08,[citations.csv 65행] 기관-날짜-문서번호 꼴. 날짜·번호가 없으면 날짜미상·짧은 식별어를 붙임
citations,D071,reply_key,,기타(독일 세관)-2022-04-21-DEBTI6700/22-1,[citations.csv 66행] 기관-날짜-문서번호 꼴. 날짜·번호가 없으면 날짜미상·짧은 식별어를 붙임
citations,D072,reply_key,,무역위원회-2019-01-29,[citations.csv 67행] 기관-날짜-문서번호 꼴. 날짜·번호가 없으면 날짜미상·짧은 식별어를 붙임
citations,D072,reply_key,,관세청-2019-02-07,[citations.csv 68행] 기관-날짜-문서번호 꼴. 날짜·번호가 없으면 날짜미상·짧은 식별어를 붙임
citations,D072,reply_key,,기획재정부-2019-06-12-중국산마루판간담회,[citations.csv 69행] 기관-날짜-문서번호 꼴. 날짜·번호가 없으면 날짜미상·짧은 식별어를 붙임
citations,D072,reply_key,,기획재정부-2019-07-09-관세제도과-601,[citations.csv 70행] 기관-날짜-문서번호 꼴. 날짜·번호가 없으면 날짜미상·짧은 식별어를 붙임
citations,D072,reply_key,,기획재정부-2019-07-09-민원회신(측면요철마루판),[citations.csv 71행] 기관-날짜-문서번호 꼴. 날짜·번호가 없으면 날짜미상·짧은 식별어를 붙임
citations,D072,reply_key,,무역위원회-2020-08-구제23-2019-5,[citations.csv 72행] 기관-날짜-문서번호 꼴. 날짜·번호가 없으면 날짜미상·짧은 식별어를 붙임
citations,D072,reply_key,,관세청-2021-01-13-세원심사과-118,[citations.csv 73행] 기관-날짜-문서번호 꼴. 날짜·번호가 없으면 날짜미상·짧은 식별어를 붙임
citations,D072,reply_key,,무역위원회-2023-11-06,[citations.csv 74행] 기관-날짜-문서번호 꼴. 날짜·번호가 없으면 날짜미상·짧은 식별어를 붙임
citations,D073,reply_key,,무역위원회-2019-01-29,[citations.csv 75행] 기관-날짜-문서번호 꼴. 날짜·번호가 없으면 날짜미상·짧은 식별어를 붙임
citations,D073,reply_key,,관세청-2019-02-07,[citations.csv 76행] 기관-날짜-문서번호 꼴. 날짜·번호가 없으면 날짜미상·짧은 식별어를 붙임
citations,D073,reply_key,,기획재정부-2019-06-12-중국산마루판간담회,[citations.csv 77행] 기관-날짜-문서번호 꼴. 날짜·번호가 없으면 날짜미상·짧은 식별어를 붙임
citations,D073,reply_key,,기획재정부-2019-07-09-관세제도과-601,[citations.csv 78행] 기관-날짜-문서번호 꼴. 날짜·번호가 없으면 날짜미상·짧은 식별어를 붙임
citations,D073,reply_key,,기획재정부-2019-07-09-민원회신(측면요철마루판),[citations.csv 79행] 기관-날짜-문서번호 꼴. 날짜·번호가 없으면 날짜미상·짧은 식별어를 붙임
citations,D073,reply_key,,무역위원회-2020-08-구제23-2019-5,[citations.csv 80행] 기관-날짜-문서번호 꼴. 날짜·번호가 없으면 날짜미상·짧은 식별어를 붙임
citations,D073,reply_key,,관세청-2021-01-13-세원심사과-118,[citations.csv 81행] 기관-날짜-문서번호 꼴. 날짜·번호가 없으면 날짜미상·짧은 식별어를 붙임
citations,D073,reply_key,,무역위원회-2023-11-06,[citations.csv 82행] 기관-날짜-문서번호 꼴. 날짜·번호가 없으면 날짜미상·짧은 식별어를 붙임
