dispute_id,issuing_agency,document,reply_date,cited_by,reply_position,adopted,summary,scope_related,reply_key
D008,무역위원회,의결 제2006-5호,2006-04-17,심판기관,부과대상 포함,Y,"중국산 도자기질 타일의 덤핑수입으로 국내산업 피해가 있다고 최종판정하고, 2005.12.30.부터 5년간 덤핑방지관세 부과를 건의함(부과경위 사실로 인용)",Y,무역위원회-2006-04-17-의결제2006-5호
D018,기타(중앙관세분석소),47260-01983,2013-08-08,여럿,기타,Y,분석회보: 쟁점물품은 텍스처드한 폴리에스테르 멀티필라멘트 단사로 통칙 제1호·제6호에 따라 HSK 5402.33-9000호(부과대상 세번)에 분류된다.,N,기타(중앙관세분석소)-2013-08-08-47260-01983
D020,관세청,,2012-07-25,심판기관,기타,불명,"도자기질 타일 덤핑방지관세 적용 시 생산자증명서(품명·규격·수량·컨테이너번호 기재)를 징구하고, 원산지증명서는 2012.8.1.부터 3개월만 인정한다는 업무처리지침(문서번호 가려짐)",N,관세청-2012-07-25
D021,관세청,,2012-11-07,심판기관,기타,Y,"도자기질 타일 덤핑방지관세 생산자 확인 업무처리 지침: 생산자증명서로 세율을 적용하고, 미제출 시 입증서류나 현품검사로 확인하되, 공급자 미상이면 '그 밖의 공급자'가 아니라 최고세율을 부과",N,관세청-2012-11-07
D022,세관,,,청구인,기타,N,원산지증명서상 생산자 기재는 입증효력이 없다는 현지 공인기관 확인에 따라 도자기질 타일 덤핑방지관세 적용 시 생산자 확인 유의사항을 시달한 세관장 공문. 심판원은 서류요건 강화용이라 이 건과 무관하다고 봄,N,세관-날짜미상-타일생산자확인유의사항
D022,관세청,,2012-11-07,심판기관,기타,불명,생산자증명서 미제출로 공급자 확인이 불가한 경우 세율 적용 혼선을 막기 위해 생산자 확인에 따른 업무처리 지침을 시달(날짜·문서번호 가려짐),N,관세청-2012-11-07
D023,관세청,,2012-11-07,심판기관,기타,Y,"생산자증명서로 생산자를 확인해 세율을 적용하고, 입증서류·현품검사로도 생산자를 확인할 수 없으면 그 밖의 공급자가 아닌 최고세율을 부과하라는 업무처리 지침",N,관세청-2012-11-07
D027,기획재정부,,,심판기관,기타,Y,청구법인의 '덤핑방지관세 취소 및 부과관세 반환' 민원질의에 대한 답변: 요청 사항은 무역위원회가 조사할 때 고려할 사항이다(1차).,N,기획재정부-날짜미상-PET필름민원답변1차
D027,기획재정부,,,심판기관,기타,Y,같은 취지의 재질의에 대한 답변: 요청 사항은 무역위원회가 조사할 때 고려할 사항이라고 재차 답변(2차).,N,기획재정부-날짜미상-PET필름민원답변2차
D028,기획재정부,,,심판기관,기타,Y,"청구인의 '덤핑방지관세 취소 및 부과관세 반환의 건' 민원질의에 대해, 청구인이 요청한 사항(정상가격 초과·국내산업 피해 부재)은 무역위원회에서 조사할 때 고려할 사항이라고 답변(1차)",N,기획재정부-날짜미상-PET필름민원답변1차
D028,기획재정부,,,심판기관,기타,Y,청구인의 재질의에 대해 같은 취지로 무역위원회 조사 시 고려할 사항이라고 재차 답변(2차),N,기획재정부-날짜미상-PET필름민원답변2차
D030,기획재정부,,,여럿,부과대상 포함,Y,관세청 질의에 대해 규칙 별표1 제2호로 부과대상에서 제외되는 니켈합금강의 봉은 HSK 제75류에 분류되는 물품이라고 회신(7222호 스테인리스강은 부과대상). 청구인은 잘못된 해석이라 다툼,Y,기획재정부-날짜미상-니켈합금강봉제외회신
D030,관세평가분류원,,,청구인,기타,불명,제75류로 분류되는 물품은 구성 원소 중 니켈 중량이 가장 많은 제품이라는 품목분류사례(번호 가려짐),N,관세평가분류원-날짜미상-제75류품목분류사례
D031,무역위원회,,2015-09-23,심판기관,부과대상 포함,Y,"2014.11.24. 연장 요청에 따른 재심사에서 덤핑·피해를 인정하고, 원고의 부과제외 요청(제조방법 상이, 거래처 지정, 전량 수출)을 국내에서도 같은 방법의 생산이 가능하고 특정제품 지정·재수출은 부과에 영향이 없다며 받아들이지 않음.",Y,무역위원회-2015-09-23-PET필름종료재심사
D032,"기타(분석기관, 기관명 가림)",,,심판기관,기타,Y,쟁점원재료와 고춧가루 분석회보서에서 냉동고추 등 이종재료가 혼합되었을 가능성이 있어 원재료 확인이 필요하다고 기재,N,기타(분석기관)-날짜미상-고춧가루분석회보
D033,기타(통계청),,,청구인,기타,N,"홀로그램 생산은 한국표준산업분류상 '18119 기타 인쇄업'에 분류되며, 표준산업분류는 통계 목적의 분류라고 회신. 청구인은 PET 필름과 산업부문이 다르다는 근거로 제시",N,기타(통계청)-날짜미상-홀로그램산업분류회신
D033,무역위원회,조사개시여부 결정 검토보고서,2007-10-24,심판기관,부과대상 포함,불명,조사신청물품을 PET 칩을 압출·연신한 면상필름으로 정의하고 품명은 PET 필름으로 증착 여부를 불문한다고 기재,Y,무역위원회-2007-10-24-조사개시여부결정검토보고서
D033,관세평가분류원,품목분류사전심사 회신,2014-11-26,심판기관,기타,불명,청구법인의 품목분류사전심사 신청에 대한 회신. 내용(표1)은 원문에서 가려짐,N,관세평가분류원-2014-11-26-품목분류사전심사회신
D033,무역위원회,종료재심사 최종판정의결서,2015-09-23,여럿,부과대상 포함,Y,재심사대상은 부과 중인 PET 필름이며 종전 비부과 물품은 재심사 대상이 될 수 없다고 함. 홀로그램 PET 필름은 증착 PET 필름의 일종이나 식각공정·고가·국내 생산 중단을 이유로 향후 제외가 타당하다고 판단,Y,무역위원회-2015-09-23-PET필름종료재심사
D033,관세청,,2016-02-29,처분청,부과대상 포함,불명,처분청 질의(2014.8.19.)에 대해 기획재정부·무역위원회와 관계부처 회의를 거쳐 홀로그램 PET 필름이 덤핑방지관세 부과대상 물품에 해당한다고 회신. 판단 이유에서 직접 원용되지는 않음,Y,관세청-2016-02-29
D036,기획재정부,,,심판기관,부과대상 포함,불명,국민신문고 질의에 대해 질의물품은 규칙상 '가운데에 구멍이 없는 원형강으로 지름 600mm 이하인 것(7222.20)'에 해당해 덤핑방지관세가 부과된다고 답변,Y,기획재정부-날짜미상-볼펜팁블랭크국민신문고답변
D036,기타(중앙관세분석소),,2017-01-24,심판기관,기타,불명,"수리 후 분석 결과 쟁점물품의 품목번호(참고세번)를 HSK 7222.20-0000호(스테인리스강의 봉, 덤핑방지관세율 15.39%)로 회보",N,기타(중앙관세분석소)-2017-01-24
D036,관세평가분류원,,2017-04-12,심판기관,기타,불명,청구인의 품목분류 사전심사 신청에 대해 쟁점물품을 HSK 7222.20-0000호로 사전회시,N,관세평가분류원-2017-04-12
D037,무역위원회,,2012,심판기관,부과대상 포함,Y,"2008년 원심 보고와 2012년 재심사 보고에서 대상물품 PET 필름을 증착 여부를 불문하고 HSK 3920.62, 3920.69로 분류되는 면상 필름으로 정함",Y,무역위원회-2012-PET필름원심·재심사보고
D037,무역위원회,,2015-09-23,심판기관,부과대상 제외,불명,"2016년 재심사 보고에서 홀로그램 PET 필름은 식각공정 추가, 고가, 국내 생산 중단 등을 이유로 부과대상에서 제외하는 것이 타당하다는 의견을 제시(제531호 규칙에 반영). 이 사건에 적용된 제285호 규칙과의 관계는 판단하지 않음",Y,무역위원회-2015-09-23-PET필름종료재심사
D039,무역위원회,,,처분청,부과대상 포함,불명,PET 필름 덤핑방지관세부과 종료재심사 최종판정 조사결과보고서. 부과대상 PET 필름은 증착 여부를 불문한다고 명시,Y,무역위원회-날짜미상-PET필름종료재심사최종판정조사결과보고서
D039,세관,,2014-12-31,여럿,기타,Y,"서울세관 분석실의 수리후 분석회보. 쟁점물품을 PET 필름으로 보아 HSK 3920.62(추정, 원문 가림)로 분류하고 2015.1.5. 청구법인에 안내",N,세관-2014-12-31
D039,관세평가분류원,품목분류2과-4748,2017-03-30,처분청,기타,불명,동일물품 수입업체의 질의에 대해 쟁점물품 등을 관세율표 제74류 구리 제품(기본세율 8%)으로 품목분류 결정,N,관세평가분류원-2017-03-30-품목분류2과-4748
D039,관세청,세원심사과-1419,2017-04-11,청구인,부과대상 제외,불명,세관의 질의에 대해 쟁점물품은 HSK OOO(가림)에 분류되고 덤핑방지관세가 부과되는 PET 필름에 해당하지 않는다고 회신. 세관은 이에 따라 무혐의 통보,Y,관세청-2017-04-11-세원심사과-1419
D040,"기타(OOO장, 품목분류 분석기관)",,2015-11-30,심판기관,기타,불명,처분청의 품목분류 분석 의뢰에 대해 쟁점물품을 덤핑방지관세 부과대상물품을 포함하는 HSK 번호(가려짐)로 회신,N,기타(OOO장)-2015-11-30
D040,무역위원회,,2016-01-29,여럿,부과대상 포함,N,최종보고서의 흡수율(3~18%)은 KS 규격을 간략히 적은 것이고 용도·수요자는 주된 것을 기재한 것일 뿐 부과대상을 가르지 않으므로 규칙 제2조를 충족하면 부과대상이라고 관세청에 회신,Y,무역위원회-2016-01-29
D045,관세청,,,여럿,기타,Y,"품목분류 사전심사 회시서: 일본산 Stainless Steel Wire(직경 2.3mm×길이 11.55mm, 볼펜팁용)를 HSK 7222.20-0000호(부과대상 세번)로 분류.",N,관세청-날짜미상-볼펜팁와이어품목분류사전심사
D049,"기타(분석기관, 이름 없음)",,2018,여럿,기타,Y,청구인이 이전에 수입한 동종물품의 수리후 분석 결과 벽돌을 얇게 절단한 무유 적갈색 타일(수분흡수계수 10% 초과)로 HSK 6907.23-0000호라고 회신,N,기타(분석기관)-2018-벽돌타일분석
D049,관세청,2020년 제5회 관세품목분류위원회,2020-12-17,심판기관,기타,Y,소성 벽돌을 두께 23mm로 절단한 것으로 KS 타일 허용두께 이내이고 건축물 외부 장식용 부착 물품이므로 수분흡수계수 10% 초과 도자제 타일인 HSK 6907.23-0000호로 분류한다고 결정,N,관세청-2020-12-17-2020년제5회관세품목분류위원회
D050,관세청,,2012-07-25,심판기관,기타,불명,도자기질 타일제품 덤핑방지관세 적용 시 생산자 확인 유의사항: 원산지증명서 대신 생산자증명서를 제출받아 공급자를 확인하도록 시달,N,관세청-2012-07-25
D050,관세청,,2012-11-07,여럿,기타,N,쟁점관세청지침: 공급자 미상 등 실체를 파악하기 어려우면 '그 밖의 공급자'에 해당하지 않으므로 최고세율을 부과. 심판원은 부령에 근거가 없다며 따르지 않음,N,관세청-2012-11-07
D050,기타(OOO로 가려진 기관),,2020-04-20,여럿,기타,불명,처분청 문의에 대해 청구법인이 2015~2018.9.30. 제출한 생산자증명서가 모두 위조되었다고 회신. 심판원은 위조 사정만으로는 최고세율 근거가 안 된다고 봄,N,기타(OOO)-2020-04-20
D054,재정경제부,,2001-03-20,청구인,기타,불명,수출자가 각국 통화를 결제기준으로 바꿔 환리스크를 중앙집중 관리했다고 하여 거래가격에 영향을 미친 것으로 볼 수 없다는 유권해석(문서번호 가림),N,재정경제부-2001-03-20
D058,무역위원회,최종보고서,2019-06-20,청구인,기타,불명,증착 제품을 PET 필름을 기재로 하여 진공 chamber 안에서 그 표면에 금속 물질 등을 얇게 도포한 것으로 정의함. 청구인은 이를 근거로 코팅 필름은 증착이 아니라고 주장함.,Y,무역위원회-2019-06-20-PET필름종료재심사최종보고서
D058,세관,,2022-06-28,여럿,부과대상 포함,Y,관련 업체 수입 건의 은색 불투명 필름을 분석한 결과 투명 PET 필름 일면에 금속을 증착한 은색계 필름(HSK 3920.62-0000)으로 PET 규칙상 덤핑방지관세 부과대상이라고 회보함.,Y,세관-2022-06-28
D059,무역위원회,최종보고서,2019-06-20,청구인,기타,불명,최종보고서 제3면에서 증착 제품을 'PET 필름을 기재로 진공 chamber 안에서 표면에 금속 물질 등을 얇게 도포한 것'으로 정의. 청구인은 습식 코팅한 쟁점물품이 이에 해당하지 않는다고 주장,Y,무역위원회-2019-06-20-PET필름종료재심사최종보고서
D059,세관,,2022-06-28,여럿,부과대상 포함,Y,"세관 분석실 분석 결과, 은색 불투명 필름은 HSK 3920.62-0000호로 투명 PET 필름 일면에 금속을 증착한 은색계 필름이어서 덤핑방지관세 부과대상이라고 회보",Y,세관-2022-06-28
D062,무역위원회,,2019-06-20,청구인,기타,불명,중국 및 인도산 PET 필름 덤핑방지관세 종료 재심사 최종보고서: 증착제품을 PET 필름을 기재로 진공챔버 안에서 금속 물질 등을 얇게 도포한 것으로 정의,Y,무역위원회-2019-06-20-PET필름종료재심사최종보고서
D063,무역위원회,,2019-06-20,청구인,기타,불명,중국 및 인도산 PET 필름 덤핑방지관세 종료 재심사 최종보고서: 증착제품을 PET 필름을 기재로 진공챔버 안에서 금속 물질 등을 얇게 도포한 것으로 정의,Y,무역위원회-2019-06-20-PET필름종료재심사최종보고서
D064,기획재정부,,2012-12-07,여럿,기타,Y,"감액경정 환급세액을 재경정으로 증액하는 것은 최초 신고 납세의무에 대한 새로운 부과이며, 당초 신고납부세액에 부족이 없으면 가산세를 부과할 수 없다고 관세청에 회신",N,기획재정부-2012-12-07
D064,기획재정부,관세제도과-601,2019-07-09,청구인,부과대상 제외,N,중국산 합판 중 두께 6mm 이상인 것 중 '마루판(원목마루)' 품목은 덤핑조사 대상에 포함되지 않아 부과요건 미충족으로 부과대상에서 제외된다고 민원인과 관세청에 회신. 심판기관은 청구인이 확대해석했다고 봄,Y,기획재정부-2019-07-09-관세제도과-601
D064,무역위원회,종료재심사 최종판정 의결서,2020-08,여럿,부과대상 포함,Y,"중국산 합판 조사대상은 두께 6mm 이상 후판 제품으로 콘크리트 거푸집, 가구, 인테리어, 마루판 등 다양한 용도의 제품을 포함한다고 판정",Y,무역위원회-2020-08-구제23-2019-5
D064,관세청,세원심사과-118,2021-01-13,청구인,부과대상 제외,N,기획재정부 관세제도과-601 회신 내용을 전국 세관에 업무처리 참고사항으로 안내,Y,관세청-2021-01-13-세원심사과-118
D064,무역위원회,,2023-09-14,심판기관,부과대상 포함,Y,"기재부의 확인 요청에 대해 국내생산자 의견 등을 검토한 결과 '마루판 제조용 합판'(두께 7mm, 1,220×2,440mm)은 중국산 합판의 조사대상물품에 포함된다고 회신",Y,무역위원회-2023-09-14
D064,기획재정부,,2023-10,심판기관,부과대상 포함,Y,청구법인이 질의한 HPL 필름 적층 중국산 광폭 마루판에 대해 조사대상물품에 포함되고 제외 규격과 일치하지 않아 부과대상이라고 회신. 심판기관은 청구법인이 부과대상임을 미리 알았다고 봄,Y,기획재정부-2023-10-HPL광폭마루판민원회신
D064,무역위원회,,2023-11-06,심판기관,부과대상 포함,Y,"HPL 필름 적층 중국산 광폭 마루판(7×1,220×2,440mm)은 재심사 제외 규격(두께 6mm 이상, 너비 220mm 이하, 길이 2,000mm 이하, 측면 요철가공)과 일치하지 않아 조사대상물품에 포함되어 부과대상이라고 기재부에 회신",Y,무역위원회-2023-11-06
D066,관세평가분류원,,,처분청,기타,Y,유사 LVB 제품을 여러 차례 합판(4412.3호)으로 분류한 사례. 단판 교차 비율이 약 22%인 것도 합판으로 분류하여 교차 비율은 직접적 판단요소가 아니라는 입장,N,관세평가분류원-날짜미상-LVB합판분류사례
D066,기타(독일 세관),,2022-04-21,청구인,기타,불명,교차 단판 구성비 21.05%인 유사 물품을 단판적층재(LVL)로 분류한 사례,N,기타(독일 세관)-2022-04-21-DEBTI6700/22-1
D067,기획재정부,,2024-11-27,여럿,기타,Y,"최저가격은 고시 제2조 (나)항에 따라 분기별로 산정·적용하며, 약속 준수 여부를 판단하는 분기 기준시점은 같은 조 (마)항에 따라 약속시행일 이후 수입신고일이라는 회신",N,기획재정부-2024-11-27
D068,무역위원회,,2022-04,처분청,기타,N,중국산 더블레이어 최종 조사보고서. 국내 시판 사진플레이트를 감광층 수에 따라 싱글·더블로 구분하고 제조공정상 감광재 도포를 1회와 2회로 설명,Y,무역위원회-2022-04-더블레이어최종조사보고서
D068,기획재정부,,2025-12,심판기관,부과대상 포함,Y,"더블레이어 규칙의 ""상이한 감광재를 각각 도포함""은 하나는 감광 성분을 포함하고, 다른 하나는 감광 성분은 없으나 감광 성능이나 인쇄 기능을 높이는 물질을 도포한 것이라는 해석(쟁점물품이 더블레이어 부과대상에 듦)",Y,기획재정부-2025-12
D069,기타(중앙관세분석소),,,처분청,부과대상 포함,Y,"시료 분석 결과 방청 프라이머(아연 함유)를 분사 도포한 비합금강 열간 평판압연제품으로, 제7208호 해설과 WCO 의견서에 따라 HSK 7208.51-1000·7208.52-9000호에 분류한다고 회신함.",N,기타(중앙관세분석소)-날짜미상-방청프라이머열연강판분석
D070,관세평가분류원,,,처분청,부과대상 포함,N,2022년 HS 개정 후 유사물품을 합판으로 분류한 사례. 청구인은 중간층 11매가 교차하고 수평 구성비 40%여서 쟁점물품과 다르다고 반박.,N,관세평가분류원-날짜미상-HS2022개정후합판분류사례
D070,관세평가분류원,,2020-09-23,처분청,부과대상 포함,N,나뭇결이 주로 평행하고 직교 구성비가 22%인 유사물품(OOO)을 제4412.3호 합판으로 분류한 사례. 직교비율로 5단위가 정해지지 않는다는 근거로 제시됨.,N,관세평가분류원-2020-09-23
D070,관세평가분류원,,2021-07-08,처분청,부과대상 포함,N,유사물품(OOO)을 제4412.3호 합판으로 분류한 사례. 청구인은 LVL 소호 신설(2022) 전 사례라 배제해야 한다고 반박.,N,관세평가분류원-2021-07-08
D070,기타(독일 세관),DEBTI6700/22-1,2022-04-21,여럿,부과대상 제외,Y,직교비율 21.05%인 유사 적층목재를 LVL 소호 HS 제4412.42호로 분류한 구속력 있는 품목분류정보(BTI).,N,기타(독일 세관)-2022-04-21-DEBTI6700/22-1
D071,관세평가분류원,,,처분청,부과대상 포함,N,2022년 HS 개정 후 유사물품을 합판으로 분류한 사례. 청구인은 중간층 11매가 교차하고 수평 구성비 40%여서 쟁점물품과 다르다고 반박.,N,관세평가분류원-날짜미상-HS2022개정후합판분류사례
D071,관세평가분류원,,2020-09-23,처분청,부과대상 포함,N,나뭇결이 주로 평행하고 직교 구성비가 22%인 유사물품(OOO)을 제4412.3호 합판으로 분류한 사례. 직교비율로 5단위가 정해지지 않는다는 근거로 제시됨.,N,관세평가분류원-2020-09-23
D071,관세평가분류원,,2021-07-08,처분청,부과대상 포함,N,유사물품(OOO)을 제4412.3호 합판으로 분류한 사례. 청구인은 LVL 소호 신설(2022) 전 사례라 배제해야 한다고 반박.,N,관세평가분류원-2021-07-08
D071,기타(독일 세관),DEBTI6700/22-1,2022-04-21,여럿,부과대상 제외,Y,직교비율 21.05%인 유사 적층목재를 LVL 소호 HS 제4412.42호로 분류한 구속력 있는 품목분류정보(BTI).,N,기타(독일 세관)-2022-04-21-DEBTI6700/22-1
D072,무역위원회,,2019-01-29,처분청,부과대상 포함,불명,관세청 질의에 대해 규칙 제2조는 품목번호와 두께만을 기준으로 하고 명칭·용도·중간재 여부·가공 여부 등에 따른 예외가 없으므로 원목마루(10×125×900mm)도 두께 6mm 이상이면 부과대상이라고 회신,Y,무역위원회-2019-01-29
D072,관세청,,2019-02-07,처분청,부과대상 포함,불명,무역위원회 회신에 근거해 인천세관에 명칭·용도·가공 여부 등에 따른 예외가 없으므로 제4412.33호의 두께 6mm 이상 물품이면 부과대상이라고 회신,Y,관세청-2019-02-07
D072,기획재정부,중국산 마루판 관련 간담회 결과,2019-06-12,처분청,기타,불명,"기재부·관세청·합판보드협회 간담회에서 두께 6mm 이상, 너비 220mm 이하, 길이 2,000mm 이하로 측면을 요철가공한 사각형 합판만 중국산 마루판으로 보아 부과대상에서 제외하기로 정함",Y,기획재정부-2019-06-12-중국산마루판간담회
D072,기획재정부,관세제도과-601,2019-07-09,청구인,부과대상 제외,N,중국산 합판 중 두께 6mm 이상인 것 중 '마루판(원목마루)' 품목은 덤핑조사 대상에 포함되지 않아 부과대상에서 제외된다고 관세청에 통보. 심판기관은 공문에 규격이 없어 용도만으로 제외되지 않는다고 봄,Y,기획재정부-2019-07-09-관세제도과-601
D072,기획재정부,,2019-07-09,여럿,부과대상 제외,불명,"청구 외 법인의 민원질의 물품(두께 10mm, 너비 196mm, 길이 910mm, 측면 요철가공)이 부과대상이 아니라고 답변. 심판기관은 이 물품이 제외규격에 부합해 쟁점물품과 다르다고 구별",Y,기획재정부-2019-07-09-민원회신(측면요철마루판)
D072,무역위원회,종료재심사 최종보고서(구제 23-2019-5),2020-08,여럿,부과대상 포함,Y,"두께 6mm 이상 합판을 조사범위로 하되 너비 220mm 이하, 길이 2,000mm 이하로 측면을 요철가공한 사각형 물품은 제외",Y,무역위원회-2020-08-구제23-2019-5
D072,관세청,세원심사과-118,2021-01-13,청구인,부과대상 제외,N,기획재정부 관세제도과-601 공문을 본청 각과와 전국 세관에 공유해 참고하도록 안내,Y,관세청-2021-01-13-세원심사과-118
D072,무역위원회,,2023-11-06,여럿,부과대상 포함,Y,"쟁점물품과 같은 규격의 중국산 광폭 마루판(두께 7mm)은 재심사범위(6mm 이상)에 해당하고 제외규격(너비 220mm 이하, 길이 2,000mm 이하, 측면 요철가공)에 해당하지 않아 부과대상이라고 기재부에 회신",Y,무역위원회-2023-11-06
D073,무역위원회,,2019-01-29,처분청,부과대상 포함,불명,"관세청 질의(합판에 천연무늬목을 붙인 원목마루, 10×125×900mm)에 대해 부령은 품목번호와 두께만 기준으로 하고 명칭·용도·가공 등에 따른 예외가 없으므로 부과대상이라고 회신",Y,무역위원회-2019-01-29
D073,관세청,,2019-02-07,처분청,부과대상 포함,불명,무역위원회 회신에 근거해 인천세관에 명칭·용도·중간재 여부·가공 여부 등에 따른 예외가 없으므로 제4412.33호 두께 6mm 이상이면 부과대상이라고 회신,Y,관세청-2019-02-07
D073,기획재정부,중국산 마루판 관련 간담회 결과,2019-06-12,처분청,기타,불명,"기획재정부·관세청·합판보드협회 간담회에서 두께 6mm 이상·너비 220mm 이하·길이 2,000mm 이하·측면 요철가공 사각형 합판만 중국산 마루판으로 보아 부과대상에서 제외하기로 정함. 이후 종료재심사 제외규격에 반영",Y,기획재정부-2019-06-12-중국산마루판간담회
D073,기획재정부,관세제도과-601,2019-07-09,청구인,부과대상 제외,N,중국산 합판 중 두께 6mm 이상인 것 가운데 '마루판(원목마루)'은 덤핑조사 대상에 포함되지 않아 부과요건 미충족으로 부과대상에서 제외된다고 관세청장에게 통보. 심판원은 구체적 규격이 없어 근거가 되지 않는다고 봄,Y,기획재정부-2019-07-09-관세제도과-601
D073,기획재정부,,2019-07-09,여럿,부과대상 제외,불명,"청구 외 회사의 민원질의(두께 10mm, 너비 196mm, 길이 910mm, 측면 요철가공 합판)에 부과대상이 아니라고 답변. 심판원은 제외규격에 맞는 물품에 대한 답변이라 쟁점물품과 구별함",Y,기획재정부-2019-07-09-민원회신(측면요철마루판)
D073,무역위원회,종료재심사 최종보고서(구제 23-2019-5),2020-08,여럿,부과대상 포함,Y,"재심사 조사범위를 두께 6mm 이상 합판으로 정하고, 두께 6mm 이상·너비 220mm 이하·길이 2,000mm 이하로 측면을 요철가공한 사각형 물품을 조사범위에서 제외",Y,무역위원회-2020-08-구제23-2019-5
D073,관세청,세원심사과-118,2021-01-13,청구인,부과대상 제외,N,기획재정부 관세제도과-601 공문을 본청 각과와 전국 세관장에게 공유하여 참고하도록 함,Y,관세청-2021-01-13-세원심사과-118
D073,무역위원회,,2023-11-06,여럿,부과대상 포함,Y,"기획재정부 질의(2023.10.6.)에 대해 쟁점물품과 같은 규격의 중국산 광폭 마루판은 두께 7mm로 재심사범위(6mm 이상)에 들고 제외규격(너비 220mm·길이 2,000mm 이하, 측면 요철)에 해당하지 않아 부과대상이라고 회신",Y,무역위원회-2023-11-06
