lsi_seq,ef_yd,name,byl_seq,annex_no,annex_title,pdf_fl_seq,hwp_fl_seq,source_file,text_chars
38849,19940809,관세법제10조의규정에의한유리장섬유에대한덤핑방지관세부과에관한규칙,16329633,,[별표 ] 유리장섬유에대한덤핑방지관세율,139633289,139633287,data/raw/annexes/38849_16329633.pdf,1004
37124,19960229,관세법제10조의규정에의한중국산정제인산에대한덤핑방지관세의부과에관한규칙,16951801,,[별표 ] 덤핑방지관세율,149038717,149038715,data/raw/annexes/37124_16951801.pdf,612
38850,19960229,관세법제10조의규정에의한유리장섬유에대한덤핑방지관세의부과에관한규칙,16329637,,[별표 ] 덤핑방지관세율,139633361,139633359,data/raw/annexes/38850_16329637.pdf,1087
38846,19961031,관세법제10조의규정에의한미국산에탄올아민에대한덤핑방지관세부과에관한규칙,16329625,,[별표 ] 덤핑방지관세율[제4조관련],139633237,139633235,data/raw/annexes/38846_16329625.pdf,399
38845,19961203,관세법제10조의규정에의한미국및중국산염화콜린에대한덤핑방지관세부과에관한규칙,16329621,,[별표 ] 덤핑방지관세율[제4조관련],139633211,139633209,data/raw/annexes/38845_16329621.pdf,513
38853,19961219,관세법제10조의규정에의한일본산및미국산리튬1차전지에대한덤핑방지관세부과에관한규칙,16329649,,[별표 ] 덤핑방지관세율[제4조관련],139633535,139633533,data/raw/annexes/38853_16329649.pdf,619
38847,19970517,관세법제10조의규정에의한불가리아산및러시아산소다회에대한덤핑방지관세부과에관한규칙,11158129,,[별표 ] 덤핑방지관세율[제4조관련],86283795,86283793,data/raw/annexes/38847_11158129.pdf,273
38852,19970517,관세법제10조의규정에의한일본산·독일산·네덜란드산및중국산남성용전기면도기에대한덤핑방지관세부과에관한규칙,16329641,1,[별표 1] 약속대상공급자[제3조관련],139633433,139633431,data/raw/annexes/38852_16329641.pdf,346
38852,19970517,관세법제10조의규정에의한일본산·독일산·네덜란드산및중국산남성용전기면도기에대한덤핑방지관세부과에관한규칙,16329643,2,[별표 2] 덤핑방지관세율[제4조관련],139633439,139633437,data/raw/annexes/38852_16329643.pdf,615
38842,19970802,관세법제10조의규정에의한러시아산H형강에대한덤핑방지관세부과에관한규칙,11163277,,[별표 ] 덤핑방지관세율[제4조관련],86304683,86304681,data/raw/annexes/38842_11163277.pdf,112
38843,19980117,관세법제10조의규정에의한말레이지아산중질섬유판에대한덤핑방지관세부과에관한규칙,11176675,,[별표 ] 덤핑방지관세율[제4조관련],86367883,86367881,data/raw/annexes/38843_11176675.pdf,435
38848,19980806,관세법제10조의규정에의한싱가폴·중국및프랑스산가정용전기다리미에대한덤핑방지관세부과에관한규칙,16329629,,[별표 ] 싱가폴·중국및프랑스산가정용전기다리미에대한덤핑방지관세율,139633263,139633261,data/raw/annexes/38848_16329629.pdf,377
38856,19980820,관세법제10조의규정에의한일본산폴리비닐알콜에대한덤핑방지관세부과에관한규칙,16330219,,[별표 ] 일본산폴리비닐알콜에대한덤핑방지관세율,139639261,139639259,data/raw/annexes/38856_16330219.pdf,478
37125,19980824,관세법제10조의규정에의한중국산페로실리코망간에대한덤핑방지관세부과에관한규칙,16951809,1,[별표 1] 중국산페로실리코망간에대한덤핑방지관세율,149038813,149038811,data/raw/annexes/37125_16951809.pdf,416
37125,19980824,관세법제10조의규정에의한중국산페로실리코망간에대한덤핑방지관세부과에관한규칙,16951811,2,[별표 2] 약속대상공급자,149038819,149038817,data/raw/annexes/37125_16951811.pdf,472
38854,19990107,관세법제10조의규정에의한일본산인쇄제판용평면상사진플레이트에대한덤핑방지관세부과에관한규칙,16329657,,[별표 ] 덤핑방지관세율[제4조관련],139633587,139633585,data/raw/annexes/38854_16329657.pdf,289
38844,19990621,관세법제10조의규정에의한미국·일본및대만산유리장섬유에대한덤핑방지관세부과에관한규칙,16329617,,[별표 ] 덤핑방지관세율[제2조및제4조관련],139633181,139633179,data/raw/annexes/38844_16329617.pdf,1972
37126,19991201,관세법제10조의규정에의한중국산포켓형라이터에대한덤핑방지관세부과에관한규칙,17248159,,[별표 ] 덤핑방지관세율[제4조관련],152059229,152059227,data/raw/annexes/37126_17248159.pdf,428
38855,20000801,관세법제10조의규정에의한일본산인쇄제판용평면상사진플레이트에대한덤핑방지관세부과에관한규칙,16329661,,[별표 ] 덤핑방지관세율[제4조관련],139633653,139633651,data/raw/annexes/38855_16329661.pdf,289
51157,20010813,관세법제51조의규정에의한일본산인쇄제판용평면상사진플레이트에대한덤핑방지관세부과에관한규칙,16330211,,[별표 ] 덤핑방지관세율[제4조관련],139639177,139639175,data/raw/annexes/51157_16330211.pdf,303
50716,20010821,관세법제51조의규정에의한독일산셀프복사지에대한덤핑방지관세부과에관한규칙,11295919,,[별표 ] 덤핑방지관세율[제4조관련],86907641,86907639,data/raw/annexes/50716_11295919.pdf,334
52775,20020314,관세법제51조의규정에의한일본산인쇄제판용평면상사진플레이트에대한덤핑방지관세부과에관한규칙,16330215,,[별표 ] 덤핑방지관세율[제4조관련],139639211,139639209,data/raw/annexes/52775_16330215.pdf,306
52865,20020314,관세법제51조의규정에의한중국산포켓형라이터에대한덤핑방지관세부과에관한규칙,17248211,,[별표 ] 덤핑방지관세율[제4조관련],152059415,152059413,data/raw/annexes/52865_17248211.pdf,434
57476,20030523,관세법제51조의규정에의한중국산포켓형라이타에대한덤핑방지관세부과에관한규칙,14903191,,[별표 ] 덤핑방지관세율[제4조관련],119784529,119784527,data/raw/annexes/57476_14903191.pdf,406
57191,20030718,관세법제51조의규정에의한일본산수화알루미늄에대한덤핑방지관세부과에관한규칙,11361649,,[별표 ] 덤핑방지관세율[제4조관련],87207539,87207537,data/raw/annexes/57191_11361649.pdf,240
56800,20030909,관세법제51조의규정에의한인도네시아산일회용포켓형라이타에대한덤핑방지관세부과에관한규칙,11366819,,[별표 ] 덤핑방지관세율[제4조관련],87228853,87228851,data/raw/annexes/56800_11366819.pdf,406
59178,20031107,관세법제51조의규정에의한인도네시아·중국산정보용지및백상지에대한덤핑방지관세부과에관한규칙,11368671,,[별표 ] 덤핑방지관세율[제4조관련],87237733,87237731,data/raw/annexes/59178_11368671.pdf,651
61546,20040623,관세법제51조의규정에의한중국산차아황산소다에대한덤핑방지관세부과에관한규칙,11423829,,[별표 ] 덤핑방지관세율[제4조관련],87470693,87470691,data/raw/annexes/61546_11423829.pdf,317
60494,20040730,관세법제51조의규정에의한일본·인도및스페인산스테인레스스틸바에대한덤핑방지관세부과에관한규칙,11432239,,[별표 ] 덤핑방지관세부과대상에서제외되는물품[제2조단서관련],87504009,87504007,data/raw/annexes/60494_11432239.pdf,1367
62521,20041020,관세법제51조의규정에의한미국·인도·중국및캐나다산염화콜린에대한덤핑방지관세부과에관한규칙,11439041,,[별표 ] 덤핑방지관세율[제4조관련],87532249,87532247,data/raw/annexes/62521_11439041.pdf,532
66554,20050113,관세법 제51조의 규정에 의한 일본·인도 및 스페인산 스테인레스 스틸바에 대한 덤핑방지관세부과에 관한 규칙,11446245,,[별표 ] 덤핑방지관세부과대상에서제외되는물품[제2조단서관련],87558525,87558523,data/raw/annexes/66554_11446245.pdf,1367
66897,20050302,관세법 제51조의 규정에 의한 중국산 아나타제형 이산화티타늄에 대한 덤핑방지관세의 부과에 관한 규칙,11661533,,[별표 ] 덤핑방지관세율[제4조관련],88585069,88585067,data/raw/annexes/66897_11661533.pdf,504
68889,20050420,관세법 제51조의 규정에 의한 일본산 염화비닐중합체우판(PVC Plate)에 대한 덤핑방지관세의 부과에 관한 규칙,11457471,,[별표 ] 덤핑방지관세율[제4조관련],87608765,87608763,data/raw/annexes/68889_11457471.pdf,243
92840,20050916,관세법 제51조의 규정에 따른 일본산 6축 수직다관절형 산업용 로봇에 대한 덤핑방지관세의 부과에 관한 규칙,11832073,1,[별표 1] 덤핑방지관세 부과대상 제외물품(제2조관련),89459425,89459423,data/raw/annexes/92840_11832073.pdf,1416
92840,20050916,관세법 제51조의 규정에 따른 일본산 6축 수직다관절형 산업용 로봇에 대한 덤핑방지관세의 부과에 관한 규칙,11832075,2,[별표 2] 덤핑방지관세율(제4조관련),89459433,89459431,data/raw/annexes/92840_11832075.pdf,334
74088,20060530,관세법 제51조에 따른 중국산 도자기질 타일에 대한 덤핑방지관세의 부과에 관한 규칙,1472630,,[별표 ] 덤핑방지관세율[제4조관련],,4790765,data/raw/annexes/74088_1472630.hwp,1925
75857,20061020,관세법 제51조에 따른 중국·대만 및 말레이시아산 폴리에스테르 장섬유 연신가공사에 대한 덤핑방지관세의 부과에 관한 규칙,7951754,,[별표 ] 덤핑방지관세율[제4조관련],40977558,40977556,data/raw/annexes/75857_7951754.pdf,904
76309,20061212,관세법 제51조에 따른 중국·싱가포르 및 미국산 폴리비닐알코올에 대한 덤핑방지관세의 부과에 관한 규칙,7951755,,[별표 ] 덤핑방지관세율[제4조관련],40977638,40977636,data/raw/annexes/76309_7951755.pdf,527
81110,20071029,관세법 제51조의 규정에 의한 일본·인도 및 스페인산 스테인레스 스틸바에 대한 덤핑방지관세부과에 관한 규칙,7939720,,[별표 ] 덤핑방지관세부과대상에서제외되는물품[제2조단서관련],40673759,40673757,data/raw/annexes/81110_7939720.pdf,1362
82859,20080131,관세법 제51조에 따른 중국산 차아황산소다에 대한 덤핑방지관세부과에 관한 규칙,7925523,,[별표 ] 덤핑방지관세율(제4조 관련),40287928,40287926,data/raw/annexes/82859_7925523.pdf,350
86812,20080417,관세법 제51조에 따른 중국산 플로트판유리에 대한 덤핑방지관세 부과에 관한 규칙,1472600,,[별표 ] 덤핑방지관세율(제4조 관련),,4789985,data/raw/annexes/86812_1472600.hwp,1506
87059,20080516,관세법 제51조에 따른 중국산 과산화벤조일에 대한 덤핑방지관세 부과에 관한 규칙,1472598,,[별표 ] 덤핑방지관세율(제4조 관련),,4789903,data/raw/annexes/87059_1472598.hwp,341
88551,20080825,관세법 제51조에 따른 중국산 아나타제형 이산화티타늄에 대한 덤핑방지관세 부과에 관한 규칙,1472599,,[별표 ] 덤핑방지관세율(제4조 관련),,4789961,data/raw/annexes/88551_1472599.hwp,516
88552,20080825,관세법 제51조에 따른 중국·일본 및 싱가포르산 초산에틸에 대한 덤핑방지관세 부과에 관한 규칙,1472597,,[별표 ] 덤핑방지관세율(제4조 관련),,4789805,data/raw/annexes/88552_1472597.hwp,420
89449,20081027,중국 및 인도산 폴리에틸렌 테레프탈레이트(PET) 필름에 대한 덤핑방지관세의 부과에 관한 규칙,4135981,1,[별표 1] 덤핑방지관세 부과대상 제외물품(제2조 관련),,9855095,data/raw/annexes/89449_4135981.hwp,731
89449,20081027,중국 및 인도산 폴리에틸렌 테레프탈레이트(PET) 필름에 대한 덤핑방지관세의 부과에 관한 규칙,4135982,2,[별표 2] 덤핑방지관세율(제4조 관련),,9855097,data/raw/annexes/89449_4135982.hwp,757
89450,20081027,러시아·미국·인도네시아·중국 및 캐나다산 크라프트지에 대한 덤핑방지관세 부과에 관한 규칙,4063210,,[별표 ] 덤핑방지관세율(제4조 관련),,9467475,data/raw/annexes/89450_4063210.hwp,513
90269,20081223,중국산 도자기질 타일에 대한 덤핑방지관세의 부과에 관한 규칙,7951662,,[별표 ] 덤핑방지관세율(제4조 관련),40975934,40975932,data/raw/annexes/90269_7951662.pdf,1922
91263,20090121,대만 및 중국산 폴리에스터 장섬유 부분연신사에 대한 덤핑방지관세의 부과에 관한 규칙,1472601,,[별표 ] 덤핑방지관세율(제4조 관련),,4790071,data/raw/annexes/91263_1472601.hwp,881
102418,20100129,미국ㆍ인도ㆍ중국 및 캐나다산 염화콜린에 대한 덤핑방지관세 부과에 관한 규칙,4909651,,[별표 ] 덤핑방지관세율(제4조 관련),,14678680,data/raw/annexes/102418_4909651.hwp,646
102831,20100224,일본ㆍ인도 및 스페인산 스테인리스 스틸바에 대한 덤핑방지관세 부과에 관한 규칙,4909678,1,[별표 1] 덤핑방지관세 부과대상에서 제외되는 물품(제2조 단서 관련),,14678694,data/raw/annexes/102831_4909678.hwp,1235
102831,20100224,일본ㆍ인도 및 스페인산 스테인리스 스틸바에 대한 덤핑방지관세 부과에 관한 규칙,4909653,2,[별표 2] 덤핑방지관세율(제4조 관련),,14678701,data/raw/annexes/102831_4909653.hwp,289
105272,20100518,중국·대만 및 말레이시아산 폴리에스테르 장섬유 연신가공사에 대한 덤핑방지관세 부과에 관한 규칙,9432759,1,[별표 1] 덤핑방지관세 부과대상에서 제외되는 물품(제2조 단서 관련),64128855,64128851,data/raw/annexes/105272_9432759.pdf,1794
105272,20100518,중국·대만 및 말레이시아산 폴리에스테르 장섬유 연신가공사에 대한 덤핑방지관세 부과에 관한 규칙,9432761,2,[별표 2] 덤핑방지관세율(제4조 관련),64128879,64128875,data/raw/annexes/105272_9432761.pdf,1088
107054,20100806,중국산 차아황산소다에 대한 덤핑방지관세 부과에 관한 규칙,4914193,,[별표 ] 덤핑방지관세율(제4조 관련),,14706482,data/raw/annexes/107054_4914193.hwp,340
110423,20110201,말레이시아산 합판에 대한 덤핑방지관세 부과에 관한 규칙,9432767,,[별표 ] 덤핑방지관세율(제4조 관련),64128951,64128947,data/raw/annexes/110423_9432767.pdf,724
112623,20110421,일본산 스테인리스스틸 후판에 대한 덤핑방지관세 부과에 관한 규칙,4668457,,[별표 ] 덤핑방지관세 부과대상에서 제외되는 물품(제2조 각 호 외의 부분 단서 관련),,13168327,data/raw/annexes/112623_4668457.hwp,1580
113643,20110524,중국산 플로트판유리에 대한 덤핑방지관세 부과에 관한 규칙,4909694,1,[별표 1] 덤핑방지관세율(제4조 관련),,14678744,data/raw/annexes/113643_4909694.hwp,1853
115142,20110720,중국산 도자기질 타일에 대한 덤핑방지관세 부과에 관한 규칙,7951663,,[별표 ] 덤핑방지관세율(제4조 관련),40975966,40975964,data/raw/annexes/115142_7951663.pdf,3684
124202,20120327,중국ㆍ일본 및 싱가포르산 초산에틸에 대한 덤핑방지관세 부과에 관한 규칙,4909652,,[별표 ] 덤핑방지관세율(제4조 관련),,14678686,data/raw/annexes/124202_4909652.hwp,763
124626,20120410,러시아ㆍ미국ㆍ인도네시아ㆍ중국 및 캐나다산 크라프트지에 대한 덤핑방지관세 부과에 관한 규칙,4915142,,[별표 ] 덤핑방지관세율(제4조 관련),,14711308,data/raw/annexes/124626_4915142.hwp,519
125704,20120525,중국 및 인도산 폴리에틸렌 테레프탈레이트(PET) 필름에 대한 덤핑방지관세 부과에 관한 규칙,4909682,1,[별표 1] 덤핑방지관세 부과대상에서 제외되는 물품(제2조 단서 관련),,14678787,data/raw/annexes/125704_4909682.hwp,750
125704,20120525,중국 및 인도산 폴리에틸렌 테레프탈레이트(PET) 필름에 대한 덤핑방지관세 부과에 관한 규칙,4909683,2,[별표 2] 덤핑방지관세율(제4조 관련),,14678791,data/raw/annexes/125704_4909683.hwp,884
127284,20120725,대만 및 중국산 폴리에스테르 장섬유 부분연신사에 대한 덤핑방지관세 부과에 관한 규칙,4909750,,[별표 ] 덤핑방지관세율(제4조 관련),,14678963,data/raw/annexes/127284_4909750.hwp,282
131442,20130103,일본산 알루미늄 보틀캔에 대한 덤핑방지관세 부과에 관한 규칙,4909758,,[별표 ] 덤핑방지관세율(제4조 관련),,14679550,data/raw/annexes/131442_4909758.hwp,245
132924,20130228,일본산 스테인리스스틸 후판에 대한 덤핑방지관세 부과에 관한 규칙,4909820,,[별표 ] 덤핑방지관세 부과대상에서 제외되는 물품(제2조 각 호 외의 부분 단서 관련),,14679836,data/raw/annexes/132924_4909820.hwp,1613
143223,20130822,미국ㆍ인도ㆍ중국 및 캐나다산 염화콜린에 대한 덤핑방지관세 부과에 관한 규칙,4930007,,[별표 ] 덤핑방지관세율(제4조 관련),,14872073,data/raw/annexes/143223_4930007.hwp,132
144762,20131001,일본ㆍ인도 및 스페인산 스테인리스 스틸바에 대한 덤핑방지관세 부과에 관한 규칙,4975834,1,[별표 1] 덤핑방지관세 부과대상에서 제외되는 물품(제2조 단서 관련),,15170516,data/raw/annexes/144762_4975834.hwp,2083
144762,20131001,일본ㆍ인도 및 스페인산 스테인리스 스틸바에 대한 덤핑방지관세 부과에 관한 규칙,4975835,2,[별표 2] 덤핑방지관세율(제4조 관련),,15170518,data/raw/annexes/144762_4975835.hwp,291
145362,20131018,중국산 합판에 대한 덤핑방지관세 부과에 관한 규칙,5036094,,[별표 ] 덤핑방지관세율(제4조 관련),,15552943,data/raw/annexes/145362_5036094.hwp,613
148203,20131220,중국ㆍ대만 및 말레이시아산 폴리에스테르 장섬유 연신가공사에 대한 덤핑방지관세 부과에 관한 규칙,5073506,1,[별표 1] 덤핑방지관세 부과대상에서 제외되는 물품(제2조 단서 관련),,15797513,data/raw/annexes/148203_5073506.hwp,1917
148203,20131220,중국ㆍ대만 및 말레이시아산 폴리에스테르 장섬유 연신가공사에 대한 덤핑방지관세 부과에 관한 규칙,5073507,2,[별표 2] 덤핑방지관세율(제4조 관련),,15797535,data/raw/annexes/148203_5073507.hwp,778
148222,20131220,중국ㆍ인도네시아 및 태국산 폴리프로필렌 연신필름에 대한 덤핑방지관세 부과에 관한 규칙,5075438,,[별표 ] 덤핑방지관세율(제4조 관련),,15812574,data/raw/annexes/148222_5075438.hwp,1698
159442,20140905,말레이시아산 합판에 대한 덤핑방지관세 부과에 관한 규칙,5494964,,[별표 ] 덤핑방지관세율(제4조 관련),,18153862,data/raw/annexes/159442_5494964.hwp,679
161602,20141027,중국산 합판에 대한 덤핑방지관세 부과에 관한 규칙,5538454,,[별표 ] 덤핑방지관세율(제4조 관련),,18410015,data/raw/annexes/161602_5538454.hwp,745
166210,20141230,미국ㆍ말레이시아ㆍ태국 및 일본산 에탄올아민에 대한 덤핑방지관세 부과에 관한 규칙,5679165,,[별표 ] 덤핑방지관세율(제4조 관련),,19159270,data/raw/annexes/166210_5679165.hwp,423
167172,20150107,중국산 플로트판유리에 대한 덤핑방지관세 부과에 관한 규칙,5701710,,[별표 ] 덤핑방지관세율(제4조 관련),,19277874,data/raw/annexes/167172_5701710.hwp,1907
168805,20150225,중국산 도자기질 타일에 대한 덤핑방지관세 부과에 관한 규칙,5749834,,[별표 ] 덤핑방지관세율(제4조 관련),,19638308,data/raw/annexes/168805_5749834.hwp,5456
173666,20150730,중국산 에이치(H) 형강에 대한 덤핑방지관세의 부과에 관한 규칙,5956909,1,[별표 1] 부과대상 공급자에서 제외되는 공급자(제3조제2항 관련),,20998561,data/raw/annexes/173666_5956909.hwp,1484
173666,20150730,중국산 에이치(H) 형강에 대한 덤핑방지관세의 부과에 관한 규칙,5956910,2,[별표 2] 덤핑방지관세율(제4조 관련),,20998563,data/raw/annexes/173666_5956910.hwp,251
174288,20150819,일본산 공기압 전송용 밸브에 대한 덤핑방지관세의 부과에 관한 규칙,5980100,1,[별표 1] 덤핑방지관세 부과제외 물품(제2조 관련),,21164153,data/raw/annexes/174288_5980100.hwp,8443
174288,20150819,일본산 공기압 전송용 밸브에 대한 덤핑방지관세의 부과에 관한 규칙,5980101,2,[별표 2] 덤핑방지관세율(제4조 관련),,21164198,data/raw/annexes/174288_5980101.hwp,365
176516,20151119,인도산 초산에틸에 대한 덤핑방지관세의 부과에 관한 규칙,6143499,,[별표 ] 덤핑방지관세율(제4조 관련),,22320549,data/raw/annexes/176516_6143499.hwp,573
176517,20151119,중국ㆍ일본 및 싱가포르산 초산에틸에 대한 덤핑방지관세의 부과에 관한 규칙,6143729,,[별표 ] 덤핑방지관세율(제4조 관련),,22321336,data/raw/annexes/176517_6143729.hwp,1061
179513,20160113,중국 및 인도산 폴리에틸렌 테레프탈레이트(PET) 필름에 대한 덤핑방지관세의 부과에 관한 규칙,6253971,1,[별표 1] 덤핑방지관세 부과 대상에서 제외되는 물품(제2조 단서 관련),,23314339,data/raw/annexes/179513_6253971.hwp,790
179513,20160113,중국 및 인도산 폴리에틸렌 테레프탈레이트(PET) 필름에 대한 덤핑방지관세의 부과에 관한 규칙,6253958,2,[별표 2] 덤핑방지관세율(제4조 관련),,23314341,data/raw/annexes/179513_6253958.hwp,884
181758,20160311,중국산 침엽수 합판에 대한 덤핑방지관세의 부과에 관한 규칙,6334546,,[별표 ] 덤핑방지관세율(제4조 관련),,24034976,data/raw/annexes/181758_6334546.hwp,623
188214,20161206,미국 및 프랑스산 부틸글리콜에테르에 대한 덤핑방지관세의 부과에 관한 규칙,6669180,,[별표 ] 덤핑방지관세율(제4조 관련),27638837,27638828,data/raw/annexes/188214_6669180.pdf,338
188215,20161206,일본산 스테인리스스틸 후판에 대한 덤핑방지관세의 부과에 관한 규칙,6669179,,[별표 ] 덤핑방지관세 부과대상에서 제외되는 물품(제2조 각 호 외의 부분 단서 관련),27638825,27638813,data/raw/annexes/188215_6669179.pdf,3923
190813,20170102,중국산 에이치(H) 형강에 대한 덤핑방지관세의 부과에 관한 규칙,6739718,1,[별표 1] 부과대상 공급자에서 제외되는 공급자(제3조제2항 관련),28286112,28286089,data/raw/annexes/190813_6739718.pdf,1437
190813,20170102,중국산 에이치(H) 형강에 대한 덤핑방지관세의 부과에 관한 규칙,6739719,2,[별표 2] 덤핑방지관세율(제4조 관련),28286094,28286093,data/raw/annexes/190813_6739719.pdf,246
193755,20170508,중국산 합판에 대한 덤핑방지관세 부과에 관한 규칙,6908253,,[별표 ] 덤핑방지관세율(제4조 관련),29790518,29790510,data/raw/annexes/193755_6908253.pdf,893
193758,20170508,말레이시아산 합판에 대한 덤핑방지관세 부과에 관한 규칙,6908486,,[별표 ] 덤핑방지관세율(제4조 관련),29791483,29791475,data/raw/annexes/193758_6908486.pdf,696
194114,20170602,일본ㆍ인도 및 스페인산 스테인리스 스틸바에 대한 덤핑방지관세 부과에 관한 규칙,6930677,1,[별표 1] 덤핑방지관세 부과대상에서 제외되는 물품(제2조 단서 관련),29990085,29990072,data/raw/annexes/194114_6930677.pdf,2168
194114,20170602,일본ㆍ인도 및 스페인산 스테인리스 스틸바에 대한 덤핑방지관세 부과에 관한 규칙,6930678,2,[별표 2] 덤핑방지관세율(제4조 관련),29990087,29990075,data/raw/annexes/194114_6930678.pdf,276
194894,20170719,중국산 에이치(H) 형강에 대한 덤핑방지관세의 부과에 관한 규칙,6985095,1,[별표 1] 부과대상 공급자에서 제외되는 공급자(제3조제2항 관련),30465990,30465969,data/raw/annexes/194894_6985095.pdf,1519
194894,20170719,중국산 에이치(H) 형강에 대한 덤핑방지관세의 부과에 관한 규칙,6985096,2,[별표 2] 덤핑방지관세율(제4조 관련),30465991,30465974,data/raw/annexes/194894_6985096.pdf,246
197393,20170907,중국산 인쇄제판용 평면 모양 사진플레이트에 대한 덤핑방지관세 부과에 관한 규칙,7054000,,[별표 ] 덤핑방지관세율(제4조 관련),31123454,31123446,data/raw/annexes/197393_7054000.pdf,547
199294,20171129,베트남ㆍ우크라이나 및 인도산 페로실리코망간에 대한 덤핑방지관세 부과에 관한 규칙,7228870,,[별표 ] 덤핑방지관세율(제4조 관련),32345654,32345645,data/raw/annexes/199294_7228870.pdf,675
203449,20180430,대만ㆍ태국 및 아랍에미리트연합산 폴리에틸렌 테레프탈레이트 필름에 대한 덤핑방지관세 부과에 관한 규칙,7460793,,[별표 ] 덤핑방지관세율(제4조 관련),34359735,34359726,data/raw/annexes/203449_7460793.pdf,522
204117,20180722,일본ㆍ중국 및 핀란드산 도공(Coated) 인쇄용지에 대한 덤핑방지관세 부과에 관한 규칙,7712376,,[별표 ] 덤핑방지관세율(제4조 관련),36009398,36009380,data/raw/annexes/204117_7712376.pdf,698
204243,20180814,중국산 아연도금철선에 대한 덤핑방지관세 부과에 관한 규칙,7712490,,[별표 ] 덤핑방지관세율(제4조 관련),36010970,36010828,data/raw/annexes/204243_7712490.pdf,540
204304,20180831,미국ㆍ말레이시아ㆍ태국 및 일본산 에탄올아민에 대한 덤핑방지관세 부과에 관한 규칙,7714469,,[별표 ] 덤핑방지관세율(제4조 관련),36056837,36056835,data/raw/annexes/204304_7714469.pdf,694
204305,20180831,중국산 플로트판유리에 대한 덤핑방지관세 부과에 관한 규칙,7718019,,[별표 ] 덤핑방지관세율(제4조 관련),36131281,36131279,data/raw/annexes/204305_7718019.pdf,1321
204869,20181015,중국산 도자기질 타일에 대한 덤핑방지관세 부과에 관한 규칙,7785698,,[별표 ] 덤핑방지관세율(제4조 관련),37169490,37169488,data/raw/annexes/204869_7785698.pdf,5378
205206,20181121,중국산 에이치(H) 형강에 대한 덤핑방지관세의 부과에 관한 규칙,7853935,1,[별표 1] 부과대상 공급자에서 제외되는 공급자(제3조제2항 관련),38503069,38503067,data/raw/annexes/205206_7853935.pdf,1484
205206,20181121,중국산 에이치(H) 형강에 대한 덤핑방지관세의 부과에 관한 규칙,7853936,2,[별표 2] 덤핑방지관세율(제4조 관련),38503079,38503077,data/raw/annexes/205206_7853936.pdf,246
208698,20190516,대만 및 이탈리아산 스테인리스 스틸바에 대한 덤핑방지관세 부과에 관한 규칙,8008767,,[별표 ] 덤핑방지관세율(제4조 관련),42109978,42109976,data/raw/annexes/208698_8008767.pdf,430
209927,20190709,인도산 초산에틸에 대한 덤핑방지관세 부과에 관한 규칙,8065141,,[별표 ] 덤핑방지관세율(제4조 관련),43330865,43330863,data/raw/annexes/209927_8065141.pdf,569
209928,20190709,중국ㆍ일본 및 싱가포르산 초산에틸에 대한 덤핑방지관세 부과에 관한 규칙,8065142,,[별표 ] 덤핑방지관세율(제4조 관련),43330891,43330889,data/raw/annexes/209928_8065142.pdf,726
210389,20190823,중국ㆍ인도네시아 및 태국산 폴리프로필렌 연신필름에 대한 덤핑방지관세 부과에 관한 규칙,8162268,1,[별표 1] 덤핑방지관세 부과대상에서 제외되는 물품(제2조 단서 관련),44845280,44845278,data/raw/annexes/210389_8162268.pdf,345
210389,20190823,중국ㆍ인도네시아 및 태국산 폴리프로필렌 연신필름에 대한 덤핑방지관세 부과에 관한 규칙,8162269,2,[별표 2] 덤핑방지관세율(제4조 관련),44845286,44845284,data/raw/annexes/210389_8162269.pdf,1884
210493,20190911,중국 및 인도산 폴리에틸렌 테레프탈레이트(PET)필름에 대한 덤핑방지관세 부과에 관한 규칙,8228585,1,[별표 1] 덤핑방지관세 부과대상에서 제외되는 물품(제2조 단서 관련),45812065,45812062,data/raw/annexes/210493_8228585.pdf,882
210493,20190911,중국 및 인도산 폴리에틸렌 테레프탈레이트(PET)필름에 대한 덤핑방지관세 부과에 관한 규칙,8228586,2,[별표 2] 덤핑방지관세율(제4조 관련),45812076,45812074,data/raw/annexes/210493_8228586.pdf,893
211765,20191125,중국산 에이치(H) 형강에 대한 덤핑방지관세의 부과에 관한 규칙,8621641,1,[별표 1] 부과대상 공급자에서 제외되는 공급자(제3조제2항 관련),50828047,50828043,data/raw/annexes/211765_8621641.pdf,1565
211765,20191125,중국산 에이치(H) 형강에 대한 덤핑방지관세의 부과에 관한 규칙,8621643,2,[별표 2] 덤핑방지관세율(제4조 관련),50828067,50828063,data/raw/annexes/211765_8621643.pdf,284
220087,20200714,일본산 스테인리스스틸 후판에 대한 덤핑방지관세 부과에 관한 규칙,9734667,,[별표 ] 덤핑방지관세 부과대상에서 제외되는 물품(제2조 각 호 외의 부분 단서 관련),70472483,70472479,data/raw/annexes/220087_9734667.pdf,4207
222783,20201106,말레이시아산 합판에 대한 덤핑방지관세 부과에 관한 규칙,10426345,,[별표 ] 덤핑방지관세율(제4조 관련),81800707,81800703,data/raw/annexes/222783_10426345.pdf,672
222785,20201106,중국산 합판에 대한 덤핑방지관세 부과에 관한 규칙,10426225,,[별표 ] 덤핑방지관세율(제4조 관련),81794315,81794311,data/raw/annexes/222785_10426225.pdf,900
222787,20201106,중국산 침엽수 합판에 대한 덤핑방지관세 부과에 관한 규칙,10426227,,[별표 ] 덤핑방지관세율(제4조 관련),81794979,81794975,data/raw/annexes/222787_10426227.pdf,702
222789,20201106,베트남산 합판에 대한 덤핑방지관세 부과에 관한 규칙,10433389,,[별표 ] 덤핑방지관세율(제4조 관련),81929861,81929857,data/raw/annexes/222789_10433389.pdf,610
228809,20210122,일본ㆍ인도 및 스페인산 스테인리스 스틸바에 대한 덤핑방지관세 부과에 관한 규칙,12334951,1,[별표 1] 덤핑방지관세 부과대상에서 제외되는 물품(제2조 각 호 외의 부분 단서 관련),94620409,94620405,data/raw/annexes/228809_12334951.pdf,2622
228809,20210122,일본ㆍ인도 및 스페인산 스테인리스 스틸바에 대한 덤핑방지관세 부과에 관한 규칙,12334953,2,[별표 2] 덤핑방지관세율(제4조 관련),94620425,94620421,data/raw/annexes/228809_12334953.pdf,329
230761,20210330,중국산 에이치(H) 형강에 대한 덤핑방지관세의 부과에 관한 규칙,12658357,1,[별표 1] 부과대상 공급자에서 제외되는 공급자(제3조제2항 본문 관련),98418105,98418103,data/raw/annexes/230761_12658357.pdf,672
230761,20210330,중국산 에이치(H) 형강에 대한 덤핑방지관세의 부과에 관한 규칙,12658359,2,[별표 2] 덤핑방지관세율(제4조 관련),98418111,98418109,data/raw/annexes/230761_12658359.pdf,634
232037,20210503,중국산 인쇄제판용 평면 모양 사진플레이트에 대한 덤핑방지관세 부과에 관한 규칙,12865303,,[별표 ] 덤핑방지관세율(제4조 관련),100860341,100860339,data/raw/annexes/232037_12865303.pdf,620
235485,20210915,중국ㆍ인도네시아 및 대만산 스테인리스강 평판압연에 대한 덤핑방지관세 부과에 관한 규칙,13742233,1,[별표 1] 덤핑방지관세 부과대상에서 제외되는 물품(제2조 단서 관련),107608239,107608237,data/raw/annexes/235485_13742233.pdf,1220
235485,20210915,중국ㆍ인도네시아 및 대만산 스테인리스강 평판압연에 대한 덤핑방지관세 부과에 관한 규칙,13742235,2,[별표 2] 부과대상 공급자에서 제외되는 공급자(제3조제2항 본문 관련),107608245,107608243,data/raw/annexes/235485_13742235.pdf,833
235485,20210915,중국ㆍ인도네시아 및 대만산 스테인리스강 평판압연에 대한 덤핑방지관세 부과에 관한 규칙,13742237,3,[별표 3] 덤핑방지관세율(제4조 관련),107608251,107608249,data/raw/annexes/235485_13742237.pdf,1018
238463,20211224,대만ㆍ태국 및 아랍에미리트연합산 폴리에틸렌 테레프탈레이트(PET) 필름에 대한 덤핑방지관세 부과에 관한 규칙,14106231,,[별표 ] 부과대상 물품의 공급자별 덤핑방지관세율(제3조 관련),110900505,110900503,data/raw/annexes/238463_14106231.pdf,667
239009,20220101,중국산 침엽수 합판에 대한 덤핑방지관세 부과에 관한 규칙,14132127,,[별표 ] 덤핑방지관세율(제4조 관련),111278565,111278563,data/raw/annexes/239009_14132127.pdf,702
239011,20220101,베트남산 합판에 대한 덤핑방지관세 부과에 관한 규칙,14132129,,[별표 ] 덤핑방지관세율(제4조 관련),111278613,111278611,data/raw/annexes/239011_14132129.pdf,610
239013,20220101,중국산 인쇄제판용 평면 모양 사진플레이트에 대한 덤핑방지관세 부과에 관한 규칙,14132131,,[별표 ] 덤핑방지관세율(제4조 관련),111278651,111278649,data/raw/annexes/239013_14132131.pdf,620
239055,20220101,일본ㆍ중국 및 핀란드산 도공(Coated) 인쇄용지에 대한 덤핑방지관세 부과에 관한 규칙,14132133,,[별표 ] 덤핑방지관세율(제4조 관련),111278691,111278689,data/raw/annexes/239055_14132133.pdf,769
239451,20220106,중국산 폴리에스테르 장섬유 완전연신사(FDY)에 대한 덤핑방지관세 부과에 관한 규칙,14163425,,[별표 ] 부과대상 물품의 공급자별 덤핑방지관세율(제3조 관련),111699313,111699311,data/raw/annexes/239451_14163425.pdf,1762
241733,20220408,중국산 플로트판유리에 대한 덤핑방지관세 부과에 관한 규칙,14467097,,[별표 ] 부과대상 물품의 공급자별 덤핑방지관세율(제3조 관련),114845201,114845199,data/raw/annexes/241733_14467097.pdf,2290
244019,20220726,미국 및 프랑스산 부틸글리콜에테르에 대한 덤핑방지관세 부과에 관한 규칙,14739933,,[별표 ] 부과대상 물품의 공급자별 덤핑방지관세율(제3조 관련),117770133,117770131,data/raw/annexes/244019_14739933.pdf,265
244531,20220905,사우디아라비아산 부틸글리콜에테르에 대한 덤핑방지관세 부과에 관한 규칙,14871579,,[별표 ] 부과대상 물품의 공급자별 덤핑방지관세율(제3조 관련),119305959,119305957,data/raw/annexes/244531_14871579.pdf,345
245053,20221025,중국산 더블레이어 인쇄제판용 평면 모양 사진플레이트에 대한 덤핑방지관세 부과에 관한 규칙,14956169,,[별표 ] 부과대상 물품의 공급자별 덤핑방지관세율(제3조 관련),120479335,120479333,data/raw/annexes/245053_14956169.pdf,1109
248381,20230227,중국ㆍ태국 및 인도네시아산 폴리아미드 필름에 대한 덤핑방지관세 부과에 관한 규칙,15287837,,[별표 ] 부과대상 물품의 공급자와 그 공급자별 덤핑방지관세율(제3조 관련),125537377,125537375,data/raw/annexes/248381_15287837.pdf,893
248439,20230302,중국ㆍ베트남산 이음매 없는 동관에 대한 덤핑방지관세 부과에 관한 규칙,15298043,1,[별표 1] 부과대상 물품의 공급자와 그 공급자별 덤핑방지관세율(제3조제1항 관련),125764039,125764037,data/raw/annexes/248439_15298043.pdf,1467
248439,20230302,중국ㆍ베트남산 이음매 없는 동관에 대한 덤핑방지관세 부과에 관한 규칙,15298045,2,[별표 2] 부과대상 공급자에서 제외되는 공급자(제3조제2항 본문 관련),125764047,125764045,data/raw/annexes/248439_15298045.pdf,1264
250607,20230428,중국 및 호주산 수산화알루미늄에 대한 덤핑방지관세 부과에 관한 규칙,15447797,1,[별표 1] 덤핑방지관세 부과대상에서 제외되는 물품(제2조 단서 관련),,127670879,data/raw/annexes/250607_15447797.hwp,337
250607,20230428,중국 및 호주산 수산화알루미늄에 대한 덤핑방지관세 부과에 관한 규칙,15447799,2,[별표 2] 부과대상 물품의 공급자별 덤핑방지관세율(제3조 관련),127670885,127670883,data/raw/annexes/250607_15447799.pdf,831
250717,20230508,중국 및 인도산 폴리에틸렌 테레프탈레이트(PET) 필름에 대한 덤핑방지관세 부과에 관한 규칙,15452875,1,[별표 1] 덤핑방지관세 부과대상에서 제외되는 물품(제2조 단서 관련),127831287,127831285,data/raw/annexes/250717_15452875.pdf,885
250717,20230508,중국 및 인도산 폴리에틸렌 테레프탈레이트(PET) 필름에 대한 덤핑방지관세 부과에 관한 규칙,15452877,2,[별표 2] 부과대상 물품의 공급자별 덤핑방지관세율(제3조 관련),127831293,127831291,data/raw/annexes/250717_15452877.pdf,1087
252977,20230721,베트남 및 인도산 페로실리코망간에 대한 덤핑방지관세 부과에 관한 규칙,15732051,,[별표 ] 부과대상 물품의 공급자별 덤핑방지관세율(제3조 관련),131517557,131517555,data/raw/annexes/252977_15732051.pdf,555
259379,20240124,중국 및 호주산 수산화알루미늄에 대한 덤핑방지관세 부과에 관한 규칙,16121367,1,[별표 1] 덤핑방지관세 부과대상에서 제외되는 물품(제2조 단서 관련),137243309,137243307,data/raw/annexes/259379_16121367.pdf,318
259379,20240124,중국 및 호주산 수산화알루미늄에 대한 덤핑방지관세 부과에 관한 규칙,16121369,2,[별표 2] 부과대상 물품의 공급자별 덤핑방지관세율(제3조 관련),137243315,137243313,data/raw/annexes/259379_16121369.pdf,969
261255,20240318,일본ㆍ중국 및 핀란드산 도공(Coated) 인쇄용지에 대한 덤핑방지관세 부과에 관한 규칙,16229381,,[별표 ] 부과대상 물품의 공급자별 덤핑방지관세율(제3조 관련),138725423,138725421,data/raw/annexes/261255_16229381.pdf,776
262217,20240430,이집트산 백색 시멘트에 대한 덤핑방지관세 부과에 관한 규칙,16367313,,[별표 ] 부과대상 물품의 공급자와 그 공급자별 덤핑방지관세율(제3조 관련),140250525,140250523,data/raw/annexes/262217_16367313.pdf,282
263781,20240702,중국산 침엽수 합판에 대한 덤핑방지관세 부과에 관한 규칙,16497295,,[별표 ] 부과대상 물품의 공급자별 덤핑방지관세율(제3조 관련),142050895,142050893,data/raw/annexes/263781_16497295.pdf,732
263783,20240702,중국산 합판에 대한 덤핑방지관세 부과에 관한 규칙,16497291,,[별표 ] 부과대상 물품의 공급자별 덤핑방지관세율(제3조 관련),142049195,142049193,data/raw/annexes/263783_16497291.pdf,955
263789,20240702,말레이시아산 합판에 대한 덤핑방지관세 부과에 관한 규칙,16497299,,[별표 ] 부과대상 물품의 공급자별 덤핑방지관세율(제3조 관련),142051043,142051041,data/raw/annexes/263789_16497299.pdf,699
263817,20240702,베트남산 합판에 대한 덤핑방지관세 부과에 관한 규칙,16494229,,[별표 ] 부과대상 물품의 공급자별 덤핑방지관세율(제3조 관련),142007383,142007381,data/raw/annexes/263817_16494229.pdf,792
266901,20241130,중국산 폴리(에틸렌 테레프탈레이트)에 대한 덤핑방지관세 부과에 관한 규칙,16771501,,[별표 ] 부과대상 물품의 공급자와 그 공급자별 덤핑방지관세율(제3조 관련),145875651,145875649,data/raw/annexes/266901_16771501.pdf,742
270953,20250425,중국ㆍ인도네시아 및 태국산 폴리프로필렌 연신필름에 대한 덤핑방지관세 부과에 관한 규칙,17176559,1,[별표 1] 덤핑방지관세 부과대상에서 제외되는 물품(제2조 단서 관련),151303193,151303191,data/raw/annexes/270953_17176559.pdf,351
270953,20250425,중국ㆍ인도네시아 및 태국산 폴리프로필렌 연신필름에 대한 덤핑방지관세 부과에 관한 규칙,17176561,2,[별표 2] 부과대상 물품의 공급자별 덤핑방지관세율(제3조 관련),151303199,151303197,data/raw/annexes/270953_17176561.pdf,1829
271185,20250516,중국ㆍ인도네시아 및 대만산 스테인리스강 평판압연에 대한 덤핑방지관세 부과에 관한 규칙,17235639,1,[별표 1] 덤핑방지관세 부과대상에서 제외되는 물품(제2조 단서 관련),151844243,151844241,data/raw/annexes/271185_17235639.pdf,1670
271185,20250516,중국ㆍ인도네시아 및 대만산 스테인리스강 평판압연에 대한 덤핑방지관세 부과에 관한 규칙,17235641,2,[별표 2] 부과대상 공급자에서 제외되는 공급자(제3조제2항 본문 관련),151844251,151844249,data/raw/annexes/271185_17235641.pdf,833
271185,20250516,중국ㆍ인도네시아 및 대만산 스테인리스강 평판압연에 대한 덤핑방지관세 부과에 관한 규칙,17235643,3,[별표 3] 부과대상 물품의 공급자별 덤핑방지관세율(제4조 관련),151844257,151844255,data/raw/annexes/271185_17235643.pdf,1030
272835,20250711,베트남산 스테인리스강 냉간압연에 대한 덤핑방지관세 부과에 관한 규칙,17427723,,[별표 ] 부과대상 물품의 공급자와 그 공급자별 덤핑방지관세율(제3조 관련),154317857,154317855,data/raw/annexes/272835_17427723.pdf,499
273137,20250801,중국 및 대만산 석유수지에 대한 덤핑방지관세 부과에 관한 규칙,17466527,,[별표 ] 부과대상 물품의 공급자와 그 공급자별 덤핑방지관세율(제3조 관련),154962171,154962169,data/raw/annexes/273137_17466527.pdf,1141
273633,20250905,중국산 스테인리스강 후판에 대한 덤핑방지관세 부과에 관한 규칙,17584803,,[별표 ] 부과대상 물품의 공급자별 덤핑방지관세율(제3조 관련),156057655,156057653,data/raw/annexes/273633_17584803.pdf,324
279931,20251124,중국산 탄소강 및 그 밖의 합금강 열간압연 후판에 대한 덤핑방지관세 부과에 관한 규칙,17778783,1,[별표 1] 덤핑방지관세 부과대상에서 제외되는 물품(제2조 각 호 외의 부분 단서 관련),158460665,158460663,data/raw/annexes/279931_17778783.pdf,387
279931,20251124,중국산 탄소강 및 그 밖의 합금강 열간압연 후판에 대한 덤핑방지관세 부과에 관한 규칙,17778785,2,[별표 2] 부과대상 공급자에서 제외되는 공급자(제3조제2항 본문 관련),158460671,158460669,data/raw/annexes/279931_17778785.pdf,1742
279931,20251124,중국산 탄소강 및 그 밖의 합금강 열간압연 후판에 대한 덤핑방지관세 부과에 관한 규칙,17778787,3,[별표 3] 부과대상 물품의 공급자별 덤핑방지관세율(제4조 관련),158460679,158460677,data/raw/annexes/279931_17778787.pdf,1582
280249,20251205,태국산 파티클보드에 대한 덤핑방지관세 부과에 관한 규칙,17815811,,[별표 ] 부과대상 물품의 공급자와 그 공급자별 덤핑방지관세율(제3조 관련),158863351,158863349,data/raw/annexes/280249_17815811.pdf,533
280335,20251217,중국산 아이티온산나트륨(차아황산소다)에 대한 덤핑방지관세 부과에 관한 규칙,17832739,,[별표 ] 부과대상 물품의 공급자와 그 공급자별 덤핑방지관세율(제3조 관련),159247483,159247481,data/raw/annexes/280335_17832739.pdf,470
282685,20260102,중국ㆍ베트남산 이음매 없는 동관에 대한 덤핑방지관세 부과에 관한 규칙,17927975,1,[별표 1] 부과대상 물품의 공급자와 그 공급자별 덤핑방지관세율(제3조제1항 관련),160396111,160396109,data/raw/annexes/282685_17927975.pdf,1467
282685,20260102,중국ㆍ베트남산 이음매 없는 동관에 대한 덤핑방지관세 부과에 관한 규칙,17927977,2,[별표 2] 부과대상 공급자에서 제외되는 공급자(제3조제2항 본문 관련),160396119,160396117,data/raw/annexes/282685_17927977.pdf,1264
282687,20260102,중국산 에이치(H) 형강에 대한 덤핑방지관세의 부과에 관한 규칙,17927979,1,[별표 1] 부과대상 공급자에서 제외되는 공급자(제3조제2항 본문 관련),160396151,160396149,data/raw/annexes/282687_17927979.pdf,672
282687,20260102,중국산 에이치(H) 형강에 대한 덤핑방지관세의 부과에 관한 규칙,17927981,2,[별표 2] 덤핑방지관세율(제4조 관련),160396157,160396155,data/raw/annexes/282687_17927981.pdf,634
282689,20260102,중국산 탄소강 및 그 밖의 합금강 열간압연 후판에 대한 덤핑방지관세 부과에 관한 규칙,17927983,1,[별표 1] 덤핑방지관세 부과대상에서 제외되는 물품(제2조 각 호 외의 부분 단서 관련),160396189,160396187,data/raw/annexes/282689_17927983.pdf,387
282689,20260102,중국산 탄소강 및 그 밖의 합금강 열간압연 후판에 대한 덤핑방지관세 부과에 관한 규칙,17927985,2,[별표 2] 부과대상 공급자에서 제외되는 공급자(제3조제2항 본문 관련),160396195,160396193,data/raw/annexes/282689_17927985.pdf,1742
282689,20260102,중국산 탄소강 및 그 밖의 합금강 열간압연 후판에 대한 덤핑방지관세 부과에 관한 규칙,17927987,3,[별표 3] 부과대상 물품의 공급자별 덤핑방지관세율(제4조 관련),160396203,160396201,data/raw/annexes/282689_17927987.pdf,1582
282691,20260102,중국ㆍ인도네시아 및 대만산 스테인리스강 평판압연에 대한 덤핑방지관세 부과에 관한 규칙,17927989,1,[별표 1] 덤핑방지관세 부과대상에서 제외되는 물품(제2조 단서 관련),160396237,160396235,data/raw/annexes/282691_17927989.pdf,1670
282691,20260102,중국ㆍ인도네시아 및 대만산 스테인리스강 평판압연에 대한 덤핑방지관세 부과에 관한 규칙,17927991,2,[별표 2] 부과대상 공급자에서 제외되는 공급자(제3조제2항 본문 관련),160396245,160396243,data/raw/annexes/282691_17927991.pdf,833
282691,20260102,중국ㆍ인도네시아 및 대만산 스테인리스강 평판압연에 대한 덤핑방지관세 부과에 관한 규칙,17927993,3,[별표 3] 부과대상 물품의 공급자별 덤핑방지관세율(제4조 관련),160396251,160396249,data/raw/annexes/282691_17927993.pdf,1030
283817,20260227,중국 및 인도산 폴리에틸렌 테레프탈레이트(PET) 필름에 대한 덤핑방지관세 부과에 관한 규칙,17995303,1,[별표 1] 덤핑방지관세 부과대상에서 제외되는 물품(제2조 단서 관련),161992659,161992417,data/raw/annexes/283817_17995303.pdf,885
283817,20260227,중국 및 인도산 폴리에틸렌 테레프탈레이트(PET) 필름에 대한 덤핑방지관세 부과에 관한 규칙,17995305,2,[별표 2] 부과대상 물품의 공급자별 덤핑방지관세율(제3조 관련),161992665,161992663,data/raw/annexes/283817_17995305.pdf,1226
284971,20260319,중국산 단일모드 광섬유에 대한 덤핑방지관세 부과에 관한 규칙,18020225,,[별표 ] 부과대상 물품의 공급자와 그 공급자별 덤핑방지관세율(제3조 관련),162485959,162485957,data/raw/annexes/284971_18020225.pdf,387
285853,20260507,태국산 섬유판에 대한 덤핑방지관세 부과에 관한 규칙,18130585,,[별표 ] 부과대상 물품의 공급자와 그 공급자별 덤핑방지관세율(제3조 관련),164038841,164038839,data/raw/annexes/285853_18130585.pdf,374
286195,20260515,사우디아라비아산 부틸글리콜에테르에 대한 덤핑방지관세 부과에 관한 규칙,18138775,,[별표 ] 부과대상 물품의 공급자별 덤핑방지관세율(제3조 관련),164213795,164213793,data/raw/annexes/286195_18138775.pdf,344
286205,20260521,일본 및 중국산 4축 이상 수직다관절형 산업용 로봇에 대한 덤핑방지관세 부과에 관한 규칙,18149823,1,[별표 1] 덤핑방지관세 부과대상에서 제외되는 물품(제2조 관련),164347335,164347333,data/raw/annexes/286205_18149823.pdf,530
286205,20260521,일본 및 중국산 4축 이상 수직다관절형 산업용 로봇에 대한 덤핑방지관세 부과에 관한 규칙,18149825,2,[별표 2] 부과대상 물품의 공급자와 그 공급자별 덤핑방지관세율(제3조 관련),164347381,164347379,data/raw/annexes/286205_18149825.pdf,764
287461,20260623,일본 및 중국산 탄소강 및 그 밖의 합금강 열간압연 제품에 대한 덤핑방지관세 부과에 관한 규칙,18209989,1,[별표 1] 덤핑방지관세 부과대상에서 제외되는 물품(제2조 각 호 외의 부분 단서 관련),166001247,166001245,data/raw/annexes/287461_18209989.pdf,1003
287461,20260623,일본 및 중국산 탄소강 및 그 밖의 합금강 열간압연 제품에 대한 덤핑방지관세 부과에 관한 규칙,18209991,2,[별표 2] 부과대상 공급자에서 제외되는 공급자(제3조제2항 본문 관련),166001253,166001251,data/raw/annexes/287461_18209991.pdf,2130
287461,20260623,일본 및 중국산 탄소강 및 그 밖의 합금강 열간압연 제품에 대한 덤핑방지관세 부과에 관한 규칙,18209993,3,[별표 3] 부과대상 물품의 공급자별 덤핑방지관세율(제4조 관련),166001821,166001819,data/raw/annexes/287461_18209993.pdf,1809
288631,20260805,독일ㆍ프랑스ㆍ노르웨이 및 스웨덴산 폴리염화비닐 페이스트 수지에 대한 덤핑방지관세 부과에 관한 규칙,18347525,,[별표 ] 부과대상 물품의 공급자와 그 공급자별 덤핑방지관세율(제3조 관련),167813623,167813621,data/raw/annexes/288631_18347525.pdf,489
289823,20260911,태국산 이음매 없는 동관에 대한 덤핑방지관세 부과에 관한 규칙,18454627,,[별표 ] 부과대상 물품의 공급자와 그 공급자별 덤핑방지관세율(제3조 관련),169197709,169197707,data/raw/annexes/289823_18454627.pdf,381
