lsi_seq,ef_yd,name,kind,promulgation_no,promulgation_date,effective_date,revision_type,ministry
11150,19910930,관세법제10조의규정에의한폴리아세탈수지에대한덤핑방지관세의부과에관한규정,대통령령,제13467호,1991-09-14,1991-09-30,제정,
11149,19930220,관세법제10조의규정에의한정제인산에대한덤핑방지관세의부과에관한규정,대통령령,제13846호,1993-02-20,1993-02-20,제정,
11144,19930401,관세법제10조의규정에의한볼베어링에대한덤핑방지관세의부과에관한규정,대통령령,제13873호,1993-04-01,1993-04-01,제정,
11146,19931231,관세법제10조의규정에의한소다회에대한덤핑방지관세의부과에관한규정,대통령령,제14047호,1993-12-31,1993-12-31,제정,
11147,19931231,관세법제10조의규정에의한인쇄제판용평면상사진플레이트에대한덤핑방지관세의부과에관한규정,대통령령,제14046호,1993-12-31,1993-12-31,제정,
38849,19940809,관세법제10조의규정에의한유리장섬유에대한덤핑방지관세부과에관한규칙,재무부령,제1997호,1994-08-09,1994-08-09,제정,
11145,19950304,관세법제10조의규정에의한볼베어링에대한덤핑방지관세의부과에관한규정,대통령령,제14545호,1995-03-04,1995-03-04,폐지,
37124,19960229,관세법제10조의규정에의한중국산정제인산에대한덤핑방지관세의부과에관한규칙,총리령,제549호,1996-02-29,1996-02-29,제정,
38850,19960229,관세법제10조의규정에의한유리장섬유에대한덤핑방지관세의부과에관한규칙,총리령,제550호,1996-02-29,1996-02-29,전부개정,
38846,19961031,관세법제10조의규정에의한미국산에탄올아민에대한덤핑방지관세부과에관한규칙,총리령,제589호,1996-10-31,1996-10-31,제정,
11148,19961203,관세법제10조의규정에의한인쇄제판용평면상사진플레이트에대한덤핑방지관세의부과에관한규정,대통령령,제15175호,1996-12-03,1996-12-03,폐지,
38845,19961203,관세법제10조의규정에의한미국및중국산염화콜린에대한덤핑방지관세부과에관한규칙,총리령,제594호,1996-12-03,1996-12-03,제정,
38851,19961203,관세법제10조의규정에의한인쇄제판용평면상사진플레이트에대한덤핑방지관세부과에관한규칙,총리령,제593호,1996-12-03,1996-12-03,제정,
38853,19961219,관세법제10조의규정에의한일본산및미국산리튬1차전지에대한덤핑방지관세부과에관한규칙,총리령,제596호,1996-12-19,1996-12-19,제정,
37123,19970517,관세법제10조의규정에의한중국산소다회에대한덤핑방지관세부과에관한규칙,총리령,제637호,1997-05-17,1997-05-17,제정,
38847,19970517,관세법제10조의규정에의한불가리아산및러시아산소다회에대한덤핑방지관세부과에관한규칙,총리령,제638호,1997-05-17,1997-05-17,제정,
38852,19970517,관세법제10조의규정에의한일본산·독일산·네덜란드산및중국산남성용전기면도기에대한덤핑방지관세부과에관한규칙,총리령,제639호,1997-05-17,1997-05-17,제정,
38842,19970802,관세법제10조의규정에의한러시아산H형강에대한덤핑방지관세부과에관한규칙,총리령,제650호,1997-08-02,1997-08-02,제정,
57586,19971108,관세법제10조의규정에의한중국산포켓형라이터에대한덤핑방지관세부과에관한규칙,총리령,제658호,1997-11-08,1997-11-08,제정,
38843,19980117,관세법제10조의규정에의한말레이지아산중질섬유판에대한덤핑방지관세부과에관한규칙,총리령,제678호,1998-01-17,1998-01-17,제정,
38841,19980310,관세법제10조의규정에의한독일산및영국산셀프복사지에대한덤핑방지관세부과에관한규칙,재정경제부령,제8호,1998-03-10,1998-03-10,제정,
38848,19980806,관세법제10조의규정에의한싱가폴·중국및프랑스산가정용전기다리미에대한덤핑방지관세부과에관한규칙,재정경제부령,제36호,1998-08-06,1998-08-06,제정,
38856,19980820,관세법제10조의규정에의한일본산폴리비닐알콜에대한덤핑방지관세부과에관한규칙,재정경제부령,제40호,1998-08-20,1998-08-20,제정,
37125,19980824,관세법제10조의규정에의한중국산페로실리코망간에대한덤핑방지관세부과에관한규칙,재정경제부령,제42호,1998-08-24,1998-08-24,제정,
38854,19990107,관세법제10조의규정에의한일본산인쇄제판용평면상사진플레이트에대한덤핑방지관세부과에관한규칙,재정경제부령,제62호,1999-01-07,1999-01-07,제정,
38844,19990621,관세법제10조의규정에의한미국·일본및대만산유리장섬유에대한덤핑방지관세부과에관한규칙,재정경제부령,제95호,1999-06-21,1999-06-21,제정,
37126,19991201,관세법제10조의규정에의한중국산포켓형라이터에대한덤핑방지관세부과에관한규칙,재정경제부령,제110호,1999-12-01,1999-12-01,일부개정,
38855,20000801,관세법제10조의규정에의한일본산인쇄제판용평면상사진플레이트에대한덤핑방지관세부과에관한규칙,재정경제부령,제157호,2000-08-01,2000-08-01,일부개정,
37122,20001012,관세법제10조의규정에의한중국및일본산알칼리망간건전지에대한덤핑방지관세부과에관한규칙,재정경제부령,제166호,2000-10-12,2000-10-12,제정,
23026,20001204,관세법제10조의규정에의한중국산소다회에대한덤핑방지관세부과에관한규칙,재정경제부령,제168호,2000-12-04,2000-12-04,제정,
51157,20010813,관세법제51조의규정에의한일본산인쇄제판용평면상사진플레이트에대한덤핑방지관세부과에관한규칙,재정경제부령,제216호,2001-08-13,2001-08-13,일부개정,
50716,20010821,관세법제51조의규정에의한독일산셀프복사지에대한덤핑방지관세부과에관한규칙,재정경제부령,제215호,2001-08-13,2001-08-21,제정,
52775,20020314,관세법제51조의규정에의한일본산인쇄제판용평면상사진플레이트에대한덤핑방지관세부과에관한규칙,재정경제부령,제250호,2002-03-14,2002-03-14,전부개정,
52865,20020314,관세법제51조의규정에의한중국산포켓형라이터에대한덤핑방지관세부과에관한규칙,재정경제부령,제249호,2002-03-14,2002-03-14,일부개정,
53168,20020410,관세법제51조의규정에의한중국산소다회에대한덤핑방지관세부과에관한규칙,재정경제부령,제257호,2002-04-10,2002-04-10,일부개정,
5549,20020521,관세법제51조의규정에의한대만산시디알에대한덤핑방지관세부과에관한규칙,재정경제부령,제264호,2002-05-21,2002-05-21,제정,기획재정부
52784,20020703,관세법제51조의규정에의한러시아산에이치형강에대한덤핑방지관세부과에관한규칙,재정경제부령,제270호,2002-07-03,2002-07-03,제정,기획재정부
57476,20030523,관세법제51조의규정에의한중국산포켓형라이타에대한덤핑방지관세부과에관한규칙,재정경제부령,제315호,2003-05-23,2003-05-23,제정,
57191,20030718,관세법제51조의규정에의한일본산수화알루미늄에대한덤핑방지관세부과에관한규칙,재정경제부령,제324호,2003-07-18,2003-07-18,제정,기획재정부
56800,20030909,관세법제51조의규정에의한인도네시아산일회용포켓형라이타에대한덤핑방지관세부과에관한규칙,재정경제부령,제329호,2003-09-09,2003-09-09,제정,
59178,20031107,관세법제51조의규정에의한인도네시아·중국산정보용지및백상지에대한덤핑방지관세부과에관한규칙,재정경제부령,제330호,2003-11-07,2003-11-07,제정,기획재정부
59216,20031203,관세법제51조의규정에의한일본산폴리비닐알콜에대한덤핑방지관세부과에관한규칙,재정경제부령,제332호,2003-12-03,2003-12-03,제정,
59331,20031203,관세법제51조의규정에의한중국산페로실리코망간에대한덤핑방지관세부과에관한규칙,재정경제부령,제333호,2003-12-03,2003-12-03,제정,기획재정부
59332,20031203,관세법제51조의규정에의한싱가폴·중국및일본산알칼리망간건전지에대한덤핑방지관세부과에관한규칙,재정경제부령,제334호,2003-12-03,2003-12-03,제정,기획재정부
61546,20040623,관세법제51조의규정에의한중국산차아황산소다에대한덤핑방지관세부과에관한규칙,재정경제부령,제384호,2004-06-23,2004-06-23,제정,기획재정부
60493,20040730,관세법제51조의규정에의한일본및미국산리튬1차전지에대한덤핑방지관세부과에관한규칙,재정경제부령,제390호,2004-07-30,2004-07-30,제정,기획재정부
60494,20040730,관세법제51조의규정에의한일본·인도및스페인산스테인레스스틸바에대한덤핑방지관세부과에관한규칙,재정경제부령,제391호,2004-07-30,2004-07-30,제정,기획재정부
62521,20041020,관세법제51조의규정에의한미국·인도·중국및캐나다산염화콜린에대한덤핑방지관세부과에관한규칙,재정경제부령,제397호,2004-10-20,2004-10-20,제정,기획재정부
66554,20050113,관세법 제51조의 규정에 의한 일본·인도 및 스페인산 스테인레스 스틸바에 대한 덤핑방지관세부과에 관한 규칙,재정경제부령,제410호,2005-01-13,2005-01-13,일부개정,기획재정부
66897,20050302,관세법 제51조의 규정에 의한 중국산 아나타제형 이산화티타늄에 대한 덤핑방지관세의 부과에 관한 규칙,재정경제부령,제419호,2005-03-02,2005-03-02,제정,
68889,20050420,관세법 제51조의 규정에 의한 일본산 염화비닐중합체우판(PVC Plate)에 대한 덤핑방지관세의 부과에 관한 규칙,재정경제부령,제436호,2005-04-20,2005-04-20,제정,기획재정부
92840,20050916,관세법 제51조의 규정에 따른 일본산 6축 수직다관절형 산업용 로봇에 대한 덤핑방지관세의 부과에 관한 규칙,재정경제부령,제463호,2005-09-16,2005-09-16,제정,기획재정부
74088,20060530,관세법 제51조에 따른 중국산 도자기질 타일에 대한 덤핑방지관세의 부과에 관한 규칙,재정경제부령,제509호,2006-05-30,2006-05-30,제정,기획재정부
75857,20061020,관세법 제51조에 따른 중국·대만 및 말레이시아산 폴리에스테르 장섬유 연신가공사에 대한 덤핑방지관세의 부과에 관한 규칙,재정경제부령,제526호,2006-10-20,2006-10-20,제정,기획재정부
76126,20061123,관세법 제51조에 따른 일본산 자동가이드홀펀칭기에 대한 덤핑방지관세의 부과에 관한 규칙,재정경제부령,제528호,2006-11-22,2006-11-23,제정,기획재정부
76309,20061212,관세법 제51조에 따른 중국·싱가포르 및 미국산 폴리비닐알코올에 대한 덤핑방지관세의 부과에 관한 규칙,재정경제부령,제530호,2006-12-11,2006-12-12,제정,기획재정부
79226,20070601,관세법 제51조에 따른 인도네시아 및 중국산 백상지에 대한 덤핑방지관세 부과에 관한 규칙,재정경제부령,제564호,2007-06-01,2007-06-01,제정,기획재정부
81110,20071029,관세법 제51조의 규정에 의한 일본·인도 및 스페인산 스테인레스 스틸바에 대한 덤핑방지관세부과에 관한 규칙,재정경제부령,제580호,2007-10-29,2007-10-29,일부개정,기획재정부
82859,20080131,관세법 제51조에 따른 중국산 차아황산소다에 대한 덤핑방지관세부과에 관한 규칙,재정경제부령,제601호,2008-01-31,2008-01-31,제정,기획재정부
86812,20080417,관세법 제51조에 따른 중국산 플로트판유리에 대한 덤핑방지관세 부과에 관한 규칙,기획재정부령,제11호,2008-04-17,2008-04-17,제정,기획재정부
87059,20080516,관세법 제51조에 따른 중국산 과산화벤조일에 대한 덤핑방지관세 부과에 관한 규칙,기획재정부령,제24호,2008-05-16,2008-05-16,제정,기획재정부
88551,20080825,관세법 제51조에 따른 중국산 아나타제형 이산화티타늄에 대한 덤핑방지관세 부과에 관한 규칙,기획재정부령,제33호,2008-08-25,2008-08-25,제정,기획재정부
88552,20080825,관세법 제51조에 따른 중국·일본 및 싱가포르산 초산에틸에 대한 덤핑방지관세 부과에 관한 규칙,기획재정부령,제34호,2008-08-25,2008-08-25,제정,기획재정부
89449,20081027,중국 및 인도산 폴리에틸렌 테레프탈레이트(PET) 필름에 대한 덤핑방지관세의 부과에 관한 규칙,기획재정부령,제37호,2008-10-27,2008-10-27,제정,기획재정부
89450,20081027,러시아·미국·인도네시아·중국 및 캐나다산 크라프트지에 대한 덤핑방지관세 부과에 관한 규칙,기획재정부령,제38호,2008-10-27,2008-10-27,제정,기획재정부
90269,20081223,중국산 도자기질 타일에 대한 덤핑방지관세의 부과에 관한 규칙,기획재정부령,제40호,2008-12-23,2008-12-23,일부개정,기획재정부
91263,20090121,대만 및 중국산 폴리에스터 장섬유 부분연신사에 대한 덤핑방지관세의 부과에 관한 규칙,기획재정부령,제52호,2009-01-21,2009-01-21,제정,기획재정부
92843,20090424,태국 및 말레이시아산 파티클보드에 대한 덤핑방지관세의 부과에 관한 규칙,기획재정부령,제75호,2009-04-24,2009-04-24,제정,기획재정부
102418,20100129,미국ㆍ인도ㆍ중국 및 캐나다산 염화콜린에 대한 덤핑방지관세 부과에 관한 규칙,기획재정부령,제127호,2010-01-29,2010-01-29,제정,기획재정부
102831,20100224,일본ㆍ인도 및 스페인산 스테인리스 스틸바에 대한 덤핑방지관세 부과에 관한 규칙,기획재정부령,제129호,2010-02-24,2010-02-24,제정,기획재정부
105272,20100518,중국·대만 및 말레이시아산 폴리에스테르 장섬유 연신가공사에 대한 덤핑방지관세 부과에 관한 규칙,기획재정부령,제604호,2010-05-18,2010-05-18,제정,기획재정부
107054,20100806,중국산 차아황산소다에 대한 덤핑방지관세 부과에 관한 규칙,기획재정부령,제164호,2010-08-06,2010-08-06,제정,기획재정부
110423,20110201,말레이시아산 합판에 대한 덤핑방지관세 부과에 관한 규칙,기획재정부령,제186호,2011-02-01,2011-02-01,제정,기획재정부
112623,20110421,일본산 스테인리스스틸 후판에 대한 덤핑방지관세 부과에 관한 규칙,기획재정부령,제207호,2011-04-21,2011-04-21,제정,기획재정부
113643,20110524,중국산 플로트판유리에 대한 덤핑방지관세 부과에 관한 규칙,기획재정부령,제211호,2011-05-24,2011-05-24,제정,기획재정부
115142,20110720,중국산 도자기질 타일에 대한 덤핑방지관세 부과에 관한 규칙,기획재정부령,제222호,2011-07-20,2011-07-20,제정,기획재정부
124202,20120327,중국ㆍ일본 및 싱가포르산 초산에틸에 대한 덤핑방지관세 부과에 관한 규칙,기획재정부령,제279호,2012-03-27,2012-03-27,제정,기획재정부
124626,20120410,러시아ㆍ미국ㆍ인도네시아ㆍ중국 및 캐나다산 크라프트지에 대한 덤핑방지관세 부과에 관한 규칙,기획재정부령,제281호,2012-04-10,2012-04-10,제정,기획재정부
125704,20120525,중국 및 인도산 폴리에틸렌 테레프탈레이트(PET) 필름에 대한 덤핑방지관세 부과에 관한 규칙,기획재정부령,제285호,2012-05-25,2012-05-25,제정,기획재정부
127284,20120725,대만 및 중국산 폴리에스테르 장섬유 부분연신사에 대한 덤핑방지관세 부과에 관한 규칙,기획재정부령,제296호,2012-07-25,2012-07-25,제정,기획재정부
131442,20130103,일본산 알루미늄 보틀캔에 대한 덤핑방지관세 부과에 관한 규칙,기획재정부령,제314호,2013-01-03,2013-01-03,제정,기획재정부
132924,20130228,일본산 스테인리스스틸 후판에 대한 덤핑방지관세 부과에 관한 규칙,기획재정부령,제340호,2013-02-28,2013-02-28,일부개정,기획재정부
143223,20130822,미국ㆍ인도ㆍ중국 및 캐나다산 염화콜린에 대한 덤핑방지관세 부과에 관한 규칙,기획재정부령,제359호,2013-08-22,2013-08-22,제정,기획재정부
144762,20131001,일본ㆍ인도 및 스페인산 스테인리스 스틸바에 대한 덤핑방지관세 부과에 관한 규칙,기획재정부령,제370호,2013-10-01,2013-10-01,제정,기획재정부
145362,20131018,중국산 합판에 대한 덤핑방지관세 부과에 관한 규칙,기획재정부령,제372호,2013-10-18,2013-10-18,제정,기획재정부
148203,20131220,중국ㆍ대만 및 말레이시아산 폴리에스테르 장섬유 연신가공사에 대한 덤핑방지관세 부과에 관한 규칙,기획재정부령,제386호,2013-12-20,2013-12-20,제정,기획재정부
148222,20131220,중국ㆍ인도네시아 및 태국산 폴리프로필렌 연신필름에 대한 덤핑방지관세 부과에 관한 규칙,기획재정부령,제385호,2013-12-20,2013-12-20,제정,기획재정부
159442,20140905,말레이시아산 합판에 대한 덤핑방지관세 부과에 관한 규칙,기획재정부령,제433호,2014-09-05,2014-09-05,제정,기획재정부
161602,20141027,중국산 합판에 대한 덤핑방지관세 부과에 관한 규칙,기획재정부령,제437호,2014-10-27,2014-10-27,일부개정,기획재정부
166209,20141230,일본산 두꺼운 폴리에틸렌 테레프탈레이트(PET) 필름에 대한 덤핑방지관세 부과에 관한 규칙,기획재정부령,제449호,2014-12-30,2014-12-30,제정,기획재정부
166210,20141230,미국ㆍ말레이시아ㆍ태국 및 일본산 에탄올아민에 대한 덤핑방지관세 부과에 관한 규칙,기획재정부령,제450호,2014-12-30,2014-12-30,제정,기획재정부
167172,20150107,중국산 플로트판유리에 대한 덤핑방지관세 부과에 관한 규칙,기획재정부령,제457호,2015-01-07,2015-01-07,제정,기획재정부
168805,20150225,중국산 도자기질 타일에 대한 덤핑방지관세 부과에 관한 규칙,기획재정부령,제463호,2015-02-25,2015-02-25,제정,기획재정부
173666,20150730,중국산 에이치(H) 형강에 대한 덤핑방지관세의 부과에 관한 규칙,기획재정부령,제495호,2015-07-30,2015-07-30,제정,기획재정부
174288,20150819,일본산 공기압 전송용 밸브에 대한 덤핑방지관세의 부과에 관한 규칙,기획재정부령,제498호,2015-08-19,2015-08-19,제정,기획재정부
176516,20151119,인도산 초산에틸에 대한 덤핑방지관세의 부과에 관한 규칙,기획재정부령,제510호,2015-11-19,2015-11-19,제정,기획재정부
176517,20151119,중국ㆍ일본 및 싱가포르산 초산에틸에 대한 덤핑방지관세의 부과에 관한 규칙,기획재정부령,제511호,2015-11-19,2015-11-19,제정,기획재정부
179513,20160113,중국 및 인도산 폴리에틸렌 테레프탈레이트(PET) 필름에 대한 덤핑방지관세의 부과에 관한 규칙,기획재정부령,제531호,2016-01-13,2016-01-13,제정,기획재정부
181758,20160311,중국산 침엽수 합판에 대한 덤핑방지관세의 부과에 관한 규칙,기획재정부령,제552호,2016-03-11,2016-03-11,제정,기획재정부
188214,20161206,미국 및 프랑스산 부틸글리콜에테르에 대한 덤핑방지관세의 부과에 관한 규칙,기획재정부령,제577호,2016-12-06,2016-12-06,제정,기획재정부
188215,20161206,일본산 스테인리스스틸 후판에 대한 덤핑방지관세의 부과에 관한 규칙,기획재정부령,제578호,2016-12-06,2016-12-06,제정,기획재정부
190813,20170102,중국산 에이치(H) 형강에 대한 덤핑방지관세의 부과에 관한 규칙,기획재정부령,제587호,2017-01-02,2017-01-02,일부개정,기획재정부
193755,20170508,중국산 합판에 대한 덤핑방지관세 부과에 관한 규칙,기획재정부령,제621호,2017-05-08,2017-05-08,제정,기획재정부
193758,20170508,말레이시아산 합판에 대한 덤핑방지관세 부과에 관한 규칙,기획재정부령,제622호,2017-05-08,2017-05-08,제정,기획재정부
194114,20170602,일본ㆍ인도 및 스페인산 스테인리스 스틸바에 대한 덤핑방지관세 부과에 관한 규칙,기획재정부령,제624호,2017-06-02,2017-06-02,제정,기획재정부
194894,20170719,중국산 에이치(H) 형강에 대한 덤핑방지관세의 부과에 관한 규칙,기획재정부령,제631호,2017-07-19,2017-07-19,일부개정,기획재정부
197393,20170907,중국산 인쇄제판용 평면 모양 사진플레이트에 대한 덤핑방지관세 부과에 관한 규칙,기획재정부령,제634호,2017-09-07,2017-09-07,제정,기획재정부
199294,20171129,베트남ㆍ우크라이나 및 인도산 페로실리코망간에 대한 덤핑방지관세 부과에 관한 규칙,기획재정부령,제640호,2017-11-29,2017-11-29,제정,기획재정부
203449,20180430,대만ㆍ태국 및 아랍에미리트연합산 폴리에틸렌 테레프탈레이트 필름에 대한 덤핑방지관세 부과에 관한 규칙,기획재정부령,제680호,2018-04-30,2018-04-30,제정,기획재정부
204117,20180722,일본ㆍ중국 및 핀란드산 도공(Coated) 인쇄용지에 대한 덤핑방지관세 부과에 관한 규칙,기획재정부령,제684호,2018-07-20,2018-07-22,제정,기획재정부
204243,20180814,중국산 아연도금철선에 대한 덤핑방지관세 부과에 관한 규칙,기획재정부령,제688호,2018-08-10,2018-08-14,제정,기획재정부
204304,20180831,미국ㆍ말레이시아ㆍ태국 및 일본산 에탄올아민에 대한 덤핑방지관세 부과에 관한 규칙,기획재정부령,제689호,2018-08-31,2018-08-31,제정,기획재정부
204305,20180831,중국산 플로트판유리에 대한 덤핑방지관세 부과에 관한 규칙,기획재정부령,제690호,2018-08-31,2018-08-31,제정,기획재정부
204869,20181015,중국산 도자기질 타일에 대한 덤핑방지관세 부과에 관한 규칙,기획재정부령,제695호,2018-10-15,2018-10-15,제정,기획재정부
205206,20181121,중국산 에이치(H) 형강에 대한 덤핑방지관세의 부과에 관한 규칙,기획재정부령,제696호,2018-11-21,2018-11-21,일부개정,기획재정부
208698,20190516,대만 및 이탈리아산 스테인리스 스틸바에 대한 덤핑방지관세 부과에 관한 규칙,기획재정부령,제734호,2019-05-16,2019-05-16,제정,기획재정부
209927,20190709,인도산 초산에틸에 대한 덤핑방지관세 부과에 관한 규칙,기획재정부령,제741호,2019-07-09,2019-07-09,제정,기획재정부
209928,20190709,중국ㆍ일본 및 싱가포르산 초산에틸에 대한 덤핑방지관세 부과에 관한 규칙,기획재정부령,제742호,2019-07-09,2019-07-09,제정,기획재정부
210389,20190823,중국ㆍ인도네시아 및 태국산 폴리프로필렌 연신필름에 대한 덤핑방지관세 부과에 관한 규칙,기획재정부령,제747호,2019-08-23,2019-08-23,제정,기획재정부
210493,20190911,중국 및 인도산 폴리에틸렌 테레프탈레이트(PET)필름에 대한 덤핑방지관세 부과에 관한 규칙,기획재정부령,제750호,2019-09-11,2019-09-11,제정,기획재정부
211765,20191125,중국산 에이치(H) 형강에 대한 덤핑방지관세의 부과에 관한 규칙,기획재정부령,제755호,2019-11-25,2019-11-25,일부개정,기획재정부
220087,20200714,일본산 스테인리스스틸 후판에 대한 덤핑방지관세 부과에 관한 규칙,기획재정부령,제801호,2020-07-14,2020-07-14,제정,기획재정부
222783,20201106,말레이시아산 합판에 대한 덤핑방지관세 부과에 관한 규칙,기획재정부령,제812호,2020-11-06,2020-11-06,제정,기획재정부
222785,20201106,중국산 합판에 대한 덤핑방지관세 부과에 관한 규칙,기획재정부령,제813호,2020-11-06,2020-11-06,제정,기획재정부
222787,20201106,중국산 침엽수 합판에 대한 덤핑방지관세 부과에 관한 규칙,기획재정부령,제814호,2020-11-06,2020-11-06,제정,기획재정부
222789,20201106,베트남산 합판에 대한 덤핑방지관세 부과에 관한 규칙,기획재정부령,제815호,2020-11-06,2020-11-06,제정,기획재정부
228809,20210122,일본ㆍ인도 및 스페인산 스테인리스 스틸바에 대한 덤핑방지관세 부과에 관한 규칙,기획재정부령,제826호,2021-01-22,2021-01-22,제정,기획재정부
230761,20210330,중국산 에이치(H) 형강에 대한 덤핑방지관세의 부과에 관한 규칙,기획재정부령,제851호,2021-03-30,2021-03-30,제정,재정경제부
232037,20210503,중국산 인쇄제판용 평면 모양 사진플레이트에 대한 덤핑방지관세 부과에 관한 규칙,기획재정부령,제852호,2021-05-03,2021-05-03,제정,재정경제부
235485,20210915,중국ㆍ인도네시아 및 대만산 스테인리스강 평판압연에 대한 덤핑방지관세 부과에 관한 규칙,기획재정부령,제865호,2021-09-15,2021-09-15,제정,기획재정부
238463,20211224,대만ㆍ태국 및 아랍에미리트연합산 폴리에틸렌 테레프탈레이트(PET) 필름에 대한 덤핑방지관세 부과에 관한 규칙,기획재정부령,제877호,2021-12-24,2021-12-24,제정,재정경제부
239007,20220101,관세ㆍ통계통합품목분류표 개정에 따른 덤핑방지관세 부과대상 정비를 위한 4개 법령의 일부개정에 관한 기획재정부령,기획재정부령,제882호,2021-12-31,2022-01-01,일괄개정,재정경제부
239009,20220101,중국산 침엽수 합판에 대한 덤핑방지관세 부과에 관한 규칙,기획재정부령,제882호,2021-12-31,2022-01-01,타법개정,기획재정부
239011,20220101,베트남산 합판에 대한 덤핑방지관세 부과에 관한 규칙,기획재정부령,제882호,2021-12-31,2022-01-01,타법개정,기획재정부
239013,20220101,중국산 인쇄제판용 평면 모양 사진플레이트에 대한 덤핑방지관세 부과에 관한 규칙,기획재정부령,제882호,2021-12-31,2022-01-01,타법개정,재정경제부
239055,20220101,일본ㆍ중국 및 핀란드산 도공(Coated) 인쇄용지에 대한 덤핑방지관세 부과에 관한 규칙,기획재정부령,제882호,2021-12-31,2022-01-01,타법개정,기획재정부
239451,20220106,중국산 폴리에스테르 장섬유 완전연신사(FDY)에 대한 덤핑방지관세 부과에 관한 규칙,기획재정부령,제888호,2022-01-06,2022-01-06,제정,재정경제부
241733,20220408,중국산 플로트판유리에 대한 덤핑방지관세 부과에 관한 규칙,기획재정부령,제913호,2022-04-08,2022-04-08,제정,재정경제부
244019,20220726,미국 및 프랑스산 부틸글리콜에테르에 대한 덤핑방지관세 부과에 관한 규칙,기획재정부령,제925호,2022-07-26,2022-07-26,제정,재정경제부
244531,20220905,사우디아라비아산 부틸글리콜에테르에 대한 덤핑방지관세 부과에 관한 규칙,기획재정부령,제932호,2022-09-05,2022-09-05,제정,기획재정부
245053,20221025,중국산 더블레이어 인쇄제판용 평면 모양 사진플레이트에 대한 덤핑방지관세 부과에 관한 규칙,기획재정부령,제940호,2022-10-25,2022-10-25,제정,재정경제부
248381,20230227,중국ㆍ태국 및 인도네시아산 폴리아미드 필름에 대한 덤핑방지관세 부과에 관한 규칙,기획재정부령,제960호,2023-02-27,2023-02-27,제정,재정경제부
248439,20230302,중국ㆍ베트남산 이음매 없는 동관에 대한 덤핑방지관세 부과에 관한 규칙,기획재정부령,제964호,2023-03-02,2023-03-02,제정,재정경제부
250607,20230428,중국 및 호주산 수산화알루미늄에 대한 덤핑방지관세 부과에 관한 규칙,기획재정부령,제990호,2023-04-28,2023-04-28,제정,재정경제부
250717,20230508,중국 및 인도산 폴리에틸렌 테레프탈레이트(PET) 필름에 대한 덤핑방지관세 부과에 관한 규칙,기획재정부령,제992호,2023-05-08,2023-05-08,제정,재정경제부
252977,20230721,베트남 및 인도산 페로실리코망간에 대한 덤핑방지관세 부과에 관한 규칙,기획재정부령,제1007호,2023-07-21,2023-07-21,제정,재정경제부
259379,20240124,중국 및 호주산 수산화알루미늄에 대한 덤핑방지관세 부과에 관한 규칙,기획재정부령,제1037호,2024-01-24,2024-01-24,일부개정,재정경제부
261255,20240318,일본ㆍ중국 및 핀란드산 도공(Coated) 인쇄용지에 대한 덤핑방지관세 부과에 관한 규칙,기획재정부령,제1040호,2024-03-18,2024-03-18,제정,재정경제부
262217,20240430,이집트산 백색 시멘트에 대한 덤핑방지관세 부과에 관한 규칙,기획재정부령,제1065호,2024-04-30,2024-04-30,제정,재정경제부
263781,20240702,중국산 침엽수 합판에 대한 덤핑방지관세 부과에 관한 규칙,기획재정부령,제1074호,2024-07-02,2024-07-02,제정,재정경제부
263783,20240702,중국산 합판에 대한 덤핑방지관세 부과에 관한 규칙,기획재정부령,제1073호,2024-07-02,2024-07-02,제정,재정경제부
263789,20240702,말레이시아산 합판에 대한 덤핑방지관세 부과에 관한 규칙,기획재정부령,제1075호,2024-07-02,2024-07-02,제정,재정경제부
263817,20240702,베트남산 합판에 대한 덤핑방지관세 부과에 관한 규칙,기획재정부령,제1076호,2024-07-02,2024-07-02,제정,재정경제부
266901,20241130,중국산 폴리(에틸렌 테레프탈레이트)에 대한 덤핑방지관세 부과에 관한 규칙,기획재정부령,제1090호,2024-11-29,2024-11-30,제정,재정경제부
270953,20250425,중국ㆍ인도네시아 및 태국산 폴리프로필렌 연신필름에 대한 덤핑방지관세 부과에 관한 규칙,기획재정부령,제1125호,2025-04-25,2025-04-25,제정,재정경제부
271185,20250516,중국ㆍ인도네시아 및 대만산 스테인리스강 평판압연에 대한 덤핑방지관세 부과에 관한 규칙,기획재정부령,제1126호,2025-05-16,2025-05-16,제정,재정경제부
272835,20250711,베트남산 스테인리스강 냉간압연에 대한 덤핑방지관세 부과에 관한 규칙,기획재정부령,제1129호,2025-07-11,2025-07-11,제정,재정경제부
273137,20250801,중국 및 대만산 석유수지에 대한 덤핑방지관세 부과에 관한 규칙,기획재정부령,제1139호,2025-08-01,2025-08-01,제정,재정경제부
273633,20250905,중국산 스테인리스강 후판에 대한 덤핑방지관세 부과에 관한 규칙,기획재정부령,제1140호,2025-09-05,2025-09-05,제정,재정경제부
279931,20251124,중국산 탄소강 및 그 밖의 합금강 열간압연 후판에 대한 덤핑방지관세 부과에 관한 규칙,기획재정부령,제1145호,2025-11-24,2025-11-24,제정,재정경제부
280249,20251205,태국산 파티클보드에 대한 덤핑방지관세 부과에 관한 규칙,기획재정부령,제1147호,2025-12-05,2025-12-05,제정,재정경제부
280335,20251217,중국산 아이티온산나트륨(차아황산소다)에 대한 덤핑방지관세 부과에 관한 규칙,기획재정부령,제1149호,2025-12-17,2025-12-17,제정,재정경제부
282685,20260102,중국ㆍ베트남산 이음매 없는 동관에 대한 덤핑방지관세 부과에 관한 규칙,재정경제부령,제1호,2026-01-02,2026-01-02,타법개정,재정경제부
282687,20260102,중국산 에이치(H) 형강에 대한 덤핑방지관세의 부과에 관한 규칙,재정경제부령,제1호,2026-01-02,2026-01-02,타법개정,재정경제부
282689,20260102,중국산 탄소강 및 그 밖의 합금강 열간압연 후판에 대한 덤핑방지관세 부과에 관한 규칙,재정경제부령,제1호,2026-01-02,2026-01-02,타법개정,재정경제부
282691,20260102,중국ㆍ인도네시아 및 대만산 스테인리스강 평판압연에 대한 덤핑방지관세 부과에 관한 규칙,재정경제부령,제1호,2026-01-02,2026-01-02,타법개정,재정경제부
283817,20260227,중국 및 인도산 폴리에틸렌 테레프탈레이트(PET) 필름에 대한 덤핑방지관세 부과에 관한 규칙,재정경제부령,제3호,2026-02-27,2026-02-27,일부개정,재정경제부
284971,20260319,중국산 단일모드 광섬유에 대한 덤핑방지관세 부과에 관한 규칙,재정경제부령,제5호,2026-03-19,2026-03-19,제정,재정경제부
285853,20260507,태국산 섬유판에 대한 덤핑방지관세 부과에 관한 규칙,재정경제부령,제30호,2026-05-07,2026-05-07,제정,재정경제부
286195,20260515,사우디아라비아산 부틸글리콜에테르에 대한 덤핑방지관세 부과에 관한 규칙,재정경제부령,제31호,2026-05-15,2026-05-15,제정,재정경제부
286205,20260521,일본 및 중국산 4축 이상 수직다관절형 산업용 로봇에 대한 덤핑방지관세 부과에 관한 규칙,재정경제부령,제32호,2026-05-21,2026-05-21,제정,재정경제부
287461,20260623,일본 및 중국산 탄소강 및 그 밖의 합금강 열간압연 제품에 대한 덤핑방지관세 부과에 관한 규칙,재정경제부령,제35호,2026-06-23,2026-06-23,제정,재정경제부
288631,20260805,독일ㆍ프랑스ㆍ노르웨이 및 스웨덴산 폴리염화비닐 페이스트 수지에 대한 덤핑방지관세 부과에 관한 규칙,재정경제부령,제43호,2026-08-05,2026-08-05,제정,재정경제부
289823,20260911,태국산 이음매 없는 동관에 대한 덤핑방지관세 부과에 관한 규칙,재정경제부령,제49호,2026-09-11,2026-09-11,제정,재정경제부
