dispute_id,forum,case_no,decision_date,title,outcome,source,clip_case_nos,clip_ids,text_file,clip_text_files,stage0_issue_group,dumping_mentions
D001,관세청 심사청구,부산세관-심사-2002-34,2002-10-18,해당건은 제목이 없습니다.,심사청구를 기각한다.,clip,부산세관-심사-2002-34,03001622002000034,data/raw/clip/03001622002000034.txt,,,4
D002,관세청 심사청구,부산세관-심사-2002-109,2003-05-23,해당건은 제목이 없습니다.,심사청구를 기각한다.,clip,부산세관-심사-2002-109,03001622002000109,data/raw/clip/03001622002000109.txt,,,7
D003,관세청 심사청구,서울세관-심사-2002-107,2003-05-23,해당건은 제목이 없습니다.,심사청구를 기각한다.,clip,서울세관-심사-2002-107,01001622002000107,data/raw/clip/01001622002000107.txt,,,7
D004,조세심판원,국심2003관0206,2005-11-01,적법한 청구인지 여부 (각하),각하,tt,,,data/raw/tt/국심2003관0206.txt,,procedural,12
D005,조세심판원,국심2003관0207,2005-11-01,적법한 청구인지 여부 (각하),각하,tt,,,data/raw/tt/국심2003관0207.txt,,procedural,12
D006,조세심판원,국심2003관0208,2005-11-01,적법한 청구인지 여부 (각하),각하,tt,,,data/raw/tt/국심2003관0208.txt,,procedural,12
D007,조세심판원,국심2006관0190,2007-03-02,본안심리에 앞서 이 건 심판청구가 적법한 청구인지에 대하여 살펴본다.(각하),각하,tt,,,data/raw/tt/국심2006관0190.txt,,procedural,13
D008,조세심판원,국심2006관0161,2007-06-25,이 건 쟁점물품의 수입가격이 정상가격으로서 덤핑방지관세 대상으로 볼 수 없다고 하여 제기한 환급경정청구를 거부한 처분의 당부(기각),기각,tt,,,data/raw/tt/국심2006관0161.txt,,scope-incidental,56
D009,조세심판원,조심2009관0118,2009-11-11,쟁점물품에 대하여 납부한 덤핑방지관세 를 환급하여 달라는 경정청구를 거부한 처분의 당부(경정),경정,tt,,,data/raw/tt/조심2009관0118.txt,,other,55
D010,법원,부산지법2009구합3737,2010-01-15,경정고지처분취소,국가패,clip,부산지법2009구합3737,12009000026-1-1,data/raw/clip/12009000026-1-1.txt,,,0
D011,조세심판원,조심2009관0065,2010-08-24,재수출면세대상물품인 쟁점물품에 대하여 덤핑방지관세 를 부과한 처분의 당부(기각),기각,tt,,,data/raw/tt/조심2009관0065.txt,,other,49
D012,법원,수원지법2010구합1638,2010-09-29,세액경정기각처분취소,국가승,clip,수원지법2010구합1638,12010000008-1-1,data/raw/clip/12010000008-1-1.txt,,,1
D013,조세심판원,조심2010관0134,2010-12-24,쟁점물품의 수출자가 공급자 및 같은 기업의 제품을 수출하는 자와 특수관계에 해당되는지 여부(기각),기각,tt,,,data/raw/tt/조심2010관0134.txt,,supplier-rate,31
D014,조세심판원,조심2010관0135,2010-12-24,물품의 수출자가 공급자와 특수관계에 해당되는지 여부(기각),기각,tt,,,data/raw/tt/조심2010관0135.txt,,supplier-rate,32
D015,조세심판원,조심2010관0181,2010-12-27,"쟁점물품의 수출자가 ""공급자 및 같은 기업의 제품을 수출하는 자“와 특수관계에 해당되는지 여부(기각)",기각,tt,,,data/raw/tt/조심2010관0181.txt,,supplier-rate,31
D016,법원,대구지법2010구합4096,2011-08-17,관세부과처분취소 청구,국가승,clip,대구지법2010구합4096,12010000047-1-1,data/raw/clip/12010000047-1-1.txt,,,5
D017,법원,대구고법2011누2355,2011-12-16,관세부과처분취소 청구,국가승,clip,대구고법2011누2355,12010000047-2-1,data/raw/clip/12010000047-2-1.txt,,,0
D018,조세심판원,조심2014관0248,2014-09-02,쟁점물품은 '기타의 폴리에스테르사'에 해당하지 않아 '폴리에스테르 텍스처드사'로 분류한 처분의 당부 등,기각,tt,부산세관-조심-2014-129,03001632014008435,data/raw/tt/조심2014관0248.txt,data/raw/clip/03001632014008435.txt,scope,44
D019,조세심판원,인천세관-조심-2013-234,2014-09-03,쟁점물품의 수입가격이 특수관계에 의해 영향을 받았는지 여부,"OOO세관장이 2013.6.28. 청구법인에게 한 관세 OOO원, 부가가치세 OOO원, 가산세 OOO원 등 합계 OOO원의 부과처분은「관세법」제30조 제3항 제4호에 따른 과세가격 결정에 필요한 특수관계가 쟁점물품의 거래가격에 영향을 미쳤는지 여부를 재조사하여 그 결과에 따라 과세표준 및 세액을 경정한다.",clip,인천세관-조심-2013-234,02001632013007268,data/raw/clip/02001632013007268.txt,,,5
D020,조세심판원,조심2014관0414,2015-04-30,쟁점물품이 중국 OOOO사 제품인지 여부 등,기각,tt,서울세관-조심-2014-283,01001632014008757,data/raw/tt/조심2014관0414.txt,data/raw/clip/01001632014008757.txt,supplier-rate,20
D021,조세심판원,조심2014관0418,2015-06-03,쟁점물품의 생산자를 특정할 수 없어 덤핑방지관세 최고세율을 적용하여 관세 등을 과세한 처분의 당부,기각,tt,,,data/raw/tt/조심2014관0418.txt,,supplier-rate,31
D022,조세심판원,조심2015관0056,2015-06-05,쟁점물품의 생산자를 허위로 기재하여 낮은 덤핑방지관세 율을 적용한 것으로 보아 관세 등을 과세한 처분의 당부,재조사,tt,서울세관-조심-2014-369,01001632014008946,data/raw/tt/조심2015관0056.txt,data/raw/clip/01001632014008946.txt,supplier-rate,37
D023,조세심판원,성남세관-조심-2014-353,2015-10-14,청구법인이 제출한 자료만으로는 생산자를 특정할 수 없다 하여 쟁점물품에 덤핑방지관세 최고세율을 적용하여 과세한 처분의 당부,심판청구를 기각한다.,clip,성남세관-조심-2014-353,01201632014008903,data/raw/clip/01201632014008903.txt,,,21
D024,조세심판원,부산세관-조심-2015-120,2015-12-15,이 건 심판청구가 적법한 청구인지 여부,심판청구를 각하한다.,clip,부산세관-조심-2015-120,03001632015009202,data/raw/clip/03001632015009202.txt,,,1
D025,조세심판원,인천세관-조심-2015-119,2015-12-15,이 건 심판청구가 적법한 청구인지 여부,심판청구를 각하한다.,clip,인천세관-조심-2015-119,02001632015009201,data/raw/clip/02001632015009201.txt,,,1
D026,조세심판원,창원세관-조심-2015-56,2015-12-15,① 청구법인을 쟁점물품①의 실제 납세의무자로 볼 수 있는지 여부 / ② 청구법인이 수입한 쟁점물품②의 과세가격이 적정한지 여부,심판청구를 기각한다.,clip,창원세관-조심-2015-56,05301632015009081,data/raw/clip/05301632015009081.txt,,,12
D027,조세심판원,조심2015관0258,2015-12-30,쟁점물품이 덤핑방지관세 의 부과대상에 해당하는지 여부 등,기각,tt,인천세관-조심-2015-252;인천공항세관-조심-2015-253,02001632015009599;04001632015009604,data/raw/tt/조심2015관0258.txt,data/raw/clip/02001632015009599.txt;data/raw/clip/04001632015009604.txt,scope,73
D028,조세심판원,조심2015관0276,2015-12-30,쟁점물품이 덤핑방지관세 의 부과대상에 해당하는지 여부 등,기각,tt,,,data/raw/tt/조심2015관0276.txt,,scope,60
D029,조세심판원,서울세관-조심-2015-194,2016-07-04,수탁가공용 무상 수입물품의 과세가격을 동종ㆍ동질물품의 거래가격을 기초로 결정하면서 거래내용 등의 차이에 따른 가격 차이를 조정하지 아니하고 과세한 처분의 당부 등,"쟁점물품과 동종ㆍ동질물품은 청구법인이 동일 수출자로부터 수입하여 제조에 사용하는 등 거래단계에 차이가 있다고 보기 어려워 가격차이 조정이 필요해 보이지 않는 점, 청구법인이 과세가격의 일부를 신고하지 아니하여 납부세액에 부족이 발생하였으므로 5년의 부과제척기간을 적용하는 것이 타당해 보이는 점 등에 비추어 처분청이 동종ㆍ동질물품의 거래가격을 쟁점물품의 과세",clip,서울세관-조심-2015-194,01001632015009424,data/raw/clip/01001632015009424.txt,,,0
D030,조세심판원,조심2016관0032,2016-07-28,쟁점물품이 덤핑방지관세 부과대상에서 제외되는 니켈합금강에 해당하는지 여부 등,기각,tt,부산세관-조심-2016-7;용당세관-조심-2016-53,03001632016009845;03901632016009984,data/raw/tt/조심2016관0032.txt,data/raw/clip/03001632016009845.txt;data/raw/clip/03901632016009984.txt,scope,76
D031,법원,인천지법2016구합51249,2017-01-06,덤핑관세경정청구거부처분 취소,국가승,clip,인천지법2016구합51249,01201600087-1-1,data/raw/clip/01201600087-1-1.txt,,,56
D032,조세심판원,청주세관 충주지원센터-조심-2016-159,2017-01-24,쟁점고춧가루가 쟁점원재료로 제조되지 않았다고 보아 관세환급금을 징수한 처분의 당부,심판청구를 기각한다.,clip,청주세관 충주지원센터-조심-2016-159,15301632016000159,data/raw/clip/15301632016000159.txt,,,1
D033,조세심판원,조심2016관0216,2017-05-12,쟁점물품이 덤핑방지관세 부과대상에 해당하는지 여부,기각,tt,인천세관-조심-2016-191,02001632016000191,data/raw/tt/조심2016관0216.txt,data/raw/clip/02001632016000191.txt,scope,105
D034,법원,서울고법2017누34300,2017-07-18,덤핑관세경정청구거부처분 취소,국가승,clip,서울고법2017누34300,01201600087-2-1,data/raw/clip/01201600087-2-1.txt,,,15
D035,조세심판원,조심2015관0318,2017-08-03,이 건 심판청구의 적법 여부 등,각하,tt,,,data/raw/tt/조심2015관0318.txt,,procedural,68
D036,조세심판원,조심2017관0307,2018-03-29,가산세가 경정청구의 대상인지 여부 및 쟁점물품이 덤핑방지관세 부과대상인지 여부,기각,tt,부산세관-조심-2017-173,03001632017000173,data/raw/tt/조심2017관0307.txt,data/raw/clip/03001632017000173.txt,scope,57
D037,법원,인천지법2017구합53174,2018-08-16,관세등부과처분취소,국가승,clip,인천지법2017구합53174,01201700055-1-1,data/raw/clip/01201700055-1-1.txt,,,16
D038,조세심판원,조심2018관0079,2018-09-04,이 건 심판청구의 적법 여부,각하,tt,,,data/raw/tt/조심2018관0079.txt,,procedural,96
D039,조세심판원,조심2018관0086,2018-10-02,쟁점처분이 신의성실원칙 또는 소급과세금지원칙에 위반된다는 청구주장의 당부,기각,tt,서울세관-조심-2018-51,01001632018000051,data/raw/tt/조심2018관0086.txt,data/raw/clip/01001632018000051.txt,scope-incidental,63
D040,조세심판원,조심2018관0100,2018-11-19,쟁점물품이 덤핑방지관세 부과대상인지 여부 등,재조사,tt,광양세관-조심-2018-83,06201632018000083,data/raw/tt/조심2018관0100.txt,data/raw/clip/06201632018000083.txt,scope,106
D041,법원,서울고법2018누63206,2018-12-18,관세등부과처분취소,국가승,clip,서울고법2018누63206,01201700055-2-1,data/raw/clip/01201700055-2-1.txt,,,9
D042,관세청 과세전적부심사,관세청-적부심사-2018-19,2019-02-08,쟁점물품의 거래가격 부인 및 과세가격 결정방법의 적법․타당 여부,과세전적부심사청구를 채택하지 아니한다.,clip,관세청-적부심사-2018-19,00001602018000019,data/raw/clip/00001602018000019.txt,,,0
D043,법원,인천지법2016구합50338,2019-02-14,관세등부과처분취소,국가패,clip,인천지법2016구합50338,12016000032-1-1,data/raw/clip/12016000032-1-1.txt,,,2
D044,조세심판원,서울세관-조심-2018-117,2019-03-06,"쟁점물품을 철강 구조물로 보아 제7308호로 분류할 것인지, 아니면 타워크레인의 전용 부분품으로 보아 제8431호로 분류할 것인지 등","쟁점물품은 타워크레인의 운전에 필요한 장치 없이 격자주 형태의 마스트섹션만 별도로 제시된 점, 쟁점물품이 타워크레인의 본질적인 기능인 권양 및 적하기능을 위한 기계적 요소를 갖추고 있다고 보기 어려운 점 등에 비추어 쟁점물품을 제7308호로 분류하여 과세한 처분은 잘못이 없는 것으로 판단되고, 수입신고수리는 사실행위에 불과하여 공적 견해표명으로 보기 어려운",clip,서울세관-조심-2018-117,01001632018000117,data/raw/clip/01001632018000117.txt,,,0
D045,조세심판원,조심2019관0030,2019-06-27,일본산 스테인리스 철강와이어인 쟁점물품이 덤핑 방지 관세 부과대상인지 여부,기각,tt,관세청-조심-2019-16,00001632019000016,data/raw/tt/조심2019관0030.txt,data/raw/clip/00001632019000016.txt,scope,49
D046,조세심판원,조심2019관0125,2020-02-26,가산세 부과처분의 당부,기각,tt,부산세관-조심-2019-93,03001632019000093,data/raw/tt/조심2019관0125.txt,data/raw/clip/03001632019000093.txt,other,56
D047,법원,부산지법2020구합21969,2020-09-24,가산세부과처분 취소,국가승,clip,부산지법2020구합21969,01202000093-1-1,data/raw/clip/01202000093-1-1.txt,,,5
D048,조세심판원,인천세관-조심-2020-84,2020-10-19,"조세심판결정 통지(조심 2020관117, 조심 2020관118)",심판청구를 각하한다.,clip,인천세관-조심-2020-84,02001632020000084,data/raw/clip/02001632020000084.txt,,,2
D049,관세청 과세전적부심사,관세청-적부심사-2020-37,2021-03-17,관세청-적부심사-2020-37,과세전적부심사청구를 채택하지 아니합니다.,clip,관세청-적부심사-2020-37,00001602020000037,data/raw/clip/00001602020000037.txt,,,6
D050,조세심판원,조심2020관0161,2021-04-12,쟁점생산자들이 쟁점물품을 실제로 생산하였으므로 최고 세율의 덤핑방지관세 율이 아닌 '그 밖의 공급자'에 해당하는 덤핑방지관세 율이 적용되어야 한다는 청구주장의 당부,취소,tt,인천세관-조심-2020-140,02001632020000140,data/raw/tt/조심2020관0161.txt,data/raw/clip/02001632020000140.txt,supplier-rate,70
D051,관세청 과세전적부심사,관세청-적부심사-2020-39,2021-06-24,적부심사 제2020-39호,"통지청은, 청구법인의 국내 거래처가 청구법인과의 거래 시 인증 취득 여부, 시장 인지도, 소비자 평판 및 품질의 신뢰성 등에 따라 ○○○산 폴리아세탈과 ○○○산 폴리아세탈을 구분하여 구매하였는지 여부 등을 확인하여 ○○○ 폴리아세탈이 유사물품에 해당하는지를 재조사한 후 관세법 제35조에 규정된 방법을 적용하여 과세가격을 결정하고 그 결과에 따라 과세표준 및",clip,관세청-적부심사-2020-39,01001602020000039,data/raw/clip/01001602020000039.txt,,,8
D052,법원,부산고법2019누10965,2021-09-15,관세부과처분취소,국가일부승소,clip,부산고법2019누10965,12015000044-2-1,data/raw/clip/12015000044-2-1.txt,,,3
D053,조세심판원,조심2020관0155,2021-12-24,"청구법인들이 수출가격 인상을 약속한 쟁점물품을 수입하면서 실제구매가격이 아닌 최저수출가격으로 고가신고 하였고, 이것이 쟁점물품의 덤핑방지관세 부과 회피행위라고 보아 경정처분 한 것이 정당한지 여부 등",기각,tt,인천세관-조심-2020-149;인천세관-조심-2020-148;인천세관-조심-2020-131;인천세관-조심-2020-145,02001632020000149;02001632020000148;02001632020000131;02001632020000145,data/raw/tt/조심2020관0155.txt,data/raw/clip/02001632020000149.txt;data/raw/clip/02001632020000148.txt;data/raw/clip/02001632020000131.txt;data/raw/clip/02001632020000145.txt,undertaking-value,161
D054,조세심판원,부산세관-조심-2020-144,2021-12-29,거래통화 변경 및 국내판매가격에 맞춘 수입가격의 조정을 특수관계가 거래가격에 영향을 미친 것으로 볼 수 있는지 여부 등,심판청구를 기각한다.,clip,부산세관-조심-2020-144,03001632020000144,data/raw/clip/03001632020000144.txt,,,17
D055,조세심판원,조심2022관0080,2023-01-09,적법한 심판청구인지 여부( 덤핑방지관세 신고납부),각하,tt,,,data/raw/tt/조심2022관0080.txt,,procedural,11
D056,조세심판원,인천세관-조심-2021-141,2023-06-26,쟁점물품의 외면에 사용된 목재가 HS 제44류 소호주 제2호 내지 관세율표 제44류 국내주 제1호의 열대산 목재에 해당하는 것으로 보아 HSK 제4412.31-4011호 등으로 분류하여 관세 등을 부과한 처분의 당부,심판청구를 기각한다.,clip,인천세관-조심-2021-141,02001632021000141,data/raw/clip/02001632021000141.txt,,,1
D057,조세심판원,인천세관-조심-2021-151,2023-06-26,쟁점물품의 외면에 사용된 목재가 HS 제44류 소호주 제2호 내지 관세율표 제44류 국내주 제1호의 열대산 목재에 해당하는 것으로 보아 HSK 제4412.31-4011호 등으로 분류하여 관세 등을 부과한 처분의 당부,심판청구를 기각한다.,clip,인천세관-조심-2021-151,02001632021000151,data/raw/clip/02001632021000151.txt,,,1
D058,관세청 과세전적부심사,관세청-적부심사-2023-83,2023-12-04,① 쟁점물품이 덤핑방지관세 부과대상에 해당하는 지 여부 ② 청구법인에게 가산세 면제의 정당한 사유가 있는 지 여부,과세전적부심사 청구를 채택하지 아니한다.,clip,관세청-적부심사-2023-83,00001602023000083,data/raw/clip/00001602023000083.txt,,,52
D059,관세청 과세전적부심사,관세청-적부심사-2023-84,2023-12-04,① 쟁점물품이 덤핑방지관세 부과대상에 해당하는 지 여부 ② 청구법인에게 가산세 면제의 정당한 사유가 있는 지 여부,과세전적부심사 청구를 채택하지 아니한다.,clip,관세청-적부심사-2023-84,00001602023000084,data/raw/clip/00001602023000084.txt,,,52
D060,조세심판원,인천공항세관-조심-2024-49,2024-07-03,적법한 심판청구인지 여부(직권취소),심판청구를 각하한다.,clip,인천공항세관-조심-2024-49,04001632024000049,data/raw/clip/04001632024000049.txt,,,2
D061,조세심판원,인천공항세관-조심-2024-55,2024-07-03,적법한 심판청구인지 여부(직권취소),심판청구를 각하한다.,clip,인천공항세관-조심-2024-55,04001632024000055,data/raw/clip/04001632024000055.txt,,,2
D062,조세심판원,조심2024관0061,2025-05-13,쟁점물품(LAMINATED COATING FILM)이 덤핑방지관세 부과대상인지 여부 등,기각,tt,,,data/raw/tt/조심2024관0061.txt,,scope,81
D063,조세심판원,조심2024관0141,2025-05-13,쟁점물품(LAMINATED COATING FILM)이 덤핑방지관세 부과대상인지 여부 등,기각,tt,인천공항세관-조심-2024-134;인천공항세관-조심-2024-48,04001632024000134;04001632024000048,data/raw/tt/조심2024관0141.txt,data/raw/clip/04001632024000134.txt;data/raw/clip/04001632024000048.txt,scope,81
D064,관세청 과세전적부심사,관세청-적부심사-2025-13,2025-10-16,덤핑방지관세 부과 처분 적정 여부 및 감액경정 후 재경정 시 가산세 부과 적정 여부,"* 적부심 제2025-13호․14호(병합) 통지청이 2025. 3. 24. 청구법인에게 한 관세 ○○○○○○○○원, 부가가치세 ○○○○○○○○원, 가산세 ○○○○○○○○원, 합계 ○○○○○○○○원의 과세전통지는, 1. 과세전통지 세액에 포함된 가산세 ○○○○○○○○원을 적용하지 아니하는 것으로 일부채택 결정하고, 2. 나머지 청구는 불채택 결정한다.",clip,관세청-적부심사-2025-13,00001602025000013,data/raw/clip/00001602025000013.txt,,,99
D065,관세청 과세전적부심사,관세청-적부심사-2025-19,2025-10-16,중국산 PP필름 수출자와 공급자의 특수관계 해당 여부 및 가산세 면제 정당한 사유 여부,과세전적부심사를 채택하지 아니한다.,clip,관세청-적부심사-2025-19,00001602025000019,data/raw/clip/00001602025000019.txt,,,47
D066,관세청 과세전적부심사,관세청-적부심사-2025-20,2025-10-16,"중국, 베트남산 합판의 HS 4412.39호 해당 여부 및 덤핑방지관세 부과 대상 여부",과세전적부심사를 채택하지 아니한다.,clip,관세청-적부심사-2025-20,02001602025000020,data/raw/clip/02001602025000020.txt,,,53
D067,조세심판원,조심2025관0048,2025-12-01,덤핑방지관세 부과시 분기별 최저수출가격 요건 충족여부의 판단시점이 언제인지 여부,기각,tt,평택세관-조심-2025-51,01601632025000051,data/raw/tt/조심2025관0048.txt,data/raw/clip/01601632025000051.txt,undertaking-value,86
D068,관세청 과세전적부심사,관세청-적부심사-2025-28,2026-01-07,쟁점물품이 싱글레이어 덤핑방지관세 부과 규칙상 부과대상에 해당되지 않는다는 청구주장의 당부,과세전적부심사를 채택한다.,clip,관세청-적부심사-2025-28,00001602025000028,data/raw/clip/00001602025000028.txt,,,29
D069,관세청 심사청구,관세청-심사-2025-8,2026-01-28,① 쟁점물품을 페인팅한 비합금강의 평판압연제품으로 보아 HSK 7210.70-1000호에 분류해야 하는지 여부 ② 수입신고취하 문의에 대한 처분청 불가 답변 안내가 신의성실원칙에 위배되는지 여부 ③ 수출용 원재료임에도 관세 환급 절차를 제한하는 것이 과세형평원칙에 위배되는지 여부,심사청구를 기각한다.,clip,관세청-심사-2025-8,00001622025000008,data/raw/clip/00001622025000008.txt,,,25
D070,조세심판원,조심2025관0097,2026-03-31,쟁점물품(적층 베니어 목재)이 덤핑방지관세 부과대상(HSK제4412.39-9000호의 합판)에 해당하는지 여부,취소,tt,,,data/raw/tt/조심2025관0097.txt,,scope,62
D071,조세심판원,조심2026관0002,2026-03-31,쟁점물품(적층 베니어 목재)이 덤핑방지관세 부과대상(HSK제4412.39-9000호의 합판)에 해당하는지 여부,취소,tt,,,data/raw/tt/조심2026관0002.txt,,scope,62
D072,조세심판원,조심2026관0016,2026-08-19,쟁점물품을 덤핑방지관세 부과대상 물품에 해당하는 것으로 보아 과세한 처분의 당부,기각,tt,,,data/raw/tt/조심2026관0016.txt,,scope,218
D073,조세심판원,조심2026관0017,2026-08-19,쟁점물품을 덤핑방지관세 부과대상 물품에 해당하는 것으로 보아 과세한 처분의 당부,기각,tt,,,data/raw/tt/조심2026관0017.txt,,scope,218
