dispute_id,forum,case_no,decision_date,title,clip_case_nos,stage0_issue_group,decision_group,dispute_chain,relevance,issue_group,cited_decree_titles,disputed_goods,hsk_declared,claimant_argument,agency_argument,outcome_raw,outcome,taxpayer_win,reasoning_summary,scope_criteria_used,ktc_reference,related_cases,confidence,note
D001,관세청 심사청구,부산세관-심사-2002-34,2002-10-18,해당건은 제목이 없습니다.,부산세관-심사-2002-34,,D001,D001,쟁점,조사범위,,중국산 전기다리미 부분품(열판·온도조절기·물탱크·하우징 등 조립부품). 국내에서 나사·와셔 등 국산 부품을 더해 11~12회 공정으로 조립해 완제품 전기다리미로 판매,신고 8516.90-0000 / 처분청 8516.40-0000,국내 조립공정이 11~12회에 이르고 국산 부품이 10여 개 추가되며 완제품 생산비 중 수입부품 비중이 59.9~67.9%에 불과하므로 쟁점물품은 완제품의 본질적 특성을 갖지 않은 부분품(8516.90)이다. 관세포탈 형사사건 1심 무죄판결도 이를 뒷받침하므로 수정신고한 덤핑방지관세(51.77%)를 경정·환급해야 한다.,"형사판결은 행정처분과 목적이 다른 별개 사안이다. 조립은 수입 조립부품을 나사·와셔 등 최소단위 국산 부품으로 고정하는 단순 공정이고, 쟁점물품은 발열·온도유지라는 전기다리미의 본질적 특성을 갖추었으므로 미조립 완제품으로서 8516.40(덤핑방지관세 대상)에 분류된다.",심사청구를 기각한다.,기각,N,"쟁점은 쟁점물품을 덤핑방지관세(51.77%)가 적용되는 완제품 세번 8516.40으로 볼지, 부분품 세번 8516.90(기본 8%)으로 볼지이다. 원문에 사실관계 및 판단 본문이 수록되어 있지 않고, 결론에서 청구인 주장이 이유 없다고만 하여 처분청 분류(완제품)를 유지하였다.",분류,,,낮음,원문(CLIP)에 판단 본문이 비어 있어 판단 근거는 주장과 결론으로만 추정. 부과대상 여부가 HSK 분류(완제품/부분품)로 갈린 사건이라 조사범위로 두었음. 부령 제명 인용 없음.
D002,관세청 심사청구,부산세관-심사-2002-109,2003-05-23,해당건은 제목이 없습니다.,부산세관-심사-2002-109,,D002,D002,쟁점,공급자·세율,,CD-R(Compact Disc Recordable). 청구인은 홍콩산으로 신고했으나 처분청은 덤핑방지관세(51.72%)가 적용되는 대만산으로 봄,신고 8523.90-0000 / 처분청 8523.90-0000(품목번호는 다툼 없음),"덤핑방지관세 부과 뒤로는 대만산을 수입하지 않았고 쟁점물품의 생산자는 홍콩 업체로서 원산지증명서, 등기부등본, 제조업체증명서, 선하증권으로 입증된다. 대만산이라는 증거는 기존 대만 공급업체 담당자와의 이메일뿐이므로 홍콩산 물품을 대만산으로 간주해 덤핑방지관세를 부과한 것은 부당하다.",청구인이 대만 공급업자들과 이메일로 덤핑방지관세 회피 방법을 논의한 끝에 대만산 CD-R을 홍콩·중국으로 보낸 뒤 다시 선적하고 원산지서류를 홍콩·중국산으로 갖추어 신고하는 수법으로 관세를 포탈한 사실이 조사에서 확인되었으므로 추징은 정당하다.,심사청구를 기각한다.,기각,N,"결정문에는 쟁점(쟁점물품이 덤핑방지관세가 적용되는 대만산인지)만 적혀 있고 사실관계 및 판단 본문이 비어 있다. 결론은 청구 주장에 이유가 없다는 것뿐이며, 처분청이 제시한 이메일 등 우회수입 정황을 받아들인 것으로 보인다.",,,,중간,"원산지(대만산 여부)로 부과대상 여부가 갈린 사건이라 조사범위로 볼 여지도 있으나, 물품 정의가 아니라 원산지 허위신고라는 사실판단이 쟁점이어서 기타로 둠. 판단 이유 본문이 원문에 없음. 부과 규칙 제명 인용 없음. [v2] issue_group을 기타에서 공급자·세율로 바꿈(4절 원산지 우회 규칙)."
D003,관세청 심사청구,서울세관-심사-2002-107,2003-05-23,해당건은 제목이 없습니다.,서울세관-심사-2002-107,,D003,D003,쟁점,공급자·세율,,CD-R(Compact Disc Recordable). 홍콩산·중국산으로 원산지 신고해 양허관세 0%로 4회 수입,신고 8523.90-0000 / 처분청 8523.90-0000,"대만산 CD-R에 덤핑방지관세가 부과된 이후에는 홍콩·중국 심천·상해 생산자의 물품만 수입했고 원산지증명서, 등기부등본, 제조업체증명서, 선하증권으로 입증된다. 처분청은 대만 공급업체 담당자와의 이메일만으로 대만산으로 간주했으므로 부과처분은 취소되어야 한다.","청구인이 대만 공급업자들과 이메일로 덤핑방지관세 회피 방법을 논의하고, 대만산 CD-R을 홍콩·중국으로 보낸 뒤 다시 선적해 원산지서류를 홍콩·중국산으로 갖추어 신고한 사실이 조사에서 확인되었으므로, 대만산 덤핑방지관세(51.72%) 포탈세액 추징은 정당하다.",심사청구를 기각한다.,기각,N,"쟁점은 쟁점물품이 덤핑방지관세가 적용되는 대만산인지 여부이다. 원문에 판단 본문이 수록되어 있지 않고 결론에서 청구인 주장이 이유 없다고 하여, 제3국 경유 우회수입으로 본 처분청의 원산지 판단과 덤핑방지관세 추징을 유지하였다.",,,,중간,물품 범위가 아니라 원산지(공급국) 해당 여부를 다툰 우회수입 사건이라 기타로 둠. 조사범위로 볼 여지도 있음. 원문에 판단 본문 없음. [v2] issue_group을 기타에서 공급자·세율로 바꿈(4절 원산지 우회 규칙).
D004,조세심판원,국심2003관0206,2005-11-01,적법한 청구인지 여부 (각하),,procedural,D004,D004,쟁점,불복 적격,"관세법 제51조의 규정에 따른 OOOOO·OO산 정보용지 및 OOO에 대한 덤핑방지관세부과에 관한 규칙(OOOOO령 제330호, 2003.11.7.)","외국 생산자가 생산해 우리나라로 수출하는 정보용지 등(OOO 등, 물품명 일부 마스킹)",,외국회사인 청구법인이 무역위원회의 덤핑판정과 이에 따라 제정된 덤핑방지관세 부과 규칙이 반덤핑협정과 관세법 시행령 제65조에 위배되므로 덤핑판정은 취소되어야 하고 규칙은 무효라고 주장함.,원문에 처분청 의견이 따로 적혀 있지 않음.,심판청구를 각하함,각하,N,"관세법 제119조의 불복은 관세법령에 의한 '처분'을 받은 자에게 허용되는데, 덤핑판정과 그에 따라 제정된 규칙은 일반적·추상적 법령의 제정·공포일 뿐 처분이 아니고, 청구법인은 외국회사로서 규칙에 근거한 덤핑방지관세 부과처분을 받은 사실도 없으므로 처분과 당사자 적격이 없는 부적법한 청구라고 봄.",,,국심2006관0190(따른결정),높음,기관명·국가명이 마스킹되어 있으나 문맥상 무역위원회 덤핑판정과 재정경제부령으로 보임. [v2] decision_group D004(D004·D005·D006): 국심2003관0206·0207·0208은 사건번호 줄과 마침표 하나만 다르고 본문과 결정일(2005-11-01)이 같다. [v2] 세 청구법인이 서로 다른 외국 공급자일 수 있으나 가림 처리로 구별되지 않아 본문 동일 기준으로 묶음.
D005,조세심판원,국심2003관0207,2005-11-01,적법한 청구인지 여부 (각하),,procedural,D004,D005,쟁점,불복 적격,"관세법 제51조의 규정에 따른 OOOOO·OO산 정보용지 및 OOO에 대한 덤핑방지관세부과에 관한 규칙(OOOOO령 제330호, 2003.11.7.)",OOOOO 및 OO에서 생산되어 우리나라로 수출되는 정보용지 및 OOO(청구법인이 수출하는 물품),,외국 수출회사인 청구법인은 OOOOO의 덤핑판정과 이에 따른 덤핑방지관세 부과 규칙이 WTO 반덤핑협정(GATT 제6조 이행협정)과 관세법 시행령 제65조에 위배되므로 덤핑판정은 취소되고 규칙은 무효라고 주장한다.,결정문에 처분청 의견이 따로 적혀 있지 않다.,심판청구를 각하합니다.,각하,N,"관세법 제119조의 불복은 관세법 등에 의한 '처분'을 받은 자만 할 수 있다. 덤핑판정과 그에 따라 제정된 부과 규칙은 일반적·추상적인 법령의 제정·공포일 뿐 처분이 아니고, 청구법인은 외국회사로서 규칙에 근거한 덤핑방지관세 부과처분을 받은 사실도 없어 처분과 당사자 적격이 없는 부적법한 청구다.",,,,높음,판정기관·부령 제정 부처 이름이 OOOOO로 가려져 있어 부령 제명은 원문 표기대로 옮겼다. [v2] decision_group D004(D004·D005·D006): 국심2003관0206·0207·0208은 사건번호 줄과 마침표 하나만 다르고 본문과 결정일(2005-11-01)이 같다.
D006,조세심판원,국심2003관0208,2005-11-01,적법한 청구인지 여부 (각하),,procedural,D004,D006,쟁점,불복 적격,"관세법 제51조의 규정에 따른 OOOOO·OO산 정보용지 및 OOO에 대한 덤핑방지관세부과에 관한 규칙(OOOOO령 제330호, 2003.11.7.)",OOOOO에서 생산된 정보용지 등 종이류(쟁점물품). 국내 제지업계 신청으로 덤핑판정 후 2.80~8.99% 덤핑방지관세 부과,,"외국 수출회사인 청구법인은 무역위원회로 보이는 기관(OOOOO)의 덤핑판정과 이를 근거로 제정된 부과 규칙이 GATT 제6조 이행협정과 관세법 시행령 제65조에 위배되므로, 덤핑판정은 취소되어야 하고 부과 규칙은 무효라고 주장한다.",결정문에 처분청 의견은 따로 실려 있지 않다.,심판청구를 각하합니다.,각하,N,관세법 제119조의 불복은 관세법 등에 의한 '처분'을 받았거나 필요한 처분을 받지 못한 자만 할 수 있다. 덤핑판정과 이에 따라 제정된 부과 규칙은 일반적·추상적 법령의 제정·공포일 뿐 처분이 아니다. 청구법인은 외국회사로서 그 규칙에 근거한 부과처분을 받은 사실도 없으므로 처분과 당사자 적격을 갖추지 못한 부적법한 청구다.,,,,높음,기관명·국명·부령 소관이 OOO로 가려져 있어 부령 제명을 원문 그대로 옮김. [v2] decision_group D004(D004·D005·D006): 국심2003관0206·0207·0208은 사건번호 줄과 마침표 하나만 다르고 본문과 결정일(2005-11-01)이 같다.
D007,조세심판원,국심2006관0190,2007-03-02,본안심리에 앞서 이 건 심판청구가 적법한 청구인지에 대하여 살펴본다.(각하),,procedural,D007,D007,쟁점,불복 적격,중국산 도자기질 타일 덤핑방지관세 부과 규칙(재정경제부령 제509호),중국 공급자로부터 수입한 도자기질 타일(규격 기재 없음),,"무역위원회와 재정경제부장관이 덤핑·피해 조사와 부과 결정 과정에서 위법·부당한 법률에 기초해 덤핑방지관세 부과 규칙을 제정했으므로 규칙은 취소되어야 하고, 2006.1.10.~10.17. 28건 수입분에 신고납부한 덤핑방지관세는 환급되어야 한다.",결정문에 처분청 의견이 따로 적혀 있지 않다.,심판청구를 각하합니다.,각하,N,"관세법 제119조의 불복은 처분을 받은 자에게만 허용된다. 무역위원회 판정과 부과 건의에 따라 재정경제부장관이 제정한 덤핑방지관세 규칙은 일반적·추상적 법령의 제정·공포일 뿐 처분이 아니고, 청구법인이 규칙에 따라 덤핑방지관세를 스스로 신고납부하고 처분청이 수령한 것은 사실행위에 불과하다. 따라서 불복 대상 처분이 없는 부적법한 청구로 각하한다.",,,국심2003관0206,높음,"판단 근거로 든 같은 뜻의 선례 2건(2005.11.1., 1996.12.6.)은 사건번호가 가려져 있다. 본안(규칙의 위법성)은 판단하지 않았다."
D008,조세심판원,국심2006관0161,2007-06-25,이 건 쟁점물품의 수입가격이 정상가격으로서 덤핑방지관세 대상으로 볼 수 없다고 하여 제기한 환급경정청구를 거부한 처분의 당부(기각),,scope-incidental,D008,D008,쟁점,조사범위,"관세법 제51조에 따른 중국산 도자기질 타일에 대한 덤핑방지관세의 부과에 관한 규칙(재정경제부령 제509호, 2006.5.30.)",점토·고령토를 주원료로 한 도자기 재질 타일로 건축물 외벽·내장·바닥용. 수입단가 1㎡당 미화 5~6불,신고 6908.90-9000 / 처분청 6908.90-9000,"제소자들이 덤핑 근거로 든 수출단가(㎡당 2.71불)보다 높은 5불에 수입했으므로 덤핑이 아니다. 무역위원회 조사에서 소명 기회 없이 현지법인이 '그 밖의 공급자'로 분류되어 관세법 제52조의 자료협조 절차를 어겼으므로, 위법한 규칙에 따라 낸 덤핑방지관세 13.33%분을 환급해야 한다.",공급자가 규칙 별표의 '그 밖의 공급자'에 해당하여 덤핑방지관세율 13.33%를 적용해 신고납부한 것은 적법하다. 쟁점물품을 덤핑방지관세 대상이 아니라고 하는 것은 관련 규정을 잘못 이해한 것이므로 경정청구 거부는 정당하다.,심판청구를 기각합니다,기각,N,"쟁점물품은 규칙이 정한 관세율표번호 6908.90-9000으로 수입된 중국산 도자기질 타일이고, 공급자는 규칙 별표의 '그 밖의 공급자'에 해당할 수밖에 없다. 수입가격이 정상가격이라는 사정만으로 현행 규정상 부과대상에서 제외할 수 없으므로 환급경정청구 거부는 잘못이 없다. 절차 위법 주장은 따로 판단하지 않았다.",분류,,,중간,"청구 취지는 '덤핑방지관세 대상으로 볼 수 없다'여서 조사범위로도 볼 수 있으나, 물품 정의가 아니라 공급자의 수출가격과 '그 밖의 공급자' 세율 적용을 다툰 것으로 보아 공급자·세율로 두었다. 결정문의 국명은 OO산으로 가려져 있으나 같은 부령 제509호를 D007이 중국산으로 적고 있다. [v2] issue_group을 공급자·세율에서 조사범위로 바꿈. 초벌은 청구인 주장(수출가격 정상)을 근거로 했으나 4절은 결정기관의 판단으로 정하게 했고, 심판원은 관세율표번호로 부과대상임을 확인하고 제외할 수 없다고 판단했다."
D009,조세심판원,조심2009관0118,2009-11-11,쟁점물품에 대하여 납부한 덤핑방지관세 를 환급하여 달라는 경정청구를 거부한 처분의 당부(경정),,other,D009,D009,쟁점,기타,"관세법 제51조에 따른 중국산 도자기질 타일에 대한 덤핑방지관세의 부과에 관한 규칙(재정경제부령 제509호, 2005.12.30.) ; 중국산 도자기질 타일에 대한 덤핑방지관세의 부과에 관한 규칙(기획재정부령 제40호, 2008.12.23.)",중국산 도자기질 타일(공급자는 개정규칙 별표 제13호로 세율 0%가 된 업체). 2007.1.2.~2008.10.28. 149건 수입분,신고 6908.90-9000 / 처분청 6908.90-9000,"상황변동 재심사를 거쳐 개정규칙(기획재정부령 제40호)으로 공급자의 덤핑방지관세율이 0%로 변경되었고, 재심사 조사대상기간이 2007년이므로 쟁점물품을 덤핑수입한 사실이 없음이 인정된다. 따라서 이미 납부한 덤핑방지관세를 환급해 달라는 경정청구를 거부한 처분은 잘못이다.","관세는 수입신고 당시의 법령에 따라 부과하며(관세법 제17조), 개정규칙은 부칙상 공포일(2008.12.23.)부터 시행되므로 그 전에 수입신고된 쟁점물품에는 종전 규칙의 13.33%가 적용된다. 또한 2007.6.28.까지 신고분은 경정청구기간(2년)을 지나 적법한 청구가 아니다.","2007.1.2.~2007.6.28. 수입신고분은 각하, 2007.6.29.~2008.10.28. 수입신고분은 기각",기각,N,"경정청구기간 2년이 지난 수입신고분에 대한 경정청구는 단순 민원에 불과하고 그 거부도 불복 대상 처분이 아니므로 각하한다. 나머지는 관세법 제17조에 따라 수입신고 당시 법령을 적용하고, 세율을 0%로 바꾼 개정규칙은 부칙상 공포일부터 시행되므로 시행일 전 수입분에 소급 적용할 수 없어 경정청구 거부는 정당하다.",,청구인: 무역위원회 상황변동 재심사의 조사대상기간이 2007.1.1.~2007.12.31.이므로 덤핑수입 사실이 없다는 점이 인정된다,국심2006관0021,중간,"주문이 일부 각하·일부 기각이라 outcome은 본안인 기각으로 둠. 각하 부분은 경정청구기간 도과로 불복 적격 쟁점도 함께 있음. 주쟁점은 개정규칙(세율 0%)의 시행시점·소급 여부라 기타로 분류. [v2] dispute_chain D009(D009·D012): 같은 청구인의 중국산 타일 경정청구 거부: 조심2009관0118이 경정청구기간 도과로 본 2007.1.2.~2007.6.28. 수입분을 수원지법2010구합1638이 같은 기간으로 각하하고, 상황변동재심사(세율 0%) 경위도 같다."
D010,법원,부산지법2009구합3737,2010-01-15,경정고지처분취소,부산지법2009구합3737,,D010,D010,무관,무관,,,,,,국가패(판결주문 원문 없음),인용,Y,,,,,낮음,원문에 사건명·결과(국가패)·처분청(용당세관)만 있고 판결주문·청구취지·이유가 모두 '-'로 비어 있어 덤핑방지관세 관련 여부를 확인할 수 없음. 무관은 확인 불가에 따른 잠정값
D011,조세심판원,조심2009관0065,2010-08-24,재수출면세대상물품인 쟁점물품에 대하여 덤핑방지관세 를 부과한 처분의 당부(기각),,other,D011,D011,쟁점,기타,"관세법 제51조의 규정에 따른 OO산 6축 수직다관절형 산업용 로봇에 대한 덤핑방지관세의 부과에 관한 규칙(OOOOO령 제463호, 2005.9.16.)",차체조립용 용접로봇(6축 수직다관절형 산업용 로봇). 수출물품 사양 확인용으로 일시수입 후 재수출하는 물품,,"쟁점물품은 수출용 차체 용접·조립라인의 사양 확인용으로만 쓰고 재수출하는 일시수입물품이어서 국내산업에 피해를 주지 않고 국내물품과 경쟁하지도 않으므로, 일시수입 이행지침과 덤핑방지관세 취지에 비추어 재수출면세 시 덤핑방지관세도 면제되어야 함.","개정 교토협약 특별부속서 G는 국내법이 부분 면제를 정할 수 있게 하고, 관세법 시행령 제111조 제2항은 특별한 규정이 없으면 덤핑방지관세율은 면제되는 관세의 범위에 포함되지 않는다고 정하므로, 재수출면세 물품이라도 덤핑방지관세를 부과한 처분은 정당함.",심판청구를 기각함,기각,N,"시행령 제111조 제2항이 면제 범위에 특별 규정이 없으면 덤핑방지관세율은 면제 범위에 포함되지 않는다고 명시하고, 감면·환급특례법상 환급에서도 덤핑방지관세 상당액이 제외되며, 일시수입물품이라도 국내산업 피해 우려가 없다고 단정할 수 없고, 2005~2010년 감면대상 물품 99건 모두 덤핑방지관세가 납부된 점을 들어 부과처분이 정당하다고 봄.",,,,높음,"부과대상 해당 여부는 다툼이 없고 재수출면세가 덤핑방지관세에도 미치는지가 쟁점이어서 기타(감면)로 둠. [v2] 대구지법2010구합4096(D016)과 쟁점(재수출면세 일시수입물품, 교토협약 부속서 G, 시행령 제111조)이 같아 전심일 가능성이 높으나 D016 원문에 청구인·물품·수입기간·처분일이 없어 잇지 않음."
D012,법원,수원지법2010구합1638,2010-09-29,세액경정기각처분취소,수원지법2010구합1638,,D012,D009,쟁점,기타,,원문에 물품 서술 없음(2007.1.2.~2007.6.28. 등 신고납부한 관세에 덤핑방지관세 포함),,"덤핑방지관세 부과규칙(구 규정)이 무효이고, 조세법률주의·실질과세원칙·재산권보장·세액경정청구제도·덤핑재심사제도·과오납환급제도에 반하는 위헌·위법 규정이므로 이에 따라 신고납부한 관세의 경정청구를 거부한 처분은 취소되어야 한다는 취지",원문에 피고 주장 기재 없음(판결 요지만 수록),"2007.1.2.~2007.6.28. 신고납부분 경정청구 거부 취소청구 부분 각하, 나머지 청구 기각",기각,N,"구 규정(덤핑방지관세규칙)의 무효를 전제로 한 주장은 이유 없고, 구 규정이 조세법률주의 등에 반하는 위헌·위법 규정이라는 주장도 이유 없다. 원고는 상황변동재심사만 하였을 뿐 환급재심사를 신청하지 않은 점 등에 비추어 경정청구 거부는 적법하다. 일부 기간분 청구는 각하되었다(각하 사유는 원문에 없음).",,,,낮음,"판결 요지만 3줄 수록되어 물품·규칙 제명·각하 사유를 알 수 없음. 쟁점이 부과규칙 효력·환급재심사 절차여서 정의된 유형에 딱 맞지 않아 기타로 둠(불복 적격으로 볼 여지도 있음). 일부 각하·나머지 기각이나 국가승이므로 기각 [v2] dispute_chain D009(D009·D012): 같은 청구인의 중국산 타일 경정청구 거부: 조심2009관0118이 경정청구기간 도과로 본 2007.1.2.~2007.6.28. 수입분을 수원지법2010구합1638이 같은 기간으로 각하하고, 상황변동재심사(세율 0%) 경위도 같다."
D013,조세심판원,조심2010관0134,2010-12-24,쟁점물품의 수출자가 공급자 및 같은 기업의 제품을 수출하는 자와 특수관계에 해당되는지 여부(기각),,supplier-rate,D013,D013,쟁점,공급자·세율,"관세법 제51조에 따른 중국산 차아황산소다에 대한 덤핑방지관세 부과에 관한 규칙(재정경제부령 제601호, 2008.1.31.)",중국산 차아황산소다(부령상 관세율표번호 2831.10-1000). 부과대상 물품임에는 다툼 없음,,"처분청이 특수관계의 증거로 든 사설 신용정보회사 자료는 믿을 수 없고, 청구법인이 다른 신용정보회사로 확인한 정관상 특수관계가 없다. 포털 사이트는 온라인 판매사이트에 불과하며 그룹 홈페이지에 수출자가 계열사로 없으므로, 수출자는 '그 밖의 공급자'로서 그 세율을 적용해야 한다.","신용정보회사 조회 결과 별표 제2호 공급자 측이 수출자 지분을 100%·50% 이상 소유한 계열사로 확인되고, 포털과 그룹 홈페이지(2009.5.18. 현재)에도 계열사로 소개되었다. 이후 홈페이지 삭제는 증거 회피 조치로 보이므로 특수관계자로서 제2호 공급자의 세율 36.18%를 적용한 것은 정당하다.",심판청구를 기각한다.,기각,N,"쟁점물품은 부과대상 물품이고, 쟁점은 수출자가 별표 제2호 공급자와 관세법 시행령 제23조 제1항의 특수관계에 있는지이다. 기업신용정보상 지분 관계, 포털 자기소개, 그룹 홈페이지 계열사 목록과 대표 겸직, 그룹 뉴스 기록을 종합하면 직·간접 지배를 받는 계열사이다. 홈페이지 삭제는 사후 조치일 수 있고 수입기간에 가까운 2009년 지분정보를 따르는 것이 타당하므로, 제2호 공급자 세율(36.18%) 적용은 잘못이 없다.",,,,높음,
D014,조세심판원,조심2010관0135,2010-12-24,물품의 수출자가 공급자와 특수관계에 해당되는지 여부(기각),,supplier-rate,D014,D014,쟁점,공급자·세율,"관세법 제51조에 따른 중국산 차아황산소다에 대한 덤핑방지관세 부과에 관한 규칙(재정경제부령 제601호, 2008.1.31.)",차아황산소다(관세율표번호 2831.10.1000). 중국 수출자로부터 수입,,"처분청이 특수관계 증거로 낸 사설 신용정보회사 자료는 믿을 수 없고, 다른 신용정보회사를 통해 정관상 특수관계가 없음을 확인했다. 인터넷 포털은 판매사이트에 불과하며 공급자 홈페이지에 수출자가 계열사로 게시되어 있지 않다. 공적 문서로 입증하지 않은 채 특수관계를 인정할 수 없다.","신용정보회사 조회 결과 별표 제2호 공급자가 수출자 지분 100%를 소유하고, 포털에서 수출자 스스로 그 그룹 일원이라 소개하며, 2009.5.18. 공급자 홈페이지 계열사 목록에 수출자가 있었다. 이후 목록에서 삭제된 것은 증거 활용을 막으려는 사후 조치이므로, 특수관계자로서 제2호 공급자 세율을 적용해야 한다.",심판청구를 기각한다.,기각,N,"2009.8.21. 기준 신용정보상 공급자의 100% 지분 소유, 포털 소개, 2009.5.18. 홈페이지 계열사 목록, 대표자 겸직을 적은 공고, 그룹뉴스 기록을 종합하면 수출자는 별표 제2호 공급자의 직·간접 지배를 받는 계열사로서 관세법 시행령 제23조 제1항의 특수관계에 해당한다. 이후 홈페이지 목록 삭제는 사후조치일 수 있고, 수입기간에 더 가까운 지분정보가 우선하므로 별표 주에 따라 제2호 공급자 세율을 적용한 처분은 잘못이 없다.",,,,높음,"결정문 제명의 국명은 OO산으로 가려져 있으나 규칙 별표의 공급국이 중국이다. 적용 세율 수치는 가려져 있다(별표상 제2호 36.18%, 그 밖의 공급자 13.41%)."
D015,조세심판원,조심2010관0181,2010-12-27,"쟁점물품의 수출자가 ""공급자 및 같은 기업의 제품을 수출하는 자“와 특수관계에 해당되는지 여부(기각)",,supplier-rate,D015,D015,쟁점,공급자·세율,"관세법 제51조에 따른 OO산 차아황산소다에 대한 덤핑방지관세 부과에 관한 규칙(재정경제부령 제601호, 2008.1.31.)",OO산(별표상 중국) 차아황산소다. 청구법인이 그 밖의 공급자 세율로 신고한 수입분(2008.6.17.~2009.4.28. 수입기간),,"처분청이 특수관계의 근거로 든 사설 신용정보회사 자료와 온라인 판매 포털 정보는 신뢰할 수 없고, 다른 신용정보회사를 통해 확인한 회사 정관상 특수관계가 없다. 그룹 홈페이지 계열사 목록에도 수출자가 없으며, 공동연설 사실이 있더라도 그것만으로 특수관계로 볼 수 없다.","기업신용정보 조회 결과 별표 제2호 공급자가 수출자 지분 100%를 소유하고, 포털과 2009년 그룹 홈페이지에 수출자가 계열사로 올라 있었다. 이후 계열사 목록에서 삭제된 것은 특수관계 입증을 막기 위한 사후 조치로 보이므로 별표 주)에 따라 해당 공급자의 세율을 적용해야 한다.",심판청구를 기각한다.,기각,N,"신용정보상 지분 100% 소유, 포털의 자기소개, 2009년 그룹 홈페이지의 계열사 명단, 대표자의 그룹 총재와 수출자 총경리 겸직 공시, 그룹뉴스 기재 등을 종합하면 수출자는 별표 제2호 공급자의 직·간접 지배를 받는 계열사로서 관세법 시행령 제23조 제1항의 특수관계에 해당한다. 계열사 목록 삭제는 사후 조치일 수 있고 수입기간에 가까운 2009년 지분정보가 더 적절하므로 해당 공급자 세율 적용은 정당하다.",,,,높음,원문에서 공급국이 OO으로 가려져 있으나 규칙 별표에 중국이 적혀 있음. 신고 HSK는 나오지 않음(규칙상 2831.10.1000).
D016,법원,대구지법2010구합4096,2011-08-17,관세부과처분취소 청구,대구지법2010구합4096,,D016,D016,쟁점,기타,,재수출이 예정된 일시수입물품으로서 '수출물품 사양확인용 물품'(구체적 품명·규격 기재 없음),,"쟁점물품은 구 관세법 제97조와 시행규칙 제50조의 수출물품 사양확인용 물품으로 면세대상이고, 개정교토협약 특별부속서 G의 일시수입물품이다. 이 조항은 관세법 시행령 제111조의 '특별한 규정'에 해당하므로 덤핑방지관세도 면제되어 부과대상이 아니다.",판결요약에 피고 주장이 따로 적혀 있지 않다. 판결 취지상 시행령 제111조제2항에 따라 감면 대상이라도 덤핑방지관세는 면제되지 않는다는 입장이다.,원고의 청구를 기각한다. 소송비용은 원고가 부담한다.,기각,N,"관세법 제97조제1항과 개정교토협약 모두 면제 관세의 범위를 특별히 정하지 않았다. 교토협약 G 제1장 3표준 단서와 이행지침상 일부 종목만 면제할 수 있어, 덤핑방지관세 등을 면제 범위에서 뺀 시행령 제111조제2항은 협약에 배치되지 않는다. WTO 반덤핑협정 제9조제2항상 감면 시에도 덤핑방지관세를 부과할 수 있고, 교토협약은 국회 비준동의를 받지 않았으므로 3표준 본문은 '특별한 규정'이 아니다. 처분은 적법하다.",,,,높음,판결 원문이 아닌 요약(청구취지·판결이유 요지)만 있다. 물품 정의가 아니라 감면 규정이 덤핑방지관세에 미치는지를 다투어 기타(감면)로 두었다. [v2] dispute_chain D016(D016·D017): CLIP 소송 사건 12010000047의 1심(대구지법2010구합4096)과 항소심(대구고법2011누2355)이다. 사건명·처분청(대구세관)이 같다. [v2] 조심2009관0065(D011)의 후속 소송일 가능성이 높으나 원문에 사실관계가 없어 D011과는 잇지 않음.
D017,법원,대구고법2011누2355,2011-12-16,관세부과처분취소 청구,대구고법2011누2355,,D017,D016,무관,무관,,,,,,원고의 항소를 기각한다. 항소비용은 원고가 부담한다.,기각,N,,,,,낮음,"원문에 판결이유가 '첨부 참조'로만 되어 있고 본문이 없다. 사건명(관세부과처분취소), 처분청(대구세관), 주문만 있어 덤핑방지관세 관련성을 확인할 수 없어 무관으로 두었다. 첨부 판결문 확보 후 재검토 필요. [v2] dispute_chain D016(D016·D017): CLIP 소송 사건 12010000047의 1심(대구지법2010구합4096)과 항소심(대구고법2011누2355)이다. 사건명·처분청(대구세관)이 같다."
D018,조세심판원,조심2014관0248,2014-09-02,쟁점물품은 '기타의 폴리에스테르사'에 해당하지 않아 '폴리에스테르 텍스처드사'로 분류한 처분의 당부 등,부산세관-조심-2014-129,scope,D018,D018,쟁점,조사범위,"중국ㆍ대만 및 말레이시아산 폴리에스테르 장섬유 연신가공사에 대한 덤핑방지관세 부과에 관한 규칙(기획재정부령 제604호, 2010.5.18.)","Polyester Yarn. FDY 100D/48F SD를 모사로 700TM 연사가공한 폴리에스테르 멀티필라멘트 단사(TM사), 지제 보빈에 감은 것(1.5kg/보빈)",신고 5402.47-9000 / 처분청 5402.33-9000 (청구인은 5402.52-0000 주장),"쟁점물품은 FDY에 집속성 향상을 위한 연사가공을 한 TM사로, 가연공정을 거친 DTY(텍스처드사)의 신장·복원 특성이 없어 5402.52-0000호에 분류된다. 국내업계는 DTY만 부과를 요청했고 FDY는 대상에서 빠졌으며, 쟁점물품 수입으로 국내산업 피해도 없어 덤핑방지관세 부과는 제도 취지에 어긋난다.","현미경 분석 결과 단면에 텍스처드 특유의 찌그러짐과 꼬임 자국이 있고, FITI 시험과 중앙관세분석소 분석 모두 DTY로 판정했으므로 5402.33-9000호에 분류된다. 부과규칙 별표1의 8개 제외물품 어디에도 해당하지 않으며, 가사 TM사라도 DTY와 공정·외관·용도가 유사하여 부과대상이다.",심판청구를 기각한다.,기각,N,중앙관세분석소와 시험기관 분석에서 쟁점물품의 단면에 텍스처드 특유의 찌그러짐이 확인되고 옆면에 비텍스처드 특성 없이 일그러짐·꼬임 자국이 있으므로 텍스처드 폴리에스테르사로서 HSK 5402.33-9000호에 분류된다. 이에 따라 부과규칙의 부과대상 물품에 해당하고 기획재정부장관이 정한 제외물품 어디에도 해당하지 않아 덤핑방지관세를 부과한 처분은 잘못이 없다.,가공상태;분류,"청구인 주장: 무역위원회는 ""일부 품목을 제외한 나머지 DTY 제품의 수입으로 인해 국내산업의 피해가 지속 또는 재발할 가능성""이 있다고 판단",,높음,품목분류(텍스처드 여부) 판단이 곧 부과대상 여부를 정한 사건. 덤핑방지관세율이 8.69%와 8.68%로 섞여 적혀 있다.
D019,조세심판원,인천세관-조심-2013-234,2014-09-03,쟁점물품의 수입가격이 특수관계에 의해 영향을 받았는지 여부,인천세관-조심-2013-234,,D019,D019,언급,무관,,"특수관계자인 해외 수출자로부터 수입한 소비재(건전지 등 품목 가려짐, 여성용품 포함)",,"원가율 변동만으로 특수관계의 영향을 간주해 제4방법으로 과세가격을 정한 것은 위법하다. 건전지는 2000년부터 재정경제부와 약속한 덤핑방지 약속가격으로, 약속 종료 후에도 같은 가격 이상으로 신고했고 2006년 세관 심사도 문제 삼지 않았다. 지방국세청은 수입가격이 높다고 보아 이전가격 과세도 했다.",청구법인은 재판매가격법·거래순이익률법으로 거래가격을 정했고 자료 제출이 부실했다. 이익률이 정상범위를 넘는 것은 수입원가가 낮음을 반증하며 품목별 원가율 변동이 크다. 약속가격 승인만으로 특수관계 영향이 없다는 뜻은 아니고 약속 유효기간(2006.12.2.)이 지났으므로 제4방법 과세는 적법하다.,특수관계가 쟁점물품의 거래가격에 영향을 미쳤는지 여부를 재조사하여 그 결과에 따라 과세표준 및 세액을 경정한다.,재조사,Y,"제3자로부터 수입한 물품까지 과세한 점, 원가율이 부정확한 지표인 점, 수입가격이 기획재정부가 덤핑방지관세 부과 때 정상가격으로 인정한 약속가격과 같거나 높은 점, 2006년 세관 심사와 2010년 이전가격 과세 경위 등에 비추어 원가율이 낮다는 이유만으로 특수관계 영향을 인정하기 어렵다. 시행령 제23조에 따른 사실관계를 재조사하도록 하였다.",,,,높음,"관세평가(특수관계 영향) 사건. 덤핑방지관세 가격약속은 수입가격이 정상가격이라는 근거로만 원용됨. [v2] dispute_chain D019(D019·D043): 2013.6.28. 특수관계 과세가격 경정처분, 2013.9.24. 심판청구, 2014.9.3. 재조사결정이 인천지법2016구합50338의 처분 경위와 일치한다."
D020,조세심판원,조심2014관0414,2015-04-30,쟁점물품이 중국 OOOO사 제품인지 여부 등,서울세관-조심-2014-283,supplier-rate,D020,D020,쟁점,공급자·세율,"중국산 도자기질 타일에 대한 덤핑방지관세 부과에 관한 규칙(기획재정부령 제222호, 2011.7.20.)","중국산 도자기질(시유 벽·바닥) 타일(250×400mm 등 규격), 원산지증명서상 생산자를 저세율 공급자로 기재",,"원산지증명서는 중국 정부가 발행하고 은행을 통해 인수한 정본이라 생산자를 허위기재할 수 없고, 수출자가 제조공장을 노출하지 않아 생산자를 알지 못했다. 또 청구법인은 OOO의 단순 수입대행자일 뿐 실제 화주가 아니므로 납세의무자가 아니다.","대표의 자필 진술·피의자 신문, 수출자와 명의 생산자의 이메일 회신(거래 없음), 원산지증명서상 공급자 명의 사용을 요구한 메모로 볼 때 쟁점물품은 그 밖의 공급자 공장 제품이다. 청구법인이 계약·운송·신용장·대금결제를 직접 하고 하자책임을 져 실제 화주이며 납세의무자다.",심판청구를 기각한다.,기각,N,"수출자와 원산지증명서상 생산자가 서로 거래한 사실이 없다고 회신하였고, 청구법인이 원산지증명서에 공급자를 저세율 기업으로 기재해 달라고 요청한 사실이 임의제출 메모에서 확인되므로 공급자는 '그 밖의 공급자'이고 그 세율(16.07%) 적용은 정당하다. 수입관련서류에 청구법인이 화주로 나타나고 법령위반·하자책임을 지므로 실제 화주로서 납세의무자다.",,,대법원 2014두7572,높음,쟁점② 납세의무자(대행수입 여부)도 함께 다툼
D021,조세심판원,조심2014관0418,2015-06-03,쟁점물품의 생산자를 특정할 수 없어 덤핑방지관세 최고세율을 적용하여 관세 등을 과세한 처분의 당부,,supplier-rate,D021,D021,쟁점,공급자·세율,"중국산 도자기질 타일에 대한 덤핑방지관세 부과에 관한 규칙(기획재정부령 제222호, 2011.7.20.)",중국산 도자기질 타일(백화점 의류매장 인테리어용). 수입수량이 적어 수출자가 구매대행사를 통해 도매시장에서 구매해 수출,신고 6907.90-1000 / 처분청 6907.90-1000(품목번호는 다툼 없음),소량 수입이어서 수출자가 구매대행사를 통해 도매시장에서 특정 생산자(OOO)의 제품을 사서 수출했다. 구매대행사의 공증된 사실확인서로 생산자가 입증되었으므로 생산자증명서가 없다는 이유로 최고세율을 적용한 것은 부당하다. 또 수입가격이 이미 높아 추가 과세는 부당하다.,"낮은 세율을 적용받으려면 수입자가 생산자를 명백히 증명해야 한다. 해외거래처를 OOO로 신고했으나 실제 수출자는 달랐고, 관세청 문의에 해당 생산자는 그 수출자에게 판매한 적이 없다고 회신했다. 사후에 낸 구매대행사 확인서만으로는 생산자를 특정할 수 없다. 수입가격 주장은 이 처분과 관계없다.",심판청구를 기각한다.,기각,N,"쟁점물품은 부과대상 물품이고 공급자(생산자)에 따라 세율이 달라 생산자 확인이 필요하다. 실제 수출자가 신고한 해외거래처와 다르고, 지목한 생산자는 그 수출자에게 판매한 사실이 없다고 답했으며, 구매대행사 사실확인서만으로는 입증이 부족하다. 청구법인도 생산자를 특정할 자료가 없다고 진술했으므로, 생산자를 특정할 수 없다고 보아 최고세율을 적용한 처분은 잘못이 없다.",,,조심2020관0161(따른결정),높음,관세청 생산자 확인 지침의 문서번호와 날짜는 원문에서 OOO로 가려져 있음. [v2] D023(성남세관-조심-2014-353)과 본문이 서식만 다르고 같으나 결정일이 2015-06-03과 2015-10-14로 달라 규칙상 같은 decision_group으로 묶지 않았다. 같은 결정의 CLIP 사본일 가능성이 높다.
D022,조세심판원,조심2015관0056,2015-06-05,쟁점물품의 생산자를 허위로 기재하여 낮은 덤핑방지관세 율을 적용한 것으로 보아 관세 등을 과세한 처분의 당부,서울세관-조심-2014-369,supplier-rate,D022,D022,쟁점,공급자·세율,중국산 도자기질 타일에 대한 덤핑방지관세 부과에 관한 규칙,"중국산 도자기질 타일(600×600mm 등), 원산지증명서상 생산자를 저세율 공급자로 기재하여 수입",,"원산지증명서는 수출자가 발급받은 것으로 청구인이 생산자를 허위신고하지 않았고, 검찰도 쟁점물품분은 기소하지 않았다. 생산자확인서는 다른 수출자 물품에 관한 것이다. 다른 업체는 생산자증명서 제출 의무화 이후 수입분만 문제 삼았으므로 그 이전분을 경정한 것은 형평에 반한다.",청구인 피의자신문조서와 청구인이 수출자로부터 받아 제출한 생산자확인서로 쟁점물품의 실제 생산자가 고세율 공급자임이 확인되므로 그 세율을 적용한 처분은 적법하다.,"실제 생산자가 누구인지 재조사하여 적용할 덤핑방지관세율 및 세액을 경정하고, 나머지 청구는 기각",재조사,Y,생산자확인서는 다른 수출자가 작성한 것이고 수출기간 기재가 맞지 않으며 검찰이 쟁점물품분을 기소하지 않은 점에서 허위기재라 단정하기 어렵다. 그러나 동일 수출자 물품에서 허위기재가 확인되었고 원산지증명서 외에 생산자를 확인할 근거가 부족하므로 실제 생산자를 재조사하여 세율을 경정한다. 세관 공문은 서류요건 강화에 관한 것으로 형평성 주장은 배척.,,,,높음,일부 재조사·나머지 기각. 연도 등 상당 부분이 OOO로 가려짐
D023,조세심판원,성남세관-조심-2014-353,2015-10-14,청구법인이 제출한 자료만으로는 생산자를 특정할 수 없다 하여 쟁점물품에 덤핑방지관세 최고세율을 적용하여 과세한 처분의 당부,성남세관-조심-2014-353,,D023,D023,쟁점,공급자·세율,,OOO 소재 수출자가 구매대행사를 통해 도매시장에서 산 내수용 타일(청구법인은 특정 생산자 제품이라 주장). 백화점 매장 인테리어용,신고 6907.90-1000 / 처분청 6907.90-1000,"소량이라 제조공장에서 직접 수입할 수 없어 구매대행사가 도매시장에서 특정 생산자의 타일을 사 수출한 것이다. 생산자증명서가 없다고 최고세율을 적용한 것은 부당하며, 구매대행사의 공증된 사실확인서로 생산자를 입증했다. 수입가격도 높아 이미 관세와 덤핑방지관세를 부담했다.","낮은 세율을 적용받으려면 수입자가 생산자를 명백히 증명해야 한다. 신고한 해외거래처와 실제 판매자가 다르고, 청구법인이 주장한 생산자는 해당 수출자에게 판 적이 없다고 회신했으므로 구매대행사의 사실확인서만으로 생산자를 특정할 수 없다. 수입가격이 높다는 주장은 세율 적용과 무관하다.",심판청구를 기각한다.,기각,N,"쟁점물품은 덤핑방지관세 부과대상으로 생산자에 따라 세율이 달라지므로 생산자 확인이 필요하다. 실제 수입처가 신고한 해외거래처와 다르고, 주장된 생산자는 판매 사실을 부인했으며, 구매대행사 사실확인서만으로는 입증이 부족하고, 청구법인도 생산자를 특정할 자료가 없다고 진술했다. 따라서 생산자를 특정할 수 없다고 보아 최고세율을 적용한 처분은 잘못이 없다.",,,,높음,"부과 규칙의 제명은 인용되지 않음(타일, HSK 6907.90-1000으로 보아 중국산 도자기질 타일 규칙으로 추정). 관세청 지침의 문서번호와 날짜는 가려져 있음. [v2] D021(조심2014관0418, 2015-06-03)과 본문이 같으나 결정일이 달라 decision_group으로 묶지 않았다. 같은 결정의 CLIP 사본일 가능성이 높다."
D024,조세심판원,부산세관-조심-2015-120,2015-12-15,이 건 심판청구가 적법한 청구인지 여부,부산세관-조심-2015-120,,D024,D024,언급,무관,,OOO 등이 수입신고한 OOO(물품명 가림). 실제 납세의무자를 청구법인으로 바꿔 수정수입세금계산서를 발급한 물품,,결정문에 청구인 주장이 따로 적혀 있지 않다. 처분청이 청구법인을 납세의무자로 하여 발급한 수정수입세금계산서의 취소를 구한 것으로 보인다.,결정문에 처분청 주장이 따로 적혀 있지 않다.,심판청구를 각하한다.,각하,N,수정수입세금계산서는 선행 부과처분(덤핑방지관세율 부정 적용·저가신고에 따른 경정)에 따라 부가가치세법상 발급되는 것이고 매입세액 공제도 받을 수 있어 불이익한 처분으로 보기 어렵다. 선행처분이 취소된 적 없고 발급 취소 신청·거부도 없으므로 불복 대상이 없는 부적법한 청구다.,,,,높음,덤핑방지관세는 선행 관세포탈 조사(덤핑방지관세율 부정 적용)의 경위로만 나온다. 같은 날 결정된 D026(창원세관-조심-2015-56)과 같은 사실관계로 보인다. [v2] decision_group D024(D024·D025): 부산세관-조심-2015-120과 인천세관-조심-2015-119는 사건번호·처분청명만 다르고 본문과 결정일(2015-12-15)이 같다. [v2] 청구법인과 물품이 가려져 있으나 “OOO 외 3개 업체”가 수입한 물품의 실제 납세의무자를 청구법인으로 본 창원세관 처분 경위가 D026·D052와 비슷하다. 청구인을 확인할 수 없어 dispute_chain으로 잇지 않음.
D025,조세심판원,인천세관-조심-2015-119,2015-12-15,이 건 심판청구가 적법한 청구인지 여부,인천세관-조심-2015-119,,D024,D025,언급,무관,,"다른 업체 명의로 수입된 물품(OOO, 물품명 마스킹)",,원문에 청구인 주장이 기재되어 있지 않음. 실제 납세의무자 변경에 따라 발급된 수정수입세금계산서의 취소를 구한 것으로 보임.,원문에 처분청 주장이 기재되어 있지 않음.,심판청구를 각하함,각하,N,"세관장이 덤핑방지관세율 부정 적용 조사 결과 실제 납세의무자를 청구법인으로 보아 관세 등을 경정하자 처분청이 수정수입세금계산서를 발급한 사안에서, 선행 부과처분이 취소되지 않았고 수정수입세금계산서로 매입세액 공제도 받을 수 있어 그 발급 자체를 불이익한 처분으로 볼 수 없으며 발급 취소 신청·거부도 없으므로 불복 대상이 없다고 봄.",,,,높음,"덤핑방지관세율 부정 적용은 선행 조사의 배경 사실로만 나오고, 다툰 대상은 부가가치세 수정수입세금계산서 발급임. [v2] decision_group D024(D024·D025): 부산세관-조심-2015-120과 인천세관-조심-2015-119는 사건번호·처분청명만 다르고 본문과 결정일(2015-12-15)이 같다."
D026,조세심판원,창원세관-조심-2015-56,2015-12-15,① 청구법인을 쟁점물품①의 실제 납세의무자로 볼 수 있는지 여부 / ② 청구법인이 수입한 쟁점물품②의 과세가격이 적정한지 여부,창원세관-조심-2015-56,,D026,D026,언급,무관,,OOO(물품명 가림). 청구법인 로고가 찍힌 제품으로 OOO 공장에서 생산되어 OOO 등 명의로 수입된 쟁점물품①과 청구법인 명의로 수입된 쟁점물품②,,쟁점물품①은 수출자와 교섭·신용장 개설·대금 지급을 모두 OOO 등이 했고 청구법인은 견적서대로 대금만 지급했으며 포탈 이익도 OOO 등에 귀속되어 실제 납세의무자가 아니다. 쟁점물품②는 하자 보상 무상물품을 착오로 평균가격으로 신고한 것일 뿐 포탈 의도가 없었다.,"청구법인 운영자가 수출자와 직접 교섭하고 현지 품질관리를 했으며, 물품에 청구법인 로고가 있고 판매처가 정해져 있었고, 저가신고와 허위 덤핑방지관세율 적용을 주도·공모하여 이익이 청구법인에 귀속되었다. 쟁점물품②도 인보이스를 조작해 저가신고했다.",심판청구를 기각한다.,기각,N,"실제 화주 여부는 수출자 교섭, 수입절차 관여, 국내 처분·판매 실태, 이익 귀속을 종합해 판단한다(대법원 2002두8442). 청구법인의 직접 교섭과 독점대리계약, 현지 품질관리, 로고 표시, 하자 직접 보상, 압수파일의 저가신고·허위세율 시뮬레이션 등에 비추어 청구법인이 쟁점물품①의 실제 화주다. 쟁점물품②도 압수자료로 실제 지급금액이 확인되어 과세가격 경정이 정당하다.",,,대법원 2002두8442 (2003.4.11.),중간,"포탈세액에 높은 덤핑방지관세율 생산자를 낮은 세율 생산자로 허위 신고한 차액이 들어 있으나, 청구인은 납세의무자 지위와 과세가격만 다투고 공급자별 세율 적용 자체는 다투지 않아 언급으로 보았다. 공급자·세율 쟁점으로 볼 여지도 있다. [v2] dispute_chain D026(D026·D052): 창원세관이 청구법인 로고가 찍힌 중국산 타일(수입업체 4곳 명의)의 실제 화주를 청구법인으로 본 처분. 대표이사의 사위가 실제 운영하고 무역이사가 수입을 맡은 사실관계가 부산고법2019누10965와 같다."
D027,조세심판원,조심2015관0258,2015-12-30,쟁점물품이 덤핑방지관세 의 부과대상에 해당하는지 여부 등,인천세관-조심-2015-252;인천공항세관-조심-2015-253,scope,D027,D027,쟁점,조사범위,"중국 및 인도산 폴리에틸렌 테레프탈레이트(PET) 필름에 대한 덤핑방지관세 부과에 관한 규칙(기획재정부령 제285호, 2012.5.25. 시행)",OOO(물품명 가림) 소재 공급자가 생산한 관세율표 제3920.62호의 PET 필름. 원료에 안료를 배합해 만든 유색(적색 등) 필름,신고 3920.62 / 처분청 3920.62,"부과규칙 자체를 다투는 것이 아니라 경정청구 거부처분을 다툰다. 쟁점물품의 실제 수입가격이 공급국 내수가격(정상가격)보다 높고, 유색 필름은 국내에서 생산되지 않아 수입이 국내산업에 실질적 피해를 주지 않으므로 관세법 제51조의 부과요건을 갖추지 못해 덤핑방지관세를 환급해야 한다.",부과규칙은 처분이 아니므로 규칙 취소를 구하는 청구는 각하되어야 한다. 청구인의 사유는 무역위원회가 조사 때 고려할 사항에 불과하다. 쟁점물품은 규칙 제2조의 부과대상 물품이고 공급자는 별표2의 '그 밖의 공급자'이므로 경정청구 거부는 적법하다.,심판청구를 기각한다.,기각,N,"청구법인이 신고납부한 덤핑방지관세의 경정을 청구했고 처분청이 거부했으므로 심판청구는 적법하다. 본안에서 쟁점물품은 부과규칙 제2조의 제3920.62호 PET 필름이고 공급자는 별표2의 '그 밖의 공급자'에 해당하며, 정상가격·국내가격 주장은 증빙이 없고 기획재정부도 무역위원회 조사 때 고려할 사항이라 답했으므로 현행 규정상 부과대상에서 제외하기 어렵다.",분류,"처분청: 청구인의 취소 사유는 ""무역위원회위원장이 덤핑사실과 국내산업의 피해 등을 조사할 때 고려할 사항에 불과""",,중간,"청구인은 제외물품 해당을 주장한 것이 아니라 자기 수입분에 덤핑·피해 요건이 없다고 다퉜고, 심판원은 HSK와 공급자로 부과대상임을 확인했다. 제목과 판단이 부과대상 여부여서 조사범위로 두었으나 기타로 볼 여지가 있다. 불복 적격(경정청구 거부처분)도 함께 판단했다. [v2] dispute_chain D027(D027·D028·D031·D034): 인천지법2016구합51249는 원고가 2015.9.25.(인천공항세관)·9.30.(인천세관) 낸 심판청구가 2015.12.30. 모두 기각되었다고 적는데, 조심2015관0258(인천공항세관 사본)·0276(인천세관 사본)이 같은 날 기각된 제3920.62호 PET 필름·그 밖의 공급자 경정청구 거부 사건이다. 서울고법2017누34300은 CLIP 같은 소송(01201600087)의 항소심. [v2] D028과 본문이 달라(적법성 쟁점 유무, 수입건수) 같은 결정이 아니다. D027은 인천공항세관-조심-2015-253, D028은 인천세관-조심-2015-252와 본문이 같은데 disputes.csv는 두 CLIP 사본을 모두 D027의 clip_text_files에 두었다."
D028,조세심판원,조심2015관0276,2015-12-30,쟁점물품이 덤핑방지관세 의 부과대상에 해당하는지 여부 등,,scope,D028,D027,쟁점,조사범위,"중국 및 인도산 폴리에틸렌 테레프탈레이트(PET) 필름에 대한 덤핑방지관세 부과에 관한 규칙(기획재정부령 제285호, 2012.5.25. 시행) ; 기획재정부령 제37호(종전 규칙, 제명 미기재)","중국산 PET 필름(관세율표 제3920.62호). 원료에 안료를 배합해 제조한 유색(적색 등) 필름으로, 국내 생산 제품과 제조방식이 다르다고 청구인이 주장",신고 3920.62 / 처분청 3920.62,"쟁점물품의 실제 수입가격이 공급국 내수가격(정상가격)보다 높아 덤핑이 아니고, 국내 시장규모에 비해 수입량이 미미해 국내산업 실질적 피해 요건도 충족하지 않는다. 국내에서는 유색(특히 적색) 필름을 생산하지 않고 제조방식도 다르므로 덤핑방지관세 부과는 위법하며 경정청구 거부는 취소되어야 한다.",청구인 주장 사유는 무역위원회가 덤핑사실과 산업피해를 조사할 때 고려할 사항일 뿐 처분 취소 사유가 아니다. 쟁점물품은 부과규칙 제2조의 부과대상 물품(3920.62)이고 공급자는 별표2의 '그 밖의 공급자'에 해당하므로 경정청구 거부는 적법하다.,심판청구를 기각한다.,기각,N,"경정청구 거부에 대한 심판청구는 적법하다고 본 뒤, 쟁점물품은 부과규칙 제2조가 정한 관세율표 제3920.62호의 PET 필름이고 공급자는 별표2의 '그 밖의 공급자'에 해당한다고 확인했다. 청구인은 정상가격·수입가격을 입증할 증빙을 내지 못했고, 기획재정부도 청구인 요청 사항은 무역위원회 조사 시 고려할 사항이라고 답변했다. 현행 규정상 부과대상에서 제외하기 어려우므로 경정청구 거부는 잘못이 없다.",분류,,,높음,"청구인 주장은 주로 덤핑·산업피해 요건 부존재이나, 쟁점이 '부과대상에 해당하는지 여부'로 정리되어 조사범위로 분류. 공급자 세율(그 밖의 공급자)도 함께 확인됨. [v2] dispute_chain D027(D027·D028·D031·D034): 인천지법2016구합51249는 원고가 2015.9.25.(인천공항세관)·9.30.(인천세관) 낸 심판청구가 2015.12.30. 모두 기각되었다고 적는데, 조심2015관0258(인천공항세관 사본)·0276(인천세관 사본)이 같은 날 기각된 제3920.62호 PET 필름·그 밖의 공급자 경정청구 거부 사건이다. 서울고법2017누34300은 CLIP 같은 소송(01201600087)의 항소심. [v2] CLIP 사본은 인천세관-조심-2015-252이다(disputes.csv에는 D027에 잘못 붙어 있음)."
D029,조세심판원,서울세관-조심-2015-194,2016-07-04,수탁가공용 무상 수입물품의 과세가격을 동종ㆍ동질물품의 거래가격을 기초로 결정하면서 거래내용 등의 차이에 따른 가격 차이를 조정하지 아니하고 과세한 처분의 당부 등,서울세관-조심-2015-194,,D029,D029,무관,무관,,수탁가공용으로 무상 수입한 물품(구체적 품명은 원문에 없음),,원문에 청구인 주장 없음. 제목상 동종·동질물품 거래가격을 기초로 과세가격을 정하면서 거래단계 등 차이에 따른 가격 조정을 하지 않았다는 취지로 보임.,원문에 처분청 의견 없음.,처분청이 동종ㆍ동질물품의 거래가격을 쟁점물품의 과세가격으로 결정하여 관세 등을 과세한 처분은 잘못이 없음,기각,N,쟁점물품과 동종·동질물품은 청구법인이 같은 수출자로부터 수입해 제조에 쓰는 등 거래단계 차이가 없어 가격차이 조정이 필요하지 않다. 과세가격 일부를 신고하지 않아 세액이 부족하므로 5년 부과제척기간 적용이 타당하다.,,,,중간,원문은 주문 요약만 있고 본문이 비어 있음. 덤핑방지관세 언급 없음(관세평가 사건).
D030,조세심판원,조심2016관0032,2016-07-28,쟁점물품이 덤핑방지관세 부과대상에서 제외되는 니켈합금강에 해당하는지 여부 등,부산세관-조심-2016-7;용당세관-조심-2016-53,scope,D030,D030,쟁점,조사범위,"일본ㆍ인도 및 스페인산 스테인리스 스틸바에 대한 덤핑방지관세 부과에 관한 규칙(기획재정부령 제370호, 2013.10.1.)","철이 주성분이고 크롬·니켈 등이 합금된 스테인리스강의 열간가공 원형봉(라운드바), 니켈 함유량이 철 다음으로 많음",신고 7222.11-0000 / 처분청 7222.11-0000,"규칙 별표1의 제외물품 '니켈합금강'은 철이 가장 많고 다음으로 니켈이 많은 강(鋼)으로서 제72류(7222호)에 분류되는 것을 뜻한다. 규칙 본문 적용범위가 7222호인데 제75류를 단서에서 다시 제외할 이유가 없고, 제75류라는 기획재정부 해석은 잘못이다. 쟁점물품은 니켈합금강에 해당한다. 가산세 청구도 적법하다.",'니켈합금강'은 조사 시 외국 생산자가 HS 7505로 분류된다며 제외를 요청하여 무역위원회가 스테인리스강과의 오해를 막으려 규정한 것으로 제75류 '니켈합금'을 뜻한다. 쟁점물품은 7222호 스테인리스강으로 부과대상이다. 가산세 부과는 경정청구 대상이 아니어서 부적법하다.,"가산세 부과처분에 대한 청구는 각하, 나머지 청구(경정청구 거부) 기각",기각,N,"가산세는 수정신고에 따라 처분청이 부과한 별개 처분으로 청구가 부적법하다. 외국 생산자가 제외를 요청하며 해당 니켈합금강이 제75류라고 밝혔고, 기획재정부장관도 제외되는 니켈합금강의 봉은 제75류 물품이라고 회신한 점, HSK 해석통칙 등을 종합하면 제외물품 '니켈합금강'은 제75류나 제7228호로 분류되는 것을 의미한다. 철 함유량이 가장 많아 7222호 스테인리스강으로 분류되는 쟁점물품은 부과대상이다.",분류,(처분청) 무역위원회는 니켈합금강이 스테인리스강과 오해될 소지가 있다고 판단하여 부과대상 제외물품으로 규정; (판단) 외국 생산자가 무역위원회 위원장에게 제외를 요청하며 HSK 제7505호로 분류된다고 밝힘,,높음,가산세 부분 각하·나머지 기각. 제외물품 용어의 의미를 조사 경위(제외요청)와 기재부 회신으로 확정
D031,법원,인천지법2016구합51249,2017-01-06,덤핑관세경정청구거부처분 취소,인천지법2016구합51249,,D031,D027,쟁점,공급자·세율,"중국 및 인도산 폴리에틸렌 테레프탈레이트(PET) 필름에 대한 덤핑방지관세 부과에 관한 규칙(기획재정부령 제285호, 2012.5.25.) ; 중국 및 인도산 폴리에틸렌 테레프탈레이트(PET) 필름에 대한 덤핑방지관세의 부과에 관한 규칙(기획재정부령 제37호, 2008.10.27.)",중국 소재 소외 회사(조사대상 아닌 그 밖의 공급자)로부터 수입한 PET 필름. 원고가 가공 후 전량 수출,신고 3920.62 / 처분청 3920.62,"실제 수입가격이 중국 내수 판매가격보다 높아 덤핑이 없고, 수입량이 적고 가공 후 전량 수출하므로 국내산업 피해가 없으며, 구체적 가격 조사 없이 그 밖의 공급자에게 23.61%를 일률 부과한 규칙은 덤핑차액 이하 부과를 정한 관세법 제51조에 반하므로 경정청구 거부는 위법함.",관세법 제51조에 따른 규칙에 따라 적법하게 덤핑방지관세를 부과하였으므로 경정청구를 거부한 처분은 적법함.,원고의 청구를 기각함(국가승),기각,N,"조사대상으로 선정되지 않은 공급자에게 조사대상 공급자 세율의 가중평균을 적용하는 것은 시행령 제65조 제2항에 따른 것이어서 소외 회사에 대한 개별 조사 없이 23.61%를 정했어도 위법하지 않음. 무역위원회가 세 차례 덤핑과 피해를 인정했고 원고의 부과제외 요청도 배척했으며, 가공 후 수출하더라도 국내 동종물품에 영향이 있을 수 있음. 덤핑차액 초과는 재심사로 다툴 일이고 입증도 부족하다고 봄.",,원고의 부과제외 요청에 대해 무역위원회가 '국내업체 역시 동일한 방법의 PET 필름의 생산이 가능'하고 특정회사 제품 지정이나 재수출 여부는 부과에 영향이 없다며 받아들이지 않음,"조세심판원 2015.12.30. 기각 결정(전심, 사건번호 미기재)",중간,"그 밖의 공급자 세율의 적법성과 국내산업 피해 부존재를 함께 다퉈 규칙 자체의 효력을 다툰 성격도 있음. 부과제외 요청(전량 수출 가공용)은 물품 범위가 아니라 피해 논리로 다퉈 조사범위로 보지 않음. [v2] dispute_chain D027(D027·D028·D031·D034): 인천지법2016구합51249는 원고가 2015.9.25.(인천공항세관)·9.30.(인천세관) 낸 심판청구가 2015.12.30. 모두 기각되었다고 적는데, 조심2015관0258(인천공항세관 사본)·0276(인천세관 사본)이 같은 날 기각된 제3920.62호 PET 필름·그 밖의 공급자 경정청구 거부 사건이다. 서울고법2017누34300은 CLIP 같은 소송(01201600087)의 항소심. [v2] 전심은 조심2015관0258(D027, 인천공항세관)과 조심2015관0276(D028, 인천세관)이다."
D032,조세심판원,청주세관 충주지원센터-조심-2016-159,2017-01-24,쟁점고춧가루가 쟁점원재료로 제조되지 않았다고 보아 관세환급금을 징수한 처분의 당부,청주세관 충주지원센터-조심-2016-159,,D032,D032,언급,무관,,"수입 건고추(쟁점원재료)로 제조했다며 환급받은 수출 고춧가루로, 씨 함량 차이가 인정오차 ±2%를 초과한 것",,"원재료 수불대장과 손모율로 보아 다른 원재료를 넣지 않았다. 건고추 씨 함량은 품종·시료에 따라 편차가 크다. 환급특례법상 환급액 공제 사유는 덤핑방지관세·상계관세·보복관세·부산물뿐인데, 위임 없는 내부기준(±2%)으로 환급금을 징수하는 것은 조세법률주의와 소급과세금지원칙에 어긋난다.","씨 함량은 제조과정에서 변하지 않는 지표이다. 업체들과 함께 표준화한 시료 6개월분을 분석해 인정오차 ±2%를 실증적으로 정했으므로, 이를 넘는 차이분은 수출용원재료로 제조되지 않은 것이다. 고세율원재료 고시에 따른 징수로서 조세법률주의나 소급과세금지원칙에 위배되지 않는다.",심판청구를 기각한다.,기각,N,"원재료와 쟁점고춧가루의 씨 함량 차이가 커서 쟁점원재료만으로 제조되었다고 보기 어렵고, 분석기관도 냉동고추 등 이종재료 혼합 가능성을 지적했다. 처분청은 업체와 협의해 시료 채취를 개선하고 객관적 자료로 인정오차를 정했으며, 다른 업체들은 이의가 없었다. 고세율원재료는 원칙적으로 환급을 불허하는 취지에 비추어 조세법률주의·소급과세금지 위배도 아니므로 징수 처분은 잘못이 없다.",,,"과세전적부심사 결정(청주세관, 재조사 결정, 사건번호 가림)",높음,덤핑방지관세는 청구인이 환급특례법상 공제 사유를 열거하며 한 번 언급했을 뿐이다.
D033,조세심판원,조심2016관0216,2017-05-12,쟁점물품이 덤핑방지관세 부과대상에 해당하는지 여부,인천세관-조심-2016-191,scope,D033,D033,쟁점,조사범위,"OOO 및 OOO 폴리에틸렌 테레프탈레이트(PET) 필름에 대한 덤핑방지관세의 부과에 관한 규칙(기획재정부령 제285호, 2012.5.25.) ; OOO 및 OOO 폴리에틸렌 테레프탈레이트(PET) 필름에 대한 덤핑방지관세의 부과에 관한 규칙(기획재정부령 제531호, 2016.1.13.)",홀로그램 PET 필름. PET 필름을 원재료로 금속 증착 후 니켈 원판으로 열·압력을 가해 식각(엠보싱)한 2차 생산품. 위조방지·포장·그래픽용,"신고 OOO(양허세율 6.5%, 번호 가려짐) / 처분청 3920.62","부과대상 여부는 동종물품인지로 정해야 하는데, 홀로그램 PET 필름은 식각공정을 거친 2차 생산품으로 제조공정, 표준산업분류(기타 인쇄업), 용도, 가격(6배)이 PET 필름과 달라 동종물품이 아니다. 무역위원회가 재심사에서 제외를 결정한 사유도 동종물품이 아님을 보여주며, 재심사 대상이 된 사실은 부과 근거가 될 수 없다.",쟁점물품은 부령 제2조의 HSK에 해당하고 별표 1 제외물품이 아니다. 홀로그램은 PET 필름에 금속 증착한 것으로 증착 PET 필름의 일종이다. 동종물품은 조사 단계의 개념이고 부과대상은 부령 문언으로 정한다. 2016년 부령의 제외 추가는 국내 생산 중단 등 상황변동 때문이며 관세청도 부과대상이라고 회신했다.,심판청구를 기각한다.,기각,N,"쟁점물품은 부령 제2조의 제3920.62호에 분류되는 것으로 보이고, PET 필름에 홀로그램을 금속증착한 증착 PET 필름의 일종이다. 무역위원회 종료재심사 의결서상 재심사는 부과 중인 물품만 대상이므로 홀로그램 PET 필름은 종전에 부과대상이던 물품으로 볼 수 있다. 따라서 2016년 부령에서 제외되기 전 수입분에 덤핑방지관세를 부과한 처분은 잘못이 없다.",가공상태;분류,무역위원회 종료재심사 최종판정의결서(2015.9.23.): 재심사는 덤핑방지관세가 부과되고 있는 물품에 대한 심사이므로 '홀로그램 PET 필름'을 종전에 부과되고 있던 물품으로 볼 수 있음. 2007.10.24. 조사개시 검토보고서는 증착 여부를 불문한다고 기재,,높음,"관세청 과세전적부심사 불채택(2016.7.13.)을 거침(사건번호 없음). 공급국은 원문에서 가려짐(별표상 중국·인도). [v2] dispute_chain D033(D033·D037·D041): 인천세관이 WTO 양허세율 6.5%로 신고한 홀로그램 PET 필름에 덤핑방지관세 25.32%(합계 31.82%)를 부과한 처분이고, 원고의 부과제외 요청이 제531호 규칙에 반영된 경위가 같다. 서울고법2018누63206은 인천지법2017구합53174의 항소심."
D034,법원,서울고법2017누34300,2017-07-18,덤핑관세경정청구거부처분 취소,서울고법2017누34300,,D034,D027,쟁점,불복 적격,,"중국산 물품(원문에 물품명 없음, 2012.5.25. 공포된 덤핑방지관세 부과규칙의 적용 대상)",,덤핑방지관세 부과규칙에 하자가 있으므로 이에 따라 신고·납부한 덤핑방지관세의 경정청구를 거부한 처분은 위법하다는 취지(규칙의 하자를 거부처분의 위법사유로 주장),원문에 피고 주장 기재 없음,원고의 항소를 기각한다.,기각,N,"부과규칙은 그 자체로 항고소송 대상인 처분이나, 경정청구 거부처분과는 별개의 법률효과를 목적으로 하는 독립 처분이다. 수입자는 규칙에 따른 덤핑방지관세 부과를 예측할 수 있었고 재심사 요청으로 구제받을 수 있어 수인한도를 넘는 가혹함도 없다. 따라서 불가쟁력이 생긴 규칙의 하자는 무효사유가 아닌 한 후행 거부처분의 위법사유가 될 수 없고, 규칙에 무효사유도 없다.",,,대법원 96누6059 ; 대법원 95누8003 ; 대법원 2008두17936 ; 서울고법 2008누3618,중간,"제1심판결 이유를 인용하여 제1심 사건번호·규칙 제명이 원문에 없음. 선행처분(규칙) 하자 승계 문제라 불복 적격으로 분류 [v2] dispute_chain D027(D027·D028·D031·D034): 인천지법2016구합51249는 원고가 2015.9.25.(인천공항세관)·9.30.(인천세관) 낸 심판청구가 2015.12.30. 모두 기각되었다고 적는데, 조심2015관0258(인천공항세관 사본)·0276(인천세관 사본)이 같은 날 기각된 제3920.62호 PET 필름·그 밖의 공급자 경정청구 거부 사건이다. 서울고법2017누34300은 CLIP 같은 소송(01201600087)의 항소심."
D035,조세심판원,조심2015관0318,2017-08-03,이 건 심판청구의 적법 여부 등,,procedural,D035,D035,쟁점,불복 적격,"일본산 공기압 전송용 밸브에 대한 덤핑방지관세의 부과에 관한 규칙(기획재정부령 제498호, 2015.8.19.)","일본산 공기압 전송용 밸브(HSK 8481.20-2000 중 공기압 시스템용, 관로압력 10바 미만, 안지름 320mm 이하 액추에이터 구동용). 청구법인 공급분 세율 11.66%",,"외국 공급자인 청구법인이 부령 중 자기 해당분의 취소를 구한다. 수입으로 인한 국내산업의 실질적 피해가 없고, 있더라도 덤핑과 인과관계가 없어 부과요건을 충족하지 못하며, 무역위원회 조사에 관세법령과 WTO 반덤핑협정을 위반한 사유가 있다.","청구 대상인 부령은 세관장의 과세처분이 아닌 법령이고, 청구법인은 부령 시행으로 권리·이익을 침해당한 자나 대통령령이 정한 이해관계인이 아니므로 부적법하다. 조사와 부령 제정은 적법하며 WTO 협정 위반만으로 사인이 처분 취소를 구할 수 없다.",심판청구를 각하한다.,각하,N,부령은 법령이고 그 제정·공포는 구체적 사실에 관한 법 집행인 처분이 아니다. 관세법 제119조의 처분은 국세기본법 제69조에 비추어 세관장의 처분으로 보아야 한다. 외국회사인 청구법인은 부령에 따른 부과처분을 받은 사실이 없어 권리·이익을 침해당한 자나 이해관계인도 아니다. 처분과 당사자 적격이 없어 부적법하다.,,,,높음,"본안 쟁점(산업피해, 인과관계, 협정 위반)은 판단하지 않음."
D036,조세심판원,조심2017관0307,2018-03-29,가산세가 경정청구의 대상인지 여부 및 쟁점물품이 덤핑방지관세 부과대상인지 여부,부산세관-조심-2017-173,scope,D036,D036,쟁점,조사범위,일본·인도 및 스페인산 스테인리스 스틸바에 대한 덤핑방지관세 부과에 관한 규칙(부령 번호·날짜 미기재),일본산 스테인리스강 볼펜 팁 제조용 블랭크. 지름 2.3mm 또는 2.5mm의 중공 없는 원형강 선을 길이 11.55mm로 절단한 것,신고 7223.00-0000 / 처분청 7222.20-0000,"쟁점물품은 국내생산되지 않고 정상가격 이하로 수입되지 않았으며 문구류 산업에 피해도 없어 부과요건을 충족하지 않는다. 또한 별표1 제8호 제외물품(솔레노이드밸브용 쾌삭 스테인리스 원형강 ASK3200, 지름 8mm 이하)과 성분이 거의 동일하고 볼펜 팁 제조용으로만 쓰이므로 부과대상에서 제외되어야 한다.","가산세는 경정청구 대상이 아니어서 가산세 부분은 각하되어야 한다. 덤핑·산업피해 주장은 무역위원회 조사 시 고려사항에 불과하다. 쟁점물품은 7222.20에 분류되는 지름 600mm 이하의 중공 없는 원형강으로 부과대상이고, 별표1 제외물품에 해당하지 않는다.",심판청구를 기각한다.,기각,N,"관세청 전산시스템이 경정청구 시 가산세 입력을 막고 있었으므로 가산세 부분도 본안 심리대상으로 보았다. 본안에서, 국내생산·산업피해 주장은 무역위원회 조사 시 고려사항이고, 규칙은 7222.20의 지름 600mm 이하 중공 없는 원형강을 부과대상으로 정하며, 별표1은 쟁점물품의 규격명을 제외대상으로 규정하지 않았으므로 부과대상으로 보아 경정청구를 거부한 처분은 잘못이 없다.",규격;가공상태;분류;제품지정,,부산세관-조심-2017-173(처분청 사건번호) ; 조심2017관0173(참조결정) ; 조심2023관0075(따른결정) ; 조심2022관0156(따른결정),높음,가산세의 경정청구 대상 여부(청구 요건)도 쟁점①이었으나 주쟁점은 부과대상 여부로 보아 조사범위로 분류. 결정문 안에서 HSK가 7222.20과 7222.22로 혼용됨. 제외물품 판단은 규격명(ASK3200) 지정 여부로 이루어져 제품지정을 포함.
D037,법원,인천지법2017구합53174,2018-08-16,관세등부과처분취소,인천지법2017구합53174,,D037,D033,쟁점,조사범위,"중국 및 인도산 폴리에틸렌 테레프탈레이트(PET) 필름에 대한 덤핑방지관세 부과에 관한 규칙(기획재정부령 제285호, 2012.5.25.) ; 중국 및 인도산 폴리에틸렌 테레프탈레이트(PET) 필름에 대한 덤핑방지관세 부과에 관한 규칙(기획재정부령 제37호, 2008.10.27.) ; 중국 및 인도산 폴리에틸렌 테레프탈레이트(PET) 필름에 대한 덤핑방지관세 부과에 관한 규칙(기획재정부령 제531호, 2016.1.13.)",중국산 홀로그램 PET 필름. PET 필름에 금속을 증착하고 홀로그램 식각판으로 열압착해 홀로그램을 식각한 필름,신고 3919.90-0000 / 처분청 3920.62-0000,"이 사건 물품은 홀로그램 원판을 제조한 뒤 증착 PET 필름에 압력과 열로 홀로그램을 식각하는 공정을 거쳐 완성되므로, 공정 내용과 가격 등이 규칙상 부과대상인 PET 필름과 크게 다른 별개 물품이다. 또 덤핑수입이나 국내 홀로그램 필름 산업 피해가 없어 부과 취지에 맞지 않는다.",판결문에 피고 주장이 따로 정리되어 있지 않다. 처분 이유는 이 사건 물품이 PET 필름으로서 HSK 3920.62-0000호에 분류되고 규칙상 부과대상 물품에 해당하므로 덤핑방지관세율 25.32%를 더해 관세 등을 부과한다는 것이다.,원고의 청구를 기각한다. 소송비용은 원고가 부담한다.,기각,N,"홀로그램이 식각되었어도 인장강도·인열강도·신장률·중량·두께 등 물리적 특성이 식각 전 PET 필름과 특별한 차이가 없어 본질적 특성이 다르다고 보기 어렵고, 가격·용도 차이가 있어도 여전히 PET 필름의 일종이다. 홀로그램 식각은 품목분류 적용기준 고시상 '표면가공'에 포함되고 본래 용도에 부수적인 것이다. 무역위원회도 대상물품을 증착 여부 불문으로 정했다. 따라서 부과대상이며, 덤핑·피해 부존재 주장은 재심사 과정에서 고려될 사정일 뿐이다.",가공상태;분류,"무역위원회는 대상물품 PET 필름을 '증착 여부를 불문하며 HSK 3920.62, 3920.69로 품목분류되는 것'으로 정함. 2016년 재심사 보고에서 홀로그램 PET 필름을 부과대상에서 제외하는 것이 타당하다는 의견 제시",,높음,"2016.1.13. 제531호 규칙에서 홀로그램 PET 필름이 제외되었으나, 이 사건은 그 이전 제285호 규칙이 적용된 수입분으로 보인다(처분 대상 기간은 원문에 없음). [v2] dispute_chain D033(D033·D037·D041): 인천세관이 WTO 양허세율 6.5%로 신고한 홀로그램 PET 필름에 덤핑방지관세 25.32%(합계 31.82%)를 부과한 처분이고, 원고의 부과제외 요청이 제531호 규칙에 반영된 경위가 같다. 서울고법2018누63206은 인천지법2017구합53174의 항소심."
D038,조세심판원,조심2018관0079,2018-09-04,이 건 심판청구의 적법 여부,,procedural,D038,D038,쟁점,불복 적격,"베트남ㆍ우크라이나 및 인도산 OOO에 대한 덤핑방지관세 부과에 관한 규칙(기획재정부령 제640호, 2017.11.29.)","인도산 OOO(HSK 7202.30-0000, 품명 가려짐). 청구법인(인도 공급자) 세율 11.04%",,"무역위원회가 판매일을 계약일이 아닌 송장일로 보아 조사대상기간의 내수·수출판매를 정해 덤핑률을 산정한 것은 위법하다. 계약과 송장의 차이는 2건, 물량 0.009%에 불과하고 WTO 반덤핑협정과 질의서도 판매조건이 정해지는 날을 판매일로 하므로, 덤핑률과 부령에 중대한 하자가 있다.","관세법령은 판매일을 규정하지 않고 청구법인은 위반 조항을 적시하지 못한다. 계약물량과 송장물량 차이(-1.8%)가 허용공차(±0.3%)를 넘었고 현지실사도 송장일 기준으로 매출 완전성을 검증했으므로, 송장일을 판매일로 본 것은 적법하다.",심판청구를 각하한다.,각하,N,"부령은 법령이고 그 제정·공포는 구체적 사실에 관한 법 집행인 처분이 아니며, 심판청구 대상 처분은 세관장의 처분으로 보아야 한다. 인도 법인인 청구법인은 부령에 근거한 부과처분을 받은 사실이 없어 권리·이익을 침해당한 자나 이해관계인도 아니므로 부적법하다.",,,,높음,본안 쟁점(판매일 기준 덤핑률 산정)은 판단하지 않음. 물품명은 원문에서 가려짐.
D039,조세심판원,조심2018관0086,2018-10-02,쟁점처분이 신의성실원칙 또는 소급과세금지원칙에 위반된다는 청구주장의 당부,서울세관-조심-2018-51,scope-incidental,D039,D039,쟁점,조사범위 부수,"중국 및 인도산 폴리에틸렌 테레프탈레이트(PET) 필름에 대한 덤핑방지관세 부과에 관한 규칙(기획재정부령 제285호, 2012.5.25.)",PET 필름에 구리 도금 메탈층·에폭시 접착층·절연층을 형성하고 양면에 보호용 PET 필름을 붙인 FPCB용 EMI 차폐 필름(EMI Shielding Film),신고 3920.62-0000 / 처분청 7414.99-9000,"분석결과 안내는 공적 견해표명이므로 이를 믿고 신고한 물품에 대한 소급 경정은 신의성실·소급과세금지 원칙 위반이다. 처분청은 분석 후 질의·보정 등 필요 조치도 하지 않았다. 덤핑방지관세는 HSK만이 아니라 규칙이 정한 물품과 품명·규격이 일치해야 부과되는데, 쟁점물품은 구리층에 본질이 있는 전자파 차폐 물품으로 PET 필름과 다르고, 관세청도 부과대상이 아니라고 회신했다.","청구법인은 분석회보의 세번(3920.62)만 따르고 덤핑방지관세율은 적용하지 않은 귀책이 있다. 덤핑방지관세 누락은 단순한 과세누락이며, 이후 제74류로의 품목분류 변경은 납세자에게 유리해 소급적용이 가능하다. 무역위원회 종료재심사 보고서는 증착 여부를 불문하고, 3920.62에 분류되고 별표 1 제외물품이 아니면 부과대상이다.",심판청구를 기각한다.,기각,N,"HSK 3920.62로 분류되는 PET 필름은 규칙 제2조에 따라 별표 1의 제외대상이 아니면 모두 덤핑방지관세 부과대상이다. 청구법인은 3920.62로 신고하면서 양허관세 6.5%만 신고하고 덤핑방지관세는 신고하지 않았다. 처분청이 품목분류 의견을 내면서 덤핑방지관세를 부과하지 않은 것은 단순한 과세누락이고, 청구법인은 PET 필름이 아니라면서도 재분석이나 품목분류 질의를 하지 않았다. 따라서 신의성실·소급과세금지 원칙 위반 주장은 받아들이기 어렵다.",분류,처분청: 무역위원회의 덤핑방지관세부과 종료재심사 최종판정 조사결과보고서에 부과대상 물품은 '증착 여부를 불문한다'고 명시,조심2013관0282 ; 대법원 88누5280(1990.10.10.) ; 따른결정: 조심2019관0069 ; 조심2019관0053 ; 조심2019관0066 ; 조심2020관0051 ; 조심2020관0044 ; 조심2020관0062 ; 조심2020관0082 ; 조심2020관0079 ; 조심2019관0117 ; 조심2020관0029 ; 조심2019관0175 ; 조심2020관0041 ; 조심2020관0014 ; 조심2019관0152 ; 조심2019관0121 ; 조심2020관0035 ; 조심2019관0165 ; 조심2019관0153 ; 조심2019관0173 ; 조심2019관0081 ; 조심2020관0031 ; 조심2020관0015 ; 조심2020관0030 ; 조심2019관0086 ; 조심2022관0116 ; 조심2023관0075 ; 조심2022관0156 ; 조심2023관0016,중간,"처분개요의 세번이 대부분 OOO로 가려져 있다. 신고 3920.62-0000은 결정요지에서, 처분청 7414.99-9000은 이후 신고 세번과 '기본세율 8%' 경정에서 추정했다. 과세 자체는 제74류 기본세율 8% 적용분이고, 덤핑방지관세 부과대상 여부는 부수 쟁점으로 판단되었다. 원문 사건번호 조심 2018관0086(서울세관-조심-2018-51 사본 있음)."
D040,조세심판원,조심2018관0100,2018-11-19,쟁점물품이 덤핑방지관세 부과대상인지 여부 등,광양세관-조심-2018-83,scope,D040,D040,쟁점,조사범위,"중국산 도자기질 타일에 대한 덤핑방지관세 부과에 관한 규칙(기획재정부령 제222호, 2011.7.20.) ; 중국산 도자기질 타일에 대한 덤핑방지관세 부과에 관한 규칙(기획재정부령 제463호, 2015.2.17.)","염전 바닥재용 타일 600×600×9~9.3mm, 흡수율 0.3%, 앞면 검정 무광 코팅, 뒷면 빗살무늬, Flint clay 사용(특허출원)",,"무역위원회 조사보고서상 조사대상물품은 흡수율 3~18%, 용도는 건축물 외벽·내장·바닥 마감재인데 쟁점물품은 흡수율 0.3%의 염전 전용 특수타일로 건축용에 부적합하므로 부과대상이 아니다. 조사 후 2년 지나 고지해 가산세 부담이 커졌으므로 가산세 면제의 정당한 사유가 있다.","세번·규격·형태가 규칙 제2조 요건을 충족한다. KS 기준상 도자기질 타일의 흡수율은 0~18%이고, 무역위원회도 보고서상 흡수율·용도·수요자는 주된 것을 기재한 것일 뿐 부과대상을 가르지 않는다고 회신했다. 자의적 품목분류는 가산세 면제의 정당한 사유가 아니다.",쟁점물품이 덤핑방지관세 부과대상인지 재조사하여 그 결과에 따라 세율 및 세액을 경정,재조사,Y,"규칙 제2조는 가로·세로 70~1,300mm 사각형 타일로 정하지만 종료재심사 최종보고서는 부과물품을 건축물 외벽·내장·바닥 마감재로 밝히고 있다. 쟁점물품은 검정 무광 코팅, 뒷면 빗살무늬, 건축용에 쓰지 않는 Flint clay 사용 등 염전 바닥재에만 전용되도록 만든 특허출원 제품으로 건축용에 부적합해 보이므로 부과대상 여부를 재조사한다. 가산세 쟁점은 심리 생략.",가공상태;용도,"종료재심사 최종보고서(2014.12.23.): 덤핑방지관세가 부과되는 물품은 건축물의 외벽, 내장 및 바닥에 부착하는 마감재",대법원 93누15939 ; 대법원 2002두10780,높음,규칙 문언(HSK·치수)은 충족하나 무역위원회 보고서의 용도 서술을 근거로 재조사. 규칙 제명·HSK가 원문 일부에서 OOO로 가려짐(처분개요에 제명 노출). 제463호 공포일은 별지 기준(본문 사실관계는 2015.2.25.)
D041,법원,서울고법2018누63206,2018-12-18,관세등부과처분취소,서울고법2018누63206,,D041,D033,쟁점,조사범위,"이 사건 규칙(폐지된 종전 중국·인도산 PET 필름 덤핑방지관세 부과 규칙, 제명·부령번호 미기재) ; 중국 및 인도산 폴리에틸렌 테레프탈레이트(PET) 필름에 대한 덤핑방지관세 부과에 관한 규칙(기획재정부령 제531호, 2016.1.13.)",홀로그램이 형성된 PET 필름(접착성 없음),신고 3919.90-0000 / 처분청 3920.62-0000,"홀로그램은 PET 필름 본래 용도에 부수적이지 않은 인쇄에 해당하므로 3920.62로 분류되지 않는다. 홀로그램 PET 필름은 따로 조사를 거치지 않았고 줄곧 제외를 요구했으므로, 이를 부과대상에 포함한 규칙은 위법하다(판결문에서 역추적한 주장).",판결문에 피고 주장이 따로 적혀 있지 않다. 판결 취지상 쟁점물품은 3920.62에 분류되는 PET 필름이고 규칙 별표 1 제외물품이 아니므로 부과대상이라는 입장이다.,원고의 항소를 기각한다. 항소비용은 원고가 부담한다.,기각,N,"홀로그램이 PET 필름 본래 용도에 부수적이지 않은 인쇄로 보이지 않고, 접착성이 없어 3919.90에 해당할 여지도 없어 3920.62로 분류된다. 홀로그램 PET 필름은 새 규칙(2016, 제531호) 별표 1 제4호로 비로소 제외되었고, 이는 물리적 특성과 국내산업 변화를 종합한 것이다. 종전 규칙은 제외하지 않았으므로 부과대상이다. 규칙은 무역위원회 조사를 거쳐 제정되었으니, 이 물품만 따로 조사하지 않았다고 위법하다고 볼 수 없다.",분류,"이 사건 규칙은 무역위원회의 조사를 통해 중국·인도산 PET 필름의 덤핑수입으로 인한 실질적 피해 우려가 확인되어 제정된 것이므로, PET 필름 중 특별히 이 물품에 대한 조사를 거치지 않았다는 이유만으로 위법하다고 볼 수 없다","인천지방법원 2017구합53174(2018.8.16., 제1심)",중간,"항소심이 제1심 이유를 인용하면서 고치거나 더한 부분만 실려 있어 당사자 주장은 역추적했다. 홀로그램(가공상태)은 품목분류 판단에서 다루어졌고, 부과대상 여부는 3920.62 해당과 제외물품 불해당으로 갈렸다. 후속 규칙의 홀로그램 제외는 가공상태 기준의 제외 요건이다. [v2] dispute_chain D033(D033·D037·D041): 인천세관이 WTO 양허세율 6.5%로 신고한 홀로그램 PET 필름에 덤핑방지관세 25.32%(합계 31.82%)를 부과한 처분이고, 원고의 부과제외 요청이 제531호 규칙에 반영된 경위가 같다. 서울고법2018누63206은 인천지법2017구합53174의 항소심."
D042,관세청 과세전적부심사,관세청-적부심사-2018-19,2019-02-08,쟁점물품의 거래가격 부인 및 과세가격 결정방법의 적법․타당 여부,관세청-적부심사-2018-19,,D042,D042,무관,무관,,,,,,과세전적부심사청구를 채택하지 아니한다.,기각,N,원문에 제목(거래가격 부인 및 과세가격 결정방법의 적법·타당 여부)과 주문만 있고 이유가 수록되어 있지 않다.,,,,낮음,본문 없음. 제목상 관세평가 사건이고 덤핑방지관세 언급이 없어 무관으로 둠.
D043,법원,인천지법2016구합50338,2019-02-14,관세등부과처분취소,인천지법2016구합50338,,D043,D019,언급,무관,,특수관계 해외 계열사로부터 수입한 건전지 및 생리대(2008.7.1.~2012.12.26. 수입신고분),,"피고가 원가율만으로 특수관계의 가격 영향을 인정해 재조사결정의 기속력에 저촉된다. 심사대상기간 밖 수입분은 사전통지·과세전통지를 결여했다. 연결재무제표 원가율로는 가격 영향을 판단할 수 없고, 건전지는 덤핑방지 약속가격보다 높게 수입했다. 기준비율 대신 동종·동류비율을 적용해 인정신청권을 박탈했고, 비교대상업체 선정과 판매장려금 처리도 위법하다.","재조사결정의 취지에 따라 재조사한 뒤 특수관계가 수입가격에 영향을 미쳤다고 보아 처분을 유지했다. 동종·동류비율 적용이 원고에게 유리하며, 이것이 허용되지 않으면 예비적으로 기준비율을 적용하는 것으로 처분사유를 추가한다.",피고의 2013.6.28. 각 부과처분을 취소한다(국가패).,인용,Y,"재조사결정의 기속력 위반은 없고 특수관계가 수입가격에 영향을 미쳤다고 보았다. 그러나 심사대상기간 밖인 2012.6.18. 이후 수입분은 사전통지와 과세전통지를 거치지 않은 중대한 절차적 하자가 있다. 그 전 수입분은 개정 전 규정상 기준비율·인정비율을 적용해야 하는데 곧바로 동종·동류비율을 적용해 근거법령을 잘못 적용했고, 기준비율로 처분사유를 추가하는 것도 허용되지 않는다. 정당세액을 산출할 수 없어 전부 취소했다.",,,조세심판원 2014.9.3. 재조사결정(사건번호 미기재); 대법원 2015두37549; 대법원 2012두911; 대법원 2015두52326; 대법원 2007두9303; 대법원 87누603; 대법원 96누13286; 대법원 91누10695; 대법원 2001두8827; 대법원 94누13527,높음,"덤핑방지관세는 원고가 건전지를 가격약속(2003.12.3.~2006.12.2.)보다 높게 수입했다는 주장에서만 나오며, 법원은 약속 이행기간 뒤의 수입이라 무관하다고 봄. [v2] dispute_chain D019(D019·D043): 2013.6.28. 특수관계 과세가격 경정처분, 2013.9.24. 심판청구, 2014.9.3. 재조사결정이 인천지법2016구합50338의 처분 경위와 일치한다."
D044,조세심판원,서울세관-조심-2018-117,2019-03-06,"쟁점물품을 철강 구조물로 보아 제7308호로 분류할 것인지, 아니면 타워크레인의 전용 부분품으로 보아 제8431호로 분류할 것인지 등",서울세관-조심-2018-117,,D044,D044,무관,무관,,"타워크레인 마스트섹션(격자주 형태의 철강 구조물, 운전장치 없이 단독 제시)",신고 불명(청구인 주장 8431) / 처분청 7308,"쟁점물품은 타워크레인의 전용 부분품으로 제8431호에 분류되어야 하고, 수입신고 수리에 따른 소급과세금지와 가산세 면제 사유가 있다(주문 요지로 추정).",쟁점물품은 철강 구조물로 제7308호에 분류된다(주문 요지로 추정).,"쟁점물품을 제7308호로 분류하여 과세한 처분은 잘못이 없고, 소급과세금지원칙 위배나 가산세 면제 사유도 없음",기각,N,마스트섹션만 운전장치 없이 제시되었고 권양·적하 기능을 위한 기계적 요소를 갖추었다고 보기 어려워 제7308호 분류는 정당하다. 수입신고 수리는 사실행위일 뿐 공적 견해표명이 아니어서 소급과세금지 위배나 가산세 면제 사유도 없다.,,,,중간,원문에 주문(요지)만 있고 본문 없음. 품목분류 사건이며 덤핑방지관세 언급 없음.
D045,조세심판원,조심2019관0030,2019-06-27,일본산 스테인리스 철강와이어인 쟁점물품이 덤핑 방지 관세 부과대상인지 여부,관세청-조심-2019-16,scope,D045,D045,쟁점,조사범위,"일본ㆍ인도 및 스페인산 스테인리스 스틸바에 대한 덤핑방지관세 부과에 관한 규칙(기획재정부령 제370호, 2013.10.1.)","일본산 Stainless Steel Wire. 직경 2.3mm × 길이 11.7mm, 볼펜팁(촉) 제조용, 냉간성형 봉(탄소 0.05%, 크롬 19.99%)",신고 7223.00-0000 (이후 7222.20-0000으로 수정신고) / 처분청 7222.20-0000,쟁점물품은 정상가격 이하로 수입된 사실이 없고 국내에서 생산되지 않아 보호할 국내산업이 없으므로 덤핑방지관세 부과대상이 아니다. 또한 별표1 제외물품 8호 '자동차 및 유공압 솔레노이드밸브용 쾌삭스테인리스 스틸바 원형강(지름 8mm 이하)'에 해당한다.,쟁점물품은 세번·규격·형태가 부과규칙 제2조의 부과대상 요건을 충족한다. 볼펜팁 제조용이어서 솔레노이드밸브용인 제외물품 8호와 용도가 달라 제외대상이 아니다.,"가산세 관련 심판청구 부분은 각하하고, 나머지 심판청구는 기각한다.",기각,N,"품목분류 사전심사 회시서상 동일 물품이 HSK 7222.20-0000호로 분류되고 청구인도 이를 다투지 않았다. 쟁점물품은 세번, 규격, 형태 등이 부과규칙 제2조의 요건을 충족하고, 볼펜촉 가공용이어서 별표1 제외물품(솔레노이드밸브용 원형강)과 용도가 달라 제외대상으로 보기 어렵다. 가산세 부분은 경정청구가 없어 거부처분이 없으므로 각하한다.",규격;가공상태;용도;분류,,,높음,주문은 일부 각하·일부 기각이며 본안 기준으로 기각으로 적었다. 가산세 부분 각하는 기타 쟁점이다.
D046,조세심판원,조심2019관0125,2020-02-26,가산세 부과처분의 당부,부산세관-조심-2019-93,other,D046,D046,쟁점,기타,"잠정덤핑방지관세 부과(기획재정부고시 제2018-3호, 2018.2.13.) ; 잠정덤핑방지관세 부과기간 연장(기획재정부고시 제2018-14호, 2018.6.12.)",아연을 도금한 철선(공급국·품명 가림). 잠정덤핑방지관세 대상은 7217.20 등 중 아연 도금 철선으로 탄소함유량 0.25% 미만인 것,신고 7217.30-9000 / 처분청 7217.20-2000,"통관을 위탁한 관세법인이 품목번호를 잘못 신고했고 청구법인은 정확한 품목번호나 오신고 사실을 몰랐다. 세금 회피 목적이 없었고, 세관이 사후심사 의무를 소홀히 해 7개월 뒤 과세한 책임을 청구법인에 전가하는 것이므로 가산세 부과는 부당하다.","청구법인은 조사개시 관보와 공청회 자료를 보관하고 공청회에 참가하는 등 잠정덤핑방지관세 부과를 알고 있었고, 다른 세관 경유 동일 공급자 물품은 7217.20으로 신고해 잠정관세를 납부했다. 관세사의 탄소성분표 요청에도 응하지 않아 거래를 은폐했으므로 가산세 부과는 적법하다.",심판청구를 기각한다.,기각,N,"청구법인은 잠정덤핑방지관세 부과 예정 사실을 알고 수입자 및 수출자 대리인 자격으로 공청회에 참가해 의견을 냈고, 다른 관세법인을 통한 동일 시기·동일 공급자 물품에는 잠정관세를 신고납부하면서 쟁점물품에는 양허세율을 적용했으며, 관련인에 대해 유죄판결이 선고되었다. 가산세는 고의·과실을 고려하지 않고 법령의 부지·오인은 정당한 사유가 아니므로 가산세 부과는 잘못이 없다.",,,부산세관-조심-2019-93(처분청 사건번호) ; 대법원2013두1829,중간,"다툼은 잠정덤핑방지관세 미납에 따른 가산세만이고 부과대상 여부 자체는 다투지 않았다. 지침 2절 '기타(가산세)'에 따라 쟁점/기타로 두었으나, 덤핑방지관세 적용 자체가 쟁점이 아니라는 점에서 '언급'으로 볼 여지도 있다. 공급국·품명이 가려져 있다. [v2] dispute_chain D046(D046·D047): 부산세관이 2019.6.26. 제7217.30호로 신고한 아연도금 철선을 제7217.20호로 보아 잠정덤핑방지관세 미납 가산세를 부과한 처분. 부산지법2020구합21969의 청구취지(2019.6.26. 가산세)와 같다."
D047,법원,부산지법2020구합21969,2020-09-24,가산세부과처분 취소,부산지법2020구합21969,,D047,D046,쟁점,기타,,잠정덤핑방지관세 부과대상인 제7217.20호(아연도금) 철강선으로 보이는 물품. 원고는 비대상인 제7217.30호로 신고,신고 7217.30-9000 / 처분청 7217.20-0000,"원고 주장 부분은 발췌본에 없음. 판단 부분으로 보면 통관을 대행한 관세법인의 과실로 잠정덤핑방지관세를 내지 않았으므로 가산세를 면할 정당한 사유가 있고, 피고가 통관 기간 중 품목번호·세율 오류를 발견해 수정신고를 지시하지 않았다고 주장한 것으로 보인다.",피고 주장 부분은 발췌본에 없음. 사후심사로 원고가 잠정덤핑방지관세를 회피하려고 비대상 품목번호로 신고한 사실을 밝혀 가산세를 부과했다는 취지로 보인다.,원고의 청구를 기각한다(국가승).,기각,N,"가산세는 의무해태에 대한 행정상 제재로, 정당한 사유가 있으면 부과할 수 없으나 법령의 부지·오인은 정당한 사유가 아니다. 원고는 물품이 잠정덤핑방지관세 대상임을 알면서도 관세법인에 확인 자료를 주지 않아 잘못된 품목번호로 신고하게 했으므로 정당한 사유가 없다. 피고가 제척기간 안에 사후심사로 오류를 밝혀낸 이상, 통관 중 발견하지 못했다는 사정만으로 처분이 위법해지지 않는다.",,,대법원 2003두13632; 대법원 2013두1829,중간,"원문이 판단 일부만 발췌되어 사실관계, 물품명, 부과 규칙 제명, 양측 주장이 없음. 물품명은 HSK로 짐작한 것. 부과대상 여부 자체는 다투지 않고 가산세만 다퉈 기타로 둠. [v2] dispute_chain D046(D046·D047): 부산세관이 2019.6.26. 제7217.30호로 신고한 아연도금 철선을 제7217.20호로 보아 잠정덤핑방지관세 미납 가산세를 부과한 처분. 부산지법2020구합21969의 청구취지(2019.6.26. 가산세)와 같다."
D048,조세심판원,인천세관-조심-2020-84,2020-10-19,"조세심판결정 통지(조심 2020관117, 조심 2020관118)",인천세관-조심-2020-84,,D048,D048,쟁점,불복 적격,,"중국산 물품(OOO 외 14건, 물품명 마스킹). 덤핑방지관세율 28.23% 적용 대상으로 경정된 물품",,원문에 청구인 주장이 기재되어 있지 않음. WTO 양허세율 0%로 신고한 물품에 덤핑방지관세율 28.23%를 적용한 경정·고지의 취소를 구함.,원문에 처분청 주장이 기재되어 있지 않음. 처분청은 과세전통지 누락을 이유로 심판청구 후 처분을 직권 취소함.,심판청구를 각하함,각하,N,심판청구 후 처분청이 과세전통지 없이 한 덤핑방지관세 경정처분을 직권으로 취소한 이상 관세법 제119조 제1항의 불복 대상인 처분이 없어 부적법한 청구라고 봄.,,,조심2020관117 ; 조심2020관118,중간,"다툰 처분이 덤핑방지관세 부과처분이어서 쟁점·불복 적격으로 두었으나, 각하 사유는 처분의 직권취소라는 일반 요건이라 언급으로 볼 여지도 있음. 기간(2017.7.26.~), 세율 28.23%, 2020.4.2. 처분의 과세전통지 누락 취소가 조심2020관0155(D053)의 선행처분과 같아 같은 사안으로 보임."
D049,관세청 과세전적부심사,관세청-적부심사-2020-37,2021-03-17,관세청-적부심사-2020-37,관세청-적부심사-2020-37,,D049,D049,쟁점,조사범위 부수,,"광물성 재료를 소성한 벽돌을 두께 23mm 이하 직사각 판으로 절단한 적갈색 무유 외장재(5종), 일부 240×90mm",신고 6904.10-0000 / 처분청 6907.23-0000,"쟁점물품은 도자제 건축용 벽돌이므로 타일(6907.23)로 분류될 수 없고, 덤핑방지관세로 통지된 1건은 도자기질 타일이 아니며 가로·세로 모두 70mm 이상 1,300mm 이하인 사각형태에 해당하지 않아 덤핑방지관세 대상이 아니다.","해설서상 벽돌은 건축물 골격을 이루고 타일은 벽 표면에 부착하는 것으로 모양과 크기로 분류한다. KS상 타일 두께는 최대 25mm인데 쟁점물품은 23mm 이내로 외벽 부착용이고, 동종물품 분석 결과 타일로 확인되었으므로 6907.23에 분류된다.",과세전적부심사청구를 채택하지 아니합니다.,기각,N,"동종물품 수리후 분석에서 소성한 도자제 타일로 분류되었고, 두께 23mm 이하로 KS 타일 허용두께(25mm) 이내이며, 건축물 골격이 아니라 외부 장식을 위해 부착하는 물품이므로 6907.23 분류가 옳다. 덤핑방지관세 부과대상 건은 240×90mm로 부과대상 규격(가로·세로 모두 70~1,300mm)에 부합한다. 관세품목분류위원회 결정도 같은 취지.",규격;분류,,,중간,주쟁점은 품목분류(벽돌/타일)이고 덤핑방지관세 대상 여부는 1건에 한해 부수적으로 다툼. 규칙 제명은 원문에 없음(도자기질 타일 규칙으로 추정)
D050,조세심판원,조심2020관0161,2021-04-12,쟁점생산자들이 쟁점물품을 실제로 생산하였으므로 최고 세율의 덤핑방지관세 율이 아닌 '그 밖의 공급자'에 해당하는 덤핑방지관세 율이 적용되어야 한다는 청구주장의 당부,인천세관-조심-2020-140,supplier-rate,D050,D050,쟁점,공급자·세율,"중국산 도자기질 타일에 대한 덤핑방지관세 부과에 관한 규칙(기획재정부령 제463호, 2015.2.25.)",중국 생산자 7곳(쟁점생산자)에 OEM으로 생산을 맡겨 수출대행 에이전트를 통해 수입한 도자기 타일,,"과세전통지를 생략한 처분은 위법하다. 쟁점생산자들은 수출허가가 없어 에이전트를 통해 수출했을 뿐 실제 생산자이며, 생산계약서, 증치세 영수증, 수출화물신고서, 신용장, 선하증권으로 확인된다. 따라서 생산자증명서의 진위와 상관없이 최고세율(29.41%)이 아닌 '그 밖의 공급자' 세율(16.07%)을 적용해야 한다.","제척기간 만료 3개월 이내여서 과세전통지를 생략할 수 있다. 제출한 생산자증명서가 모두 위조된 것으로 회신되었고, 사후 제출 서류도 믿기 어려워 생산자가 입증되지 않았다. 관세청 지침에 따르면 공급자 미상은 '그 밖의 공급자'가 아니라 최고세율 대상이다. 조심2014관418도 같은 취지다.",OOO세관장의 2020.6.1. 관세 등 부과처분을 취소한다.,인용,Y,"과세전통지 생략은 제척기간이 2개월 안에 만료되어 적법하다. 그러나 덤핑방지관세율과 적용대상은 기획재정부령으로 정해야 하는데, 부과 규칙은 최고세율 공급자를 특정했을 뿐 공급자 미확인 시 최고세율을 적용하라고 정하지 않았다. 제도 취지와 규정 체계상 특정 공급자가 아니면 평균 수준의 세율을 적용하도록 '그 밖의 공급자'로 분류하는 것이 합리적이다. 생산자증명서 위조 등의 사정만으로 최고세율을 부과할 법령상 근거가 없으므로 처분은 잘못이다.",,,조심2014관0418(참조결정),높음,같은 쟁점에서 조심2014관0418(D021)과 결론이 반대. 관세청 지침(행정규칙)을 배척하고 부령 문언을 따름.
D051,관세청 과세전적부심사,관세청-적부심사-2020-39,2021-06-24,적부심사 제2020-39호,관세청-적부심사-2020-39,,D051,D051,언급,무관,,특수관계자인 수출자로부터 수입한 폴리아세탈(POM) F20-03 규격 물품(2018년 상업생산을 시작한 공장 제품),,"거래가격은 중국의 한국산 POM 덤핑방지관세를 피하려는 거래상황과 국제시세를 고려해 정한 것이라 특수관계의 영향이 없고, 수출·수입계약은 별개이며, 인증·평판 차이로 비교 대상 POM은 유사물품이 아니므로 제6-3방법에 따른 과세가격 결정은 위법함.","수입가격이 저가 수출가격에서 인도조건 비용 차이만 정산해 산정되어 특수관계와 금액으로 계산할 수 없는 조건의 영향을 받았고, 비교 POM은 모델명·성분·상표·용도가 같아 유사물품이므로 제6-3방법 적용은 적법함.",통지청은 비교 POM이 유사물품인지 거래처의 구분 구매 여부 등을 재조사한 후 관세법 제35조로 과세가격 결정,재조사,Y,"수출가격이 저가로 정해졌고 수입가격이 그와 연계되어 특수관계의 영향과 금액으로 계산할 수 없는 조건의 영향을 받았다고 보아 거래가격 부인은 정당하나, 비교 POM은 물성·상표·모델명이 같으면서도 인증 취득과 판매가격에 차이가 있어 유사물품 여부를 재조사하게 함.",,,,높음,덤핑방지관세는 중국 정부의 한국산 POM 조치로 거래 배경에만 나오며 한국 덤핑방지관세 적용과는 무관함.
D052,법원,부산고법2019누10965,2021-09-15,관세부과처분취소,부산고법2019누10965,,D052,D026,언급,무관,,"원고 로고가 찍힌 중국산 타일. 수입업체 B, C, D, E 명의로 수입신고되었고 원고가 실제 화주인지가 문제됨",,"원고 주장 부분은 발췌본에 없음. 판결 이유로 보면 원고는 수입업체들로부터 타일을 사들였을 뿐 수입한 실제 소유자(화주)가 아니어서 납세의무자가 아니며, 관련 형사판결에서도 수입신고자로 인정되지 않았다고 주장한 것으로 보인다.","피고 주장 부분은 발췌본에 없음. 원고가 중국 공장 선정, 단가 협상, 신용장 보증, 저가신고 차액 송금 등에 관여한 실제 화주이므로 명의 수입업체의 신고분에 대해 원고에게 관세와 가산세를 부과한 것이 적법하다는 취지로 보인다.","제1심판결 중 원고 패소 부분 일부를 취소하고 순번 1~26, 41, 43의 관세 및 가산세 부과처분을 취소, 나머지 항소 기각(국가일부승소)",일부인용,Y,"화주 여부는 수출자와의 교섭, 신용장 개설, 대금 결제, 국내 처분, 이익 귀속을 종합해 판단하며 증명책임은 과세관청에 있다. B·D 명의분은 수입업체 대표가 원고와 무관하게 J를 통한 관세포탈을 해 왔고 신용장·결제도 수입업체가 했으므로 원고를 화주로 볼 증거가 부족해 처분이 위법하다. C·E 명의분은 원고가 공장 선정, 단가 협상, 신용장 보증, 저가신고와 차액 송금에 관여하고 이익도 원고에게 귀속되어 원고가 화주다. 형사 무죄는 증명 정도가 달라 결론을 바꾸지 않는다.",,,제1심판결(사건번호 미기재); 대법원 2002두8442; 대법원 2014두2270; 대법원 2018두61888; 대법원 2017두74702; 서울중앙지방법원 2015노2479; 서울중앙지방법원 2014노3262,중간,"덤핑방지관세는 수입업체 대표들이 생산자를 허위신고해 낮은 덤핑방지관세율을 적용받은 사실로만 나오고, 쟁점은 납세의무자(화주) 판단이라 언급으로 둠. 처분에 덤핑방지관세 차액이 포함되었을 수 있으나 원문에서 확인되지 않음. 대법원 2014두2270 선고일은 원문에 '2015. 27.'로 잘려 있음. [v2] dispute_chain D026(D026·D052): 창원세관이 청구법인 로고가 찍힌 중국산 타일(수입업체 4곳 명의)의 실제 화주를 청구법인으로 본 처분. 대표이사의 사위가 실제 운영하고 무역이사가 수입을 맡은 사실관계가 부산고법2019누10965와 같다."
D053,조세심판원,조심2020관0155,2021-12-24,"청구법인들이 수출가격 인상을 약속한 쟁점물품을 수입하면서 실제구매가격이 아닌 최저수출가격으로 고가신고 하였고, 이것이 쟁점물품의 덤핑방지관세 부과 회피행위라고 보아 경정처분 한 것이 정당한지 여부 등",인천세관-조심-2020-149;인천세관-조심-2020-148;인천세관-조심-2020-131;인천세관-조심-2020-145,undertaking-value,D053,D053,쟁점,가격약속·과세가격,"중국산 에이치(H) 형강에 대한 덤핑방지관세의 부과에 관한 규칙(기획재정부령 제631호, 2017.7.19.)","가격약속을 한 중국 공급자가 생산한 H형강(이축대칭 H형 단면, 높이 80mm 이상 구조형 형강)","신고 7716.33-3000(원문 표기, 7216.33-3000의 오기로 보임) 또는 7226.33-4000 / 처분청 명시 없음","최저수출가격으로 계약·신용장 결제해 송품장대로 신고했으므로 정당하고, 사후 받은 금액은 마케팅 리베이트나 재판매 손실보상이라 과세가격 요소가 아님. 최저수출가격을 정상가격으로 보면 28.23% 일률 부과는 덤핑차액을 넘어 무효이며, 가산세도 부당함.","청구법인들이 덤핑방지관세를 피하려고 실제 거래가격이 아닌 최저수출가격으로 고가 허위신고하고 차액을 상계·환불받았음. 최저수출가격은 정상가격과 다른 개념이고, 약속 불이행 시 규칙 제3조 단서에 따라 덤핑방지관세를 부과하며, 부정행위이므로 가산세도 적법함.",심판청구를 기각함,기각,N,"포렌식 자료와 이메일상 수입 전에 최저수출가격 또는 그보다 약간 높은 가격으로 신고하고 손실을 보상하기로 사전 합의했고, 차액을 상계·환불받았으며 하자 손해의 객관적 자료가 없어 신고가격은 가공된 가격이므로 실제지급가격을 과세가격으로 함. 최저수출가격은 정상가격과 다르고(대법원 2000도5550), 약속 위반 시 그 밖의 공급자 세율 부과는 정당하며 부정행위에 따른 가산세도 적법하다고 봄.",,,"대법원 2002.2.22. 선고 2000도5550 ; 대법원 2019.2.14. 선고 2016두34110, 34127",높음,가산세 쟁점도 함께 판단함. 원문의 HSK '7716.33-3000'은 존재하지 않는 호로 보여 원문대로 적음. 선행처분(2020.4.2.)을 과세전통지 누락으로 취소하고 재고지한 사실이 있음.
D054,조세심판원,부산세관-조심-2020-144,2021-12-29,거래통화 변경 및 국내판매가격에 맞춘 수입가격의 조정을 특수관계가 거래가격에 영향을 미친 것으로 볼 수 있는지 여부 등,부산세관-조심-2020-144,,D054,D054,언급,무관,,"특수관계 해외 본사로부터 수입한 공기압 밸브·실린더 등(1,517건). 일부 밸브는 덤핑방지관세 부과대상",,"APA 이후 거래통화를 원화로 바꾸면서 원화 수입가격을 FY2015 수준으로 유지했을 뿐이고, 가격조정계수 5% 인하는 원가절감과 세계적 가격인하를 반영한 정상 관행이다. 결제통화 변경 자체는 특수관계의 영향이 아니며(재경부 유권해석), 덤핑방지관세 효과 상쇄 목적도 없었다. 과세가격 결정방법과 수정수입세금계산서 발급 거부도 위법하다.","본사가 가격인하를 기정사실화하고, 12년 평균환율 대신 FY2015 최저 평균환율에 맞춰 가격조정계수를 약 9~10% 인하한 것은 자의적 가격결정이다. 수출자 매출총이익률이 하락했고 저가시장 점유율 확대를 지시했으며, 덤핑방지관세만큼 수입가격을 인하해 부과효과를 상쇄한 것은 특수관계자 사이에서만 가능한 가격결정이다.",심판청구를 기각한다.,기각,N,"100% 출자로 특수관계가 있고, 통화 변경은 거래상 필요보다 APA에 따른 영업이익률 변동 방지 목적이었다. 적용환율 결정 진술이 일관되지 않았고, 인하가 과거 미달 영업이익률 보전 성격이며, 로엔드 점유율 확대를 사실상 지시했다. 매출총이익률도 현저히 낮고 인하 품목에 덤핑방지관세 대상도 있어 부과효과 상쇄 목적을 배제하기 어렵다. 따라서 특수관계가 가격에 영향을 미쳤다. 과세가격 결정방법과 세금계산서 발급 거부도 잘못이 없다.",,,국심2003관84(2004.2.21.),높음,쟁점은 특수관계 거래가격 부인과 과세가격 결정(관세평가)이다. 덤핑방지관세는 가격인하로 부과효과를 상쇄했다는 판단 요소 하나로만 쓰였고 다투는 대상이 아니어서 언급으로 두었다.
D055,조세심판원,조심2022관0080,2023-01-09,적법한 심판청구인지 여부( 덤핑방지관세 신고납부),,procedural,D055,D055,쟁점,불복 적격,"OOO 폴리에스테르 장섬유 완전연신사(FDY)에 대한 덤핑방지관세부과에 관한 규칙(기획재정부령 제888호, 2022.1.6.)","OOO Recycled FDY(재생 폴리에스테르 장섬유 완전연신사), AAA로부터 수입",신고 5402.47-9000 / 처분청 5402.47-9000 (신고 수리),쟁점물품은 덤핑방지관세가 부과되는 장섬유 완전연신사(FDY)에 해당하지 않으므로 규칙을 적용한 덤핑방지관세 부과는 위법하다.,결정문에 처분청 의견이 따로 적혀 있지 않다.,심판청구를 각하한다.,각하,N,"부과규칙은 FDY 공급자에 대해 덤핑방지관세를 부과하는 규칙이고, 청구법인은 스스로 규칙을 적용해 세관장에게 덤핑방지관세를 신고·납부했을 뿐이다. 관세법 제119조 제1항의 처분을 받아 권리를 침해당한 자가 아니므로 청구인 적격이 없는 부적법한 청구다.",,,,중간,청구인은 부과대상(FDY) 해당 여부를 다퉜으나 심판원은 신고납부만으로는 불복 대상 처분이 없다고 보아 본안을 판단하지 않았다. 조사범위 부수로 볼 여지가 있다. 원문 판단부에 부령 날짜가 2002.1.6.로 오기되어 있다.
D056,조세심판원,인천세관-조심-2021-141,2023-06-26,쟁점물품의 외면에 사용된 목재가 HS 제44류 소호주 제2호 내지 관세율표 제44류 국내주 제1호의 열대산 목재에 해당하는 것으로 보아 HSK 제4412.31-4011호 등으로 분류하여 관세 등을 부과한 처분의 당부,인천세관-조심-2021-141,,D056,D056,무관,무관,,"외면 층(Ply)에 메란티 다운 르바르(Meranti daun Lebar)를 쓴 합판(마루용 등), 한-OOO FTA 협정관세 신고분(2016.4.15.~2016.7.2. 수입)",신고 4412.31-4019 / 처분청 4412.31-4010(2017년 이후 4412.31-4011),"쟁점목재는 특정 열대산 목재 88개 표준명과 지역명 어디에도 없고, 처분청은 문헌상 학명 동일만 근거로 메란티 바카우와 같다고 보았을 뿐 실제 사용 수종을 입증하지 못했다. 벌목지 확인, 멸종위기 지정 등으로 보아 메란티 바카우 사용은 불가능하다. 원산지조사에 2년 걸린 사안이라 가산세 면제의 정당한 사유가 있다.","V-legal상 학명이 쇼레아 속이고, 쇼레아 속 붉은색 메란티는 표준명 다크 레드 메란티에 해당한다. 현지 지방정부·임무관·연구기관 문헌 다수가 쟁점목재를 다크 레드 메란티 또는 메란티 바카우로 본다. 일부 지방정부의 회신 번복은 근거가 없어 신뢰할 수 없다.",심판청구를 기각한다.,기각,N,"처분청 견해에 일관성 없는 면이 있더라도, 다수 지방정부가 제4412.31호 분류를 회신했고 상대국 관세당국도 쇼레아 속이면 다크 레드 메란티로 분류할 수 있다고 했으며, 연구기관 문헌이 쟁점목재를 다크 레드 메란티의 지역명으로 연결한다. 청구인은 다른 수종이라는 근거를 내지 않았으므로 처분은 정당하다. 사전심사 신청 없이 유리한 번호로 신고했으므로 가산세 면제 사유도 없다.",,,,높음,"품목분류·FTA 협정관세 사건. ""덤핑""은 수종 실태조사를 한 기관을 덤핑·조정관세 부과 신청기관으로 소개한 대목에만 나옴. 인용된 품목분류 회신 등은 덤핑방지관세와 무관하여 citations에 넣지 않음."
D057,조세심판원,인천세관-조심-2021-151,2023-06-26,쟁점물품의 외면에 사용된 목재가 HS 제44류 소호주 제2호 내지 관세율표 제44류 국내주 제1호의 열대산 목재에 해당하는 것으로 보아 HSK 제4412.31-4011호 등으로 분류하여 관세 등을 부과한 처분의 당부,인천세관-조심-2021-151,,D057,D057,무관,무관,,"외면 층(Ply)에 메란티 다운 르바르(Meranti daun Lebar)를 쓴 합판, 한-OOO FTA 협정관세 신고분(2017.11.9. 수입)",신고 4412.31-4019 / 처분청 4412.31-4011,"특정 열대산 목재는 표준명과 부속서 학명으로 범위가 정해지며, 표준명에 없는 쟁점목재는 기타로 분류해야 한다. 상대국 관세당국도 메란티 바카우가 아니라고 회신했는데, 처분청은 88개 수종 중 어느 것인지 밝히지 않고 과세했으므로 요건사실을 입증하지 못했다.",V-legal상 학명이 쇼레아 속이고 쇼레아 속 붉은색 메란티는 표준명 다크 레드 메란티에 해당한다. 현지 지방정부·임무관·연구기관 문헌 다수가 쟁점목재를 다크 레드 메란티 또는 메란티 바카우로 본다. 표준명·학명·지역명 체계를 함께 보아야 한다.,심판청구를 기각한다.,기각,N,"처분청 견해가 메란티 바카우에서 철회되는 등 일관성이 없는 면이 있더라도, 다수 지방정부가 제4412.31호 분류를 회신했고 상대국 관세당국도 쇼레아 속이면 다크 레드 메란티로 분류할 수 있다고 했으며, 연구기관 문헌이 쟁점목재를 다크 레드 메란티의 지역명으로 연결한다. 메란티류는 모두 특정 열대산 목재에 해당하는 것으로 보이므로 처분은 정당하다.",,,,높음,"품목분류 사건. ""덤핑""은 수종 실태조사 기관을 덤핑·조정관세 부과 신청기관으로 소개한 대목에만 나옴. D056(인천세관-조심-2021-141)과 같은 날 같은 쟁점이나 결정문에 서로 인용은 없고, 가산세 쟁점은 없음."
D058,관세청 과세전적부심사,관세청-적부심사-2023-83,2023-12-04,① 쟁점물품이 덤핑방지관세 부과대상에 해당하는 지 여부 ② 청구법인에게 가산세 면제의 정당한 사유가 있는 지 여부,관세청-적부심사-2023-83,,D058,D058,쟁점,조사범위,"중국 및 인도산 폴리에틸렌 테레프탈레이트(PET)필름에 대한 덤핑방지관세 부과에 관한 규칙 ; OPP 덤핑규칙(원문 약칭, 정식 제명 미기재)","중국산 은색 PET 필름. 청구인은 두께 9㎛ 미만이고 증착 없이 액체 코팅액을 롤투롤로 도포한 필름이라 주장, 처분청은 알루미늄 증착필름으로 봄",신고 3921.19-4020·3920.62-0000 / 처분청 3920.62-0000(세관 분석 건),"쟁점물품은 두께 9㎛ 미만이고 진공 증착이 아닌 그라비아·콤마 코팅으로 제조해 PET 규칙 별표 1의 제외 물품이며, 분석 결과 표면과 차단성이 증착필름과 다르고 수출자도 구분 관리함. 내부 서류의 '증착필름' 표기는 영업비밀 때문이고, 귀책사유가 없어 가산세도 부당함.","수출자 이메일 첨부 엑셀, 지출결의서, 원가분석표, 매출처 진술 모두 증착필름으로 되어 있고, 세관 분석에서 증착필름으로 판명되자 반송 후 다른 명의로 품명을 바꿔 재수입했으므로 부과대상 증착필름을 품명 위장한 것임. 두께 9㎛ 미만 PET·10㎛ 미만 OPP는 수정 통지로 이미 제외함.",과세전적부심사 청구를 채택하지 아니함,기각,N,"압수 자료상 수출자가 증착필름 내역을 보냈고 인보이스와 엑셀 품명이 다르며, 내부 지출결의서·원가분석표에 증착필름으로 적혀 있고 매출처도 증착필름을 샀다고 진술했으며, 세관 분석에서 증착필름으로 확인된 물품을 반송 후 다른 명의로 품명을 바꿔 재수입한 점 등에서 제외 대상이라 볼 근거가 없음. 품명·품목번호를 사실과 달리 신고해 가산세 면제 사유도 없다고 봄.",규격;가공상태,청구인이 무역위원회 최종보고서 제3면의 증착 제품 정의(PET 필름을 기재로 진공 chamber 안에서 표면에 금속 물질 등을 얇게 도포한 것)를 근거로 듦,,중간,"제외 요건은 '두께 9㎛ 미만으로서 증착되지 않은 것'이나, 심리기관은 증착의 정의를 해석하지 않고 증거상 물품이 증착필름이라는 사실인정으로 판단함. 두께 요건 해당분(9㎛ 미만 PET, 10㎛ 미만 OPP)은 처분청이 결정 전 수정 통지로 제외함. 가산세 쟁점도 있음. [v2] decision_group D058(D058·D059): 관세청-적부심사-2023-83·84는 사건번호만 다르고 본문과 결정일(2023-12-04)이 같다. [v2] dispute_chain D058(D058·D059·D062·D063): 대표이사가 배우자·직원 명의 개인사업체를 실제 운영한 같은 청구법인이 2017.12.27.부터 중국 수출자 2곳에서 들여온 9㎛ 미만 습식 코팅 은색 PET 필름. 적부심사(2023.12.4. 불채택) 뒤 2024.1.11. 경정고지가 심판청구 대상이 되었다. 적부심사 대상(32건, ~2021.2.22.)은 심판청구 대상(82건, ~2022.9.20.)의 일부이고 조심2024관0061은 적부심사를 따로 적지 않는다."
D059,관세청 과세전적부심사,관세청-적부심사-2023-84,2023-12-04,① 쟁점물품이 덤핑방지관세 부과대상에 해당하는 지 여부 ② 청구법인에게 가산세 면제의 정당한 사유가 있는 지 여부,관세청-적부심사-2023-84,,D058,D058,쟁점,조사범위,중국 및 인도산 폴리에틸렌 테레프탈레이트(PET) 필름에 대한 덤핑방지관세 부과에 관한 규칙(부령 번호·날짜 미기재) ; OPP 덤핑규칙(정식 제명 미기재),"중국산 은색 PET 필름. 청구인은 두께 9㎛ 미만으로 증착하지 않고 롤투롤(그라비아·콤마) 습식 코팅한 필름이라 주장, 통지청은 금속 증착 필름으로 봄","신고 3921.19-4020, 3920.62-0000 / 처분청 3920.62-0000(부과대상 증착필름)","쟁점물품은 두께 9㎛ 미만이고 진공 챔버에서 금속을 증착하지 않고 액체 코팅액을 롤투롤로 도포한 것이어서 규칙 별표1 제외물품이며, 무역위원회 최종보고서의 증착 정의에도 맞지 않는다. 분석결과 증착필름과 표면·단면이 다르고 수출자도 구분 관리한다. 내부서류상 '증착필름' 표기는 영업비밀 때문이며 가산세 면제 사유가 있다.","수출자 이메일 첨부 엑셀에는 '증착필름'으로, 세관 제출 인보이스에는 다른 품명으로 기재되었고, 지출결의서·원가분석표·매출처 진술도 증착필름을 가리킨다. 세관 분석에서 증착필름으로 확인되자 반송 후 다른 명의로 재수입했다. 9㎛ 미만 PET와 10㎛ 미만 OPP는 수정통지로 이미 제외했고, 품명 허위신고는 부정행위로 40% 가산세 대상이다.",과세전적부심사 청구를 채택하지 아니한다.,기각,N,"압수수색으로 확보한 자료상 수출자가 증착필름 내역을 보냈고 인보이스와 엑셀 품명이 다르며, 내부 지출결의서에는 증착필름으로, 외부 인보이스에는 다른 품명으로 적혀 있다. 매출처가 증착필름을 샀다고 진술했고 원가분석표도 증착필름 원단을 쓴다고 기재했으며, 세관 분석에서 증착필름으로 확인된 물품을 반송 후 다른 명의로 재수입했다. 따라서 미부과 대상이라 볼 근거가 없고, 품명·품목번호 허위신고에 비추어 가산세 면제의 정당한 사유도 없다.",규격;가공상태,청구인이 원용: 무역위원회 최종보고서 제3면의 증착 제품 정의(PET 필름을 기재로 하여 진공 chamber 안에서 그 표면에 금속 물질 등을 얇게 도포한 것),,중간,"판단은 제외요건(9㎛ 미만·비증착)의 해석보다 쟁점물품이 실제로 증착필름인지에 대한 사실인정에 좌우되었다. 쟁점②는 가산세. OPP 규칙은 약칭만 나온다. [v2] decision_group D058(D058·D059): 관세청-적부심사-2023-83·84는 사건번호만 다르고 본문과 결정일(2023-12-04)이 같다. [v2] dispute_chain D058(D058·D059·D062·D063): 대표이사가 배우자·직원 명의 개인사업체를 실제 운영한 같은 청구법인이 2017.12.27.부터 중국 수출자 2곳에서 들여온 9㎛ 미만 습식 코팅 은색 PET 필름. 적부심사(2023.12.4. 불채택) 뒤 2024.1.11. 경정고지가 심판청구 대상이 되었다. 적부심사 대상(32건, ~2021.2.22.)은 심판청구 대상(82건, ~2022.9.20.)의 일부이고 조심2024관0061은 적부심사를 따로 적지 않는다."
D060,조세심판원,인천공항세관-조심-2024-49,2024-07-03,적법한 심판청구인지 여부(직권취소),인천공항세관-조심-2024-49,,D060,D060,쟁점,불복 적격,,중국산 PET 필름(처분청은 덤핑방지관세 부과대상 증착필름으로 봄). 품명을 달리 신고하고 한-중 FTA 협정세율 0% 적용,,결정문에 청구인 주장이 기재되어 있지 않다.,결정문에 처분청 주장이 기재되어 있지 않다. 처분청은 실제 납세의무자를 청구인이 아닌 A로 보아 쟁점처분을 직권취소했다.,심판청구를 각하한다.,각하,N,"처분청은 쟁점물품을 덤핑방지관세(23.61%) 부과대상 증착필름으로 보아 청구인에게 경정·고지했으나, 심판청구 뒤 실제 납세의무자를 A 법인으로 보아 쟁점처분을 직권취소하고 A에게 다시 고지했다. 심판청구의 대상인 처분이 존재하지 않으므로 부적법한 청구로 보아 각하했다.",,,,높음,"덤핑방지관세는 처분 경위에만 나온다. [v2] D061과 본문 틀은 같으나 명의자(배우자·직원), 수입기간, 처분일이 달라 같은 결정이 아니다. 같은 수입분이 A 법인(D062 청구법인) 앞으로 다시 고지되었으나 청구인이 달라 D058 dispute_chain에 잇지 않음. [v2] relevance를 언급에서 쟁점으로, issue_group을 무관에서 불복 적격으로 바꿈(4절 각하 규칙, D048과 일관)."
D061,조세심판원,인천공항세관-조심-2024-55,2024-07-03,적법한 심판청구인지 여부(직권취소),인천공항세관-조심-2024-55,,D061,D061,쟁점,불복 적격,,"중국산 PET 필름(증착필름), 품명을 다른 필름으로 신고하고 한-중 FTA 협정관세 0% 적용",,원문에 청구인 주장 기재 없음,원문에 처분청 주장 기재 없음(처분청은 실제 납세의무자를 A로 보아 쟁점처분을 직권취소),심판청구를 각하한다.,각하,N,"처분청이 실제 납세의무자를 명의자인 청구인이 아닌 A로 보아 쟁점처분(덤핑방지관세율 23.61% 적용 경정)을 직권취소하고 A에게 다시 고지하였으므로, 심판청구의 대상이 존재하지 않아 부적법하다.",,,,높음,"덤핑방지관세는 처분 경위에만 나오고 본안 판단 없음. 사실관계상 D063(조심2024관0141)과 같은 PET 필름 수입 건으로 보임 [v2] D060과 명의자·수입기간·처분일이 달라 같은 결정이 아니다. 청구인(명의자)이 D062 청구법인과 달라 D058 dispute_chain에 잇지 않음. [v2] relevance를 언급에서 쟁점으로, issue_group을 무관에서 불복 적격으로 바꿈(4절 각하 규칙, D048과 일관)."
D062,조세심판원,조심2024관0061,2025-05-13,쟁점물품(LAMINATED COATING FILM)이 덤핑방지관세 부과대상인지 여부 등,,scope,D062,D058,쟁점,조사범위,"중국 및 인도산 폴리에틸렌 테레프탈레이트(PET) 필름에 대한 덤핑방지관세의 부과에 관한 규칙(기획재정부령 제531호, 2016.1.13.) ; 중국 및 인도산 폴리에틸렌 테레프탈레이트(PET)필름에 대한 덤핑방지관세 부과에 관한 규칙(기획재정부령 제750호, 2019.9.11.) ; 중국ㆍ인도네시아 및 태국산 폴리프로필렌 연신필름에 대한 덤핑방지관세 부과에 관한 규칙(기획재정부령 제385호, 2013.12.20.) ; 중국ㆍ인도네시아 및 태국산 폴리프로필렌 연신필름에 대한 덤핑방지관세 부과에 관한 규칙(기획재정부령 제747호, 2019.8.23.)","중국산 플라스틱 필름. 두께 9㎛ 미만 H필름(LAMINATED COATING FILM, 습식 은색 코팅이라 주장)·I 필름(PET)과 두께 10㎛ 미만 J 필름(OPP)으로 신고. 처분청은 알루미늄 증착 PET 필름(VM-PET)으로 봄",,"PET 규칙은 9㎛ 미만의 증착되지 않은 PET 필름을 제외한다. 무역위원회 최종보고서 등에 따르면 '증착'은 진공챔버에서 기체 상태 금속을 도포하는 것인데, H필름은 그라비아·콤마 방식의 액상 코팅이라 증착필름이 아니며 물성도 다르다. 내부자료의 증착 표기는 영업비밀 유지를 위한 것이었다. J 필름은 PP 소재로 10㎛ 미만이라 제외된다. 가산세에는 정당한 사유가 있다.","압수한 수입자재 리스트, 지출결의서, 원가분석 자료, 수출자 엑셀파일에 모두 증착필름(VM-PET)으로 적혀 있고 H필름은 없다. I 필름 신고 건은 사전분석에서 증착필름으로 판정되자 반송 후 다른 명의로 J 필름으로 바꿔 재수입했다. 개발 입증자료가 없고 분석 샘플과 오리지날 인보이스는 신뢰할 수 없다. 품명 허위신고는 부정행위라 가산세도 정당하다.",심판청구를 기각한다.,기각,N,"PET 규칙상 증착필름은 두께와 상관없이 부과대상이고, 증착되지 않은 것으로서 9㎛ 미만인 것만 제외된다. 수출자 엑셀파일과 인보이스, 청구법인 지출결의서에 증착필름을 뜻하는 품명이 적혀 있고, 반송 건이 사전분석에서 증착필름으로 확인되었다. 오리지날 인보이스는 압수 인보이스와 단가·총액이 달라 믿기 어렵고, H필름 개발을 입증할 자료도 없다. 쟁점물품은 증착 PET 필름으로 부과대상이며, 품명 허위신고로 가산세 면제 사유도 없다.",규격;가공상태,청구법인은 무역위원회의 '2019.6.20.자 중국 및 인도산 PET 필름에 대한 덤핑방지관세부과 종료 재심사 최종보고서'가 증착제품을 PET 필름을 기재로 진공챔버 안에서 금속 물질 등을 얇게 도포한 것으로 정의했다며 '증착'을 이에 따라 해석해야 한다고 주장(심판원은 판단하지 않음),,중간,"부과대상 여부를 가른 기준은 증착 여부(가공상태)와 두께 9㎛·10㎛(규격)이나, 심판원은 '증착'의 정의 해석이 아니라 서류 증거로 물품이 증착필름이라는 사실을 인정해 결론을 냄. 수입신고 HSK는 원문에 없음. 과세전적부심사를 거쳤으나 사건번호 미기재. [v2] decision_group D062(D062·D063): 조심2024관0061·0141은 청구번호 줄만 다르고 본문과 결정일(2025-05-13)이 같다. [v2] dispute_chain D058(D058·D059·D062·D063): 대표이사가 배우자·직원 명의 개인사업체를 실제 운영한 같은 청구법인이 2017.12.27.부터 중국 수출자 2곳에서 들여온 9㎛ 미만 습식 코팅 은색 PET 필름. 적부심사(2023.12.4. 불채택) 뒤 2024.1.11. 경정고지가 심판청구 대상이 되었다. 적부심사 대상(32건, ~2021.2.22.)은 심판청구 대상(82건, ~2022.9.20.)의 일부이고 조심2024관0061은 적부심사를 따로 적지 않는다."
D063,조세심판원,조심2024관0141,2025-05-13,쟁점물품(LAMINATED COATING FILM)이 덤핑방지관세 부과대상인지 여부 등,인천공항세관-조심-2024-134;인천공항세관-조심-2024-48,scope,D062,D058,쟁점,조사범위,"중국 및 인도산 폴리에틸렌 테레프탈레이트(PET) 필름에 대한 덤핑방지관세의 부과에 관한 규칙(기획재정부령 제531호, 2016.1.13.) ; 중국 및 인도산 폴리에틸렌 테레프탈레이트(PET)필름에 대한 덤핑방지관세 부과에 관한 규칙(기획재정부령 제750호, 2019.9.11.) ; 중국ㆍ인도네시아 및 태국산 폴리프로필렌 연신필름에 대한 덤핑방지관세 부과에 관한 규칙(기획재정부령 제385호, 2013.12.20.) ; 중국ㆍ인도네시아 및 태국산 폴리프로필렌 연신필름에 대한 덤핑방지관세 부과에 관한 규칙(기획재정부령 제747호, 2019.8.23.)","중국산 은색 PET 필름(LAMINATED COATING FILM 등으로 신고, 두께 9㎛ 미만 주장)과 OPP 필름(두께 10㎛ 미만 주장), 처분청은 증착 PET 필름(VMPET)으로 봄",,"H필름은 진공챔버 증착이 아닌 그라비아·콤마 습식코팅으로 은색 용액을 도포한 것으로 무역위원회 최종보고서의 '증착' 정의에 해당하지 않고, 두께 9㎛ 미만이라 제외물품이다. J 필름은 PP 소재로 두께 10㎛ 미만이라 부과대상이 아니다. 내부자료의 증착(M) 표기는 영업비밀 보호 때문이다. 가산세 면제 사유도 있다.",압수한 수입자재 리스트·지출결의서·원가자료·수출자 엑셀파일에 모두 증착필름(VM-PET)으로 기재되어 있고 H필름 개발 증거가 없다. I 필름 신고분은 사전분석에서 증착필름으로 확인되자 반송 후 명의·품명을 바꿔 J 필름으로 재수입했다. 청구인의 분석결과·오리지날 인보이스는 신뢰할 수 없고 부정행위 가산세가 정당하다.,심판청구를 기각한다.,기각,N,"수출자 이메일 첨부 엑셀파일과 인보이스, 청구법인 지출결의서에 품명이 증착필름(M)으로 기재되어 있고, 반송건이 사전분석에서 증착필름으로 확인되었으며, 제출한 오리지날 인보이스는 압수 인보이스와 단가·총액이 달라 신뢰하기 어렵고, H필름 개발 입증자료가 없으며 수출자가 이를 제3자에게 홍보·판매하는 점 등에 비추어 쟁점물품은 증착된 PET 필름으로 부과대상이다. 품명 허위신고로 가산세도 정당하다.",규격;가공상태,(청구인) 무역위원회 종료재심사 최종보고서(2019.6.20.)는 증착제품을 PET 필름을 기재로 진공챔버 안에서 금속 물질 등을 얇게 도포한 것으로 정의,,중간,"제외기준(증착 여부·두께)의 해석보다 쟁점물품이 실제 증착필름인지 사실인정으로 판단함. 청구인이 제시한 무역위원회 '증착' 정의에 대해서는 판단하지 않음. D061과 같은 수입 건으로 보임 [v2] decision_group D062(D062·D063): 조심2024관0061·0141은 청구번호 줄만 다르고 본문과 결정일(2025-05-13)이 같다. [v2] dispute_chain D058(D058·D059·D062·D063): 대표이사가 배우자·직원 명의 개인사업체를 실제 운영한 같은 청구법인이 2017.12.27.부터 중국 수출자 2곳에서 들여온 9㎛ 미만 습식 코팅 은색 PET 필름. 적부심사(2023.12.4. 불채택) 뒤 2024.1.11. 경정고지가 심판청구 대상이 되었다. 적부심사 대상(32건, ~2021.2.22.)은 심판청구 대상(82건, ~2022.9.20.)의 일부이고 조심2024관0061은 적부심사를 따로 적지 않는다."
D064,관세청 과세전적부심사,관세청-적부심사-2025-13,2025-10-16,덤핑방지관세 부과 처분 적정 여부 및 감액경정 후 재경정 시 가산세 부과 적정 여부,관세청-적부심사-2025-13,,D064,D064,쟁점,조사범위,중국산 합판에 대한 덤핑방지관세 부과에 관한 규칙(기획재정부령 제621호),"중국산 HPL(고압라미네이트) 필름 적층 5ply 합판 마루판. 두께 7mm, 너비 1,220mm, 길이 2,440mm. 완성품 바닥재로 쓰거나 절단 등 가공 후 사용","신고 미기재(제4412호, 덤핑방지관세 17.48% 적용) / 처분청 4412.31-4019",HPL 필름 적층 마루판은 구조·용도·가격이 일반 합판과 다른 비동종물품이고 무역위원회 조사대상에 포함된 적이 없는데 HS 코드가 같다는 이유만으로 과세하는 것은 조세법률주의 위반이다. 수입가격이 일반 합판의 약 두 배로 덤핑 사실도 없다. 감액경정 후 재경정하며 가산세를 부과하는 것은 부족세액이 없어 위법하다.,"쟁점물품은 합판에 HPL 필름을 붙였어도 본질적 특성이 합판이고 4412.31-4019에 해당한다. 무역위원회 종료재심사 의결서의 조사대상은 두께 6mm 이상으로 마루판 등 다양한 용도를 포함하며, 제외규격(너비 220mm 이하, 길이 2,000mm 이하 요철가공 마루판)에 해당하지 않는다. 기재부 공문을 확대해석해 환급받았으므로 가산세 면제 사유도 없다.","과세전통지 중 가산세는 적용하지 아니하는 것으로 일부채택하고, 나머지 청구는 불채택(적부심 2025-13·14호 병합)",일부인용,Y,"무역위원회 최종판정 의결서상 조사대상은 두께 6mm 이상으로 마루판 등 다양한 용도를 포함하고, HPL 필름을 붙였어도 본질적 특성은 합판이며, 제외규격(너비 220mm 이하·길이 2,000mm 이하 요철가공)에 해당하지 않는다. 청구인이 질의한 광폭 마루판에 대해서도 부과대상이라는 회신이 있었다. 따라서 부과대상이다. 다만 최초 신고 때 성실히 납부해 재경정 세액에 비해 부족세액이 없고 기재부 2012년 유권해석에도 배치되므로 가산세는 부과할 수 없다.",규격;가공상태;분류,"무역위원회 2020.8. 종료재심사 최종판정 의결서: 조사대상은 두께 6㎜ 이상 후판 제품으로 콘크리트 거푸집, 가구, 인테리어, 마루판 등 다양한 용도에 사용되는 제품 포함. 무역위원회 2023.11.7. 회신: 제외 규격(두께 6㎜ 이상, 너비 220㎜ 이하, 길이 2,000㎜ 이하, 측면 요철가공)과 불일치",관세청-적부심사-2025-14(병합) ; 대법원2003두13632 ; 대법원2009다28783 ; 대법원2013두27128 ; 대법원2015두56120,높음,"일부채택은 가산세 부분만이고 부과대상 여부는 불채택. 청구인 주장 중 용도(마루판) 기준은 배척됨. 같은 청구법인·같은 수입기간(2021.7.26.~2022.10.7.) 물품에 대한 후속 심판청구로 보이는 D072(조심2026관0016)와 연결되나 결정문에 사건번호 언급은 없다. 인용 부령 번호가 D072(제813호)와 다르다. [v2] dispute_chain D064(D064·D072·D073): 2021.7.26.~2022.10.7. 수입한 HPL 필름 부착 합판 마루판(7×1,220×2,440mm), 2023.7.21. 경정청구·7.28. 환급 뒤 재경정한 같은 경위. 적부심사 2025-13(과세전통지 2025.3.24.) 뒤 2025.10.20. 경정고지가 조심2026관0016·0017의 대상이다."
D065,관세청 과세전적부심사,관세청-적부심사-2025-19,2025-10-16,중국산 PP필름 수출자와 공급자의 특수관계 해당 여부 및 가산세 면제 정당한 사유 여부,관세청-적부심사-2025-19,,D065,D065,쟁점,공급자·세율,중국·인도네시아 및 태국산 폴리프로필렌 연신필름에 대한 덤핑방지관세 부과에 관한 규칙,중국산 폴리프로필렌 연신(BOPP)필름(의류 부자재용). 2021.6.~2024.10. 중국 수출자 2곳에서 수입,신고 3921.90-2000(청구주장상 관세사 안내) / 처분청 기재 없음,"특수관계가 성립하려면 수출자와 명시된 공급자(OOO社) 사이의 구매자·판매자 지위와 거래 사실이 입증되어야 하는데, 통지청은 대표가 같다는 사실만 들었을 뿐 거래 자료를 내지 못했다. 또한 거래 초기 수출자에게 확인하고 관세사 자문을 받는 등 주의의무를 다했고 영세업체로서 정보 접근에 한계가 있어 가산세를 면제할 정당한 사유가 있다.","기업신용정보와 지배구조 조회 결과 수출자들의 대표가 명시된 공급자 OOO社의 최대주주이자 대표이고 주소·서명도 일치해, 시행령 제23조 제1항 제6호(동일한 제3자의 지배)의 특수관계에 해당한다. 거래 사실은 요건이 아니다(조심2010관181). 문의·자문 사실은 입증되지 않았고 법령 부지는 정당한 사유가 아니다.",과세전적부심사를 채택하지 아니한다.,기각,N,"부과 규칙 별표 2 주석은 '그 밖의 공급자'가 명시된 공급자와 시행령 제23조 제1항의 특수관계에 있으면 그 공급자의 세율을 적용하도록 하며, 특수관계는 같은 항 각 호에 해당하는지로 판단한다. 수출자들의 대표가 OOO社의 대표이자 지분 50.46%의 최대주주이고 주소·서명이 일치해 제6호에 해당하므로 거래 사실이 없어도 특수관계가 있다. 문의·자문 사실의 입증이 없고 세율 차이가 커 강화된 주의의무가 요구되므로 가산세 면제 사유도 없다.",,,조심2010관181; 대법원 2016두53180; 대법원 2002두10780; 부산지방법원 2015고합782; 대법원 2009두3538; 대법원 2008두12986,높음,부과 규칙은 제명만 나오고 부령 번호·날짜가 없음. 청구인은 관세법 제30조 제3항 제4호(과세가격) 틀로 다투었으나 실제 쟁점은 덤핑방지관세 공급자 세율 적용.
D066,관세청 과세전적부심사,관세청-적부심사-2025-20,2025-10-16,"중국, 베트남산 합판의 HS 4412.39호 해당 여부 및 덤핑방지관세 부과 대상 여부",관세청-적부심사-2025-20,,D066,D066,쟁점,조사범위,"중국산 침엽수 합판에 대한 덤핑방지관세 부과에 관한 규칙(기획재정부령 제1074호, 2024.7.2.) ; 베트남산 합판에 대한 덤핑방지관세 부과에 관한 규칙(기획재정부령 제1076호, 2024.7.2.) ; 중국산 합판에 대한 덤핑방지관세 부과에 관한 규칙","LVB(Laminated Veneer Board). 두께 23.5mm, 폭 1,220mm, 1~2mm 단판 17매 중 교차 단판 4~5매, 외면 침엽수, 문틀 제조용","신고 4412.99-6991, 4412.99-9910(2020~2022) / 처분청 4412.39-9000",가로결 단판 비율이 23.53%로 일반 합판(33.3% 이상)과 달라 해설서상 '대부분 또는 모든' 단판이 평행한 단판적층재(LVL)이므로 4412.49-9000이다(일본 규격·독일 세관 사례 등). 규칙 제2조 제3호의 '단판 섬유 방향 교차' 요건도 충족하지 못한다. 국내 생산이 없어 산업 보호 취지에도 맞지 않는다.,"3매 이상 단판을 교차 배열해 접착·압축한 합판으로 4412.3호에 분류되고, 관세평가분류원도 교차 비율 22%인 LVB를 합판으로 분류했다. 제2조 제3호는 모든 단판의 교차를 요구하지 않는 합판의 구조 기술이며, 좁게 해석하면 덤핑방지관세 제도의 목적에 반한다.",과세전적부심사를 채택하지 아니한다.,기각,N,"LVB는 3매 이상 단판을 접착·압축하고 나뭇결을 비스듬히 배열한 것으로 해설서상 합판 정의에 맞고, 교차 구성비로 품목분류가 갈린다는 근거가 없다. 관세청은 LVL 세번 신설 뒤에도 LVB를 4412.3호로 일관되게 분류했고, 청구법인도 LVL과 다르다고 진술하며 2023년부터 합판으로 신고했다. 제2조 제3호는 하나 이상의 단판이 교차하면 충족된다. 6단위 세번, 두께 등 요건, 기간, 공급자에 모두 해당하므로 부과대상이다.",가공상태;분류,,,높음,"품목분류(합판/LVL)와 부과대상 요건(단판 섬유 방향 교차) 해석이 함께 쟁점이다. 두께 요건(규격)은 충족되었다고만 적혀 있어 기준에 넣지 않았다. [v2] dispute_chain D066(D066·D070·D071): 관세조사(2025.5.19.~5.22.), 2025.7.1. 과세전통지, 2025.7.23. 적부심사 청구, 2025.10.16. 불채택이 조심2025관0097의 처분 경위와 일치한다. 쟁점물품도 17매 중 가로결 4매(23.53%)인 같은 LVL 계열 제품."
D067,조세심판원,조심2025관0048,2025-12-01,덤핑방지관세 부과시 분기별 최저수출가격 요건 충족여부의 판단시점이 언제인지 여부,평택세관-조심-2025-51,undertaking-value,D067,D067,쟁점,가격약속·과세가격,"중국·인도네시아 및 대만산 스테인리스강 평판압연에 대한 덤핑방지관세 부과에 관한 규칙(기획재정부령 제865호, 2021.9.15.)","가격약속 수출자로부터 수입한 스테인리스강 평판압연(STAINLESS STEEL HOT ROLLED COILS) 302.41톤. 2022.9.30. 입항전수입신고, 2022.10.3. 입항",,"수출자는 2022년 4분기 물량으로 계약·보고한 대로 4분기 최저가격 이상으로 수출해 약속을 위반하지 않았다. 고시는 분기별 최저가격의 기준시점을 정하지 않았고, 제2조 (마)항은 약속 시행일을 정한 것에 불과하다. 입항전신고는 당진항 사정 때문이며 실제 반입은 4분기이다. 기획재정부 회신은 내부 지침에 불과하고, 가산세 면제의 정당한 사유도 있다.","가격약속 준수의 분기 기준시점은 고시 제2조 (마)항에 따라 약속시행일 이후 수입신고일이며, 기획재정부도 그렇게 회신했다. 2022.9.30. 신고분은 3분기 최저가격 미만이므로 약속 위반이고, 시행령 제68조와 고시 제6조 (바)항에 따라 덤핑방지관세를 부과한 것은 적법하다. 법령의 부지는 가산세 면제 사유가 아니다.",심판청구를 기각한다.,기각,N,"수출자는 최저가격 이상 수출을 조건으로 부과대상에서 제외되고, 관세법 제55조와 고시 제2조 (마)항상 최저가격은 약속시행일 이후 수입신고분부터 적용되며, 기획재정부도 기준시점을 수입신고일로 회신했다. 관세법 제244조상 입항전수입신고된 물품은 도착한 것으로 보므로 3분기 최저가격이 적용되어 부과는 정당하다. 청구인이 자의적으로 해석해 신고했으므로 가산세 면제 사유도 없다.",,,평택세관-조심-2025-51 ; 관세청 과세전적부심사 제2007-99호 ; 대법원 2017두66541 ; 대법원 2012두10987 ; 대법원 2002두66 ; 대법원 2013두1829 ; 대법원 2002두10780,높음,"가격약속 고시: 대만산 스테인리스강 평판압연에 대한 수출가격 인상약속 수락(기획재정부고시 제2021-27호, 2021.9.15.). 가산세 쟁점도 함께 다툼. 신고 HSK는 나오지 않음. 평택세관-조심-2025-51은 입력의 처분청 사건번호."
D068,관세청 과세전적부심사,관세청-적부심사-2025-28,2026-01-07,쟁점물품이 싱글레이어 덤핑방지관세 부과 규칙상 부과대상에 해당되지 않는다는 청구주장의 당부,관세청-적부심사-2025-28,,D068,D068,쟁점,조사범위,중국산 더블레이어 인쇄제판용 평면 모양 사진 플레이트에 대한 덤핑방지관세 부과에 관한 규칙(2022.10.25.) ; 중국산 인쇄제판용 평면 모양 사진 플레이트에 대한 덤핑방지관세 부과에 관한 규칙,중국산 인쇄 제판용 플레이트(모델 A). 네거티브 방식 무현상 판재로 적외선 감광재가 든 탑 코트와 폴리머 둔감재·접착 촉매제의 베이스 코트 2개 층,신고 3701.30-2000(2021년까지 3701.30-9100) / 처분청 3701.30-2000,"쟁점물품은 탑 코트와 베이스 코트 두 코팅층으로 된 더블레이어로, 무역위원회 원심 조사 때 더블레이어 품목으로 제출되어 덤핑률 산정에 쓰였다. 싱글·더블 구분은 코팅 횟수에 있고, 업계·중국 공급자·학계·학회도 서로 다른 기능층 2개로 적층된 판을 더블레이어로 정의하므로 규칙을 합목적적으로 해석해야 한다.","규칙은 감광재 2회 도포, 감광면 2개층을 더블레이어 요건으로 명시한다. 쟁점물품은 감광재를 한 번만 도포했고 다른 층은 접착·보조 기능뿐이며 본사 설명서도 단일 열감응층이라 한다. 무역위원회 조사는 확정 효력이 없고 최종보고서도 감광층 수로 구분했다. 업계·학계 의견으로 문언을 확장할 수 없다.",과세전적부심사를 채택한다.,인용,Y,"규칙의 ""감광재""는 정의가 명확하지 않은데, 기획재정부가 상이한 감광재 중 하나는 감광 성분을, 다른 하나는 감광 성능이나 인쇄 기능을 향상시키는 물질을 도포한 것이라고 해석했다. 감광재와 폴리머 둔감재 등이 도포된 2개 층의 쟁점물품은 더블레이어에 해당하고, 업계·학계 인식도 같으며, 무역위원회도 원심 조사에서 더블레이어로 인정했다고 볼 수 있어 싱글레이어로 본 통지는 잘못이다.",가공상태,무역위원회의 더블레이어 원심 조사 당시 청구법인은 쟁점물품을 더블레이어 품목으로 분류하여 제출하였고 … 무역위원회도 쟁점물품을 더블레이어로 인정했다고 볼 수 있는 점,대법원 2003두7392,높음,"두 규칙의 부령 번호는 원문에 없음. 결정의 기준은 층 구조·도포(가공상태)이며 변 길이 255mm 규격은 다투지 않음. 부과대상 여부는 어느 규칙(싱글·더블)에 드는지의 문제로, 세율 3.6%와 10.32%의 차이."
D069,관세청 심사청구,관세청-심사-2025-8,2026-01-28,① 쟁점물품을 페인팅한 비합금강의 평판압연제품으로 보아 HSK 7210.70-1000호에 분류해야 하는지 여부 ② 수입신고취하 문의에 대한 처분청 불가 답변 안내가 신의성실원칙에 위배되는지 여부 ③ 수출용 원재료임에도 관세 환급 절차를 제한하는 것이 과세형평원칙에 위배되는지 여부,관세청-심사-2025-8,,D069,D069,쟁점,조사범위,"중국산 탄소강 및 그 밖의 합금강 열간압연 후판 제품에 대한 잠정덤핑방지관세 부과(기획재정부고시 제2025-15호, 2025.4.24.) ; 같은 잠정조치 기간 연장(기획재정부고시 제2025-35호, 2025.8.22.) ; 중국산 탄소강 및 그 밖의 합금강 열간압연 후판에 대한 덤핑방지관세 부과에 관한 규칙(기획재정부령 제1145호, 2025.11.24.)","중국산 비합금강 열간압연 평판압연제품(후판, 코일 아님). 두께 10mm 초과, 인장강도 490Mpa 이상, 아연 함유 방청 숍프라이머 도장. 래싱 브릿지 원재료",신고 7210.70-1000(7210.49-9090 신고 이력도 있음) / 처분청 7208.51-1000·7208.52-9000,"아연 규산염 숍프라이머 도장은 조잡한 방청 도장이 아니라 래싱 브릿지 가공성과 내구성을 위한 기능적 표면완성처리이므로 페인팅한 평판압연제품인 HSK 7210.70-1000호에 분류해야 함. 계약과 상이한 물품이라 신고취하가 승인되어야 하고, 수출용 원재료인데 환급을 제한하는 것은 과세형평에 어긋남.","중앙관세분석소 분석상 방청 프라이머를 도포한 열간 평판압연제품으로, 제7208호 해설과 WCO 품목분류의견서(아연 함유 폴리머 프라이머 코팅 강판은 제7208호)에 따라 7208.51·7208.52호에 분류됨. 잠정덤핑방지관세 부과 후 신고 세번을 비대상 세번으로 바꾼 것이고, 취하 사유나 환급 대상도 아님.",심사청구를 기각함,기각,N,"제7208호 해설이 활성방청안료 페인트에 의한 거친 코팅을 허용하고, 제7210호의 '도포한' 처리에 해당하지 않으며, 중앙관세분석소 회보와 WCO 의견서도 제7208호로 보는 점, 잠정조치 고시 뒤 같은 모델 물품의 신고 세번을 비대상 세번으로 바꾼 점 등에서 쟁점물품은 제7208호로 분류되어 부과대상이라고 봄. 신고취하·환급 쟁점은 거부 처분이 없어 심리하지 않음.",분류,,,중간,외형상 품목분류 사건이나 부과대상이 HSK 열거로 정해져 분류 결과가 곧 잠정덤핑방지관세 부과대상 여부를 정함. 수입 당시 적용 근거는 부령이 아닌 잠정조치 고시임. 쟁점②③은 처분 부존재로 심리하지 않음.
D070,조세심판원,조심2025관0097,2026-03-31,쟁점물품(적층 베니어 목재)이 덤핑방지관세 부과대상(HSK제4412.39-9000호의 합판)에 해당하는지 여부,,scope,D070,D066,쟁점,조사범위,"OOO산 침엽수 합판에 대한 덤핑방지관세 부과에 관한 규칙(기획재정부령 제814호, 2020.11.6.) ; OOO산 합판에 대한 덤핑방지관세 부과에 관한 규칙(기획재정부령 제882호, 2021.12.31.)","적층 베니어 목재(LVL 계열 제품). 17매 단판 중 가로결 4매(직교비율 23.53~29.41%), 겉면 0.3mm 소나무, 안쪽 1.7mm 유칼립투스, 두께 23.5~29.5mm, 주로 문틀 제조용",신고 4412.99-6991 또는 4412.99-9910 / 처분청 4412.39-9000,"쟁점물품은 LVL의 뒤틀림을 보완하려 가로결을 일부 넣은 제품으로 직교비율이 23.53%에 그쳐 합판(33% 이상)과 다르다. 2022년 HS해설서는 '대부분' 평행한 것도 LVL로 보고, KS·JAS(직교 30% 이하)와 독일세관 분류사례도 LVL로 본다. 합판이 아니므로 4412.99-6991호에 분류되어 덤핑규칙의 부과대상 HSK에 해당하지 않고, 모든 단판이 교차하지도 않는다.","덤핑규칙 제2조의 '단판의 섬유 방향이 다른 단판과 교차할 것'은 하나 이상의 단판이 교차하면 충족된다. 쟁점물품은 HS해설서의 합판 정의에 부합하고, 관세평가분류원은 직교비율과 무관하게 유사물품을 제4412.3호 합판으로 분류해 왔으며(22% 사례 포함), 규칙에 직교비율 예외가 없다. 청구법인이 따로 수입하는 LVL과 규격·제조방식·용도가 다르다.",인천세관장이 2025.7.1. 및 2025.10.29. 청구법인에게 한 관세·부가가치세·가산세 각 부과처분은 이를 취소한다.,인용,Y,"덤핑규칙은 4412.39 등 합판만 부과대상으로 하고 제4412.4*호 LVL은 생산지를 불문하고 부과대상이 아니다. 2022년 HS해설서는 LVL을 '대부분 또는 모든' 단판이 평행한 것으로 설명하고, KS F ISO 18776·10033-1은 직교단판을 약간 삽입한 것도 LVL에 포함하며, 문틀용인 쟁점물품은 합판보다 LVL의 물리적 특성에 가깝다. 직교비율 23.53~29.41%는 JAS의 LVL 기준(30% 이하)에 들고 독일세관도 21.05% 물품을 4412.42호로 분류했다. 하나만 교차해도 합판이라는 처분청 의견은 수긍하기 어려워 4412.39-9000호로 본 처분은 잘못이다.",규격;가공상태;분류,,,높음,"D071(조심2026관0002)과 원문이 사건번호 외에 같다. 쟁점처분①(2025.7.1.)과 쟁점처분②(2025.10.29., 과세전적부심사 불채택 후)에 대한 두 청구(2025.9.25., 2025.11.11.)를 함께 결정한 것으로 보인다. 용도(문틀·축재료)도 보조 논거로 쓰였다. [v2] decision_group D070(D070·D071): 조심2025관0097·2026관0002는 청구번호 줄만 다르고 본문과 결정일(2026-03-31)이 같다. [v2] dispute_chain D066(D066·D070·D071): 관세조사(2025.5.19.~5.22.), 2025.7.1. 과세전통지, 2025.7.23. 적부심사 청구, 2025.10.16. 불채택이 조심2025관0097의 처분 경위와 일치한다. 쟁점물품도 17매 중 가로결 4매(23.53%)인 같은 LVL 계열 제품."
D071,조세심판원,조심2026관0002,2026-03-31,쟁점물품(적층 베니어 목재)이 덤핑방지관세 부과대상(HSK제4412.39-9000호의 합판)에 해당하는지 여부,,scope,D070,D066,쟁점,조사범위,"OOO산 침엽수 합판에 대한 덤핑방지관세 부과에 관한 규칙(기획재정부령 제814호, 2020.11.6.) ; OOO산 합판에 대한 덤핑방지관세 부과에 관한 규칙(기획재정부령 제882호, 2021.12.31.)","적층 베니어 목재(LVL 계열 제품). 17매 단판 중 가로결 4매(직교비율 23.53~29.41%), 겉면 0.3mm 소나무, 안쪽 1.7mm 유칼립투스, 두께 23.5~29.5mm, 주로 문틀 제조용",신고 4412.99-6991 또는 4412.99-9910 / 처분청 4412.39-9000,"쟁점물품은 LVL의 뒤틀림을 보완하려 가로결을 일부 넣은 제품으로 직교비율이 23.53%에 그쳐 합판(33% 이상)과 다르다. 2022년 HS해설서는 '대부분' 평행한 것도 LVL로 보고, KS·JAS(직교 30% 이하)와 독일세관 분류사례도 LVL로 본다. 합판이 아니므로 4412.99-6991호에 분류되어 덤핑규칙의 부과대상 HSK에 해당하지 않고, 모든 단판이 교차하지도 않는다.","덤핑규칙 제2조의 '단판의 섬유 방향이 다른 단판과 교차할 것'은 하나 이상의 단판이 교차하면 충족된다. 쟁점물품은 HS해설서의 합판 정의에 부합하고, 관세평가분류원은 직교비율과 무관하게 유사물품을 제4412.3호 합판으로 분류해 왔으며(22% 사례 포함), 규칙에 직교비율 예외가 없다. 청구법인이 따로 수입하는 LVL과 규격·제조방식·용도가 다르다.",인천세관장이 2025.7.1. 및 2025.10.29. 청구법인에게 한 관세·부가가치세·가산세 각 부과처분은 이를 취소한다.,인용,Y,"덤핑규칙은 4412.39 등 합판만 부과대상으로 하고 제4412.4*호 LVL은 생산지를 불문하고 부과대상이 아니다. 2022년 HS해설서는 LVL을 '대부분 또는 모든' 단판이 평행한 것으로 설명하고, KS F ISO 18776·10033-1은 직교단판을 약간 삽입한 것도 LVL에 포함하며, 문틀용인 쟁점물품은 합판보다 LVL의 물리적 특성에 가깝다. 직교비율 23.53~29.41%는 JAS의 LVL 기준(30% 이하)에 들고 독일세관도 21.05% 물품을 4412.42호로 분류했다. 하나만 교차해도 합판이라는 처분청 의견은 수긍하기 어려워 4412.39-9000호로 본 처분은 잘못이다.",규격;가공상태;분류,,,중간,"D070(조심2025관0097)과 원문이 사건번호 외에 같다. 두 청구를 함께 결정한 같은 결정문으로 보이며, 이 사건이 어느 처분(쟁점처분②로 추정)을 다룬 것인지 원문으로는 가릴 수 없다. 중복 계수에 주의. [v2] decision_group D070(D070·D071): 조심2025관0097·2026관0002는 청구번호 줄만 다르고 본문과 결정일(2026-03-31)이 같다. [v2] dispute_chain D066(D066·D070·D071): 관세조사(2025.5.19.~5.22.), 2025.7.1. 과세전통지, 2025.7.23. 적부심사 청구, 2025.10.16. 불채택이 조심2025관0097의 처분 경위와 일치한다. 쟁점물품도 17매 중 가로결 4매(23.53%)인 같은 LVL 계열 제품."
D072,조세심판원,조심2026관0016,2026-08-19,쟁점물품을 덤핑방지관세 부과대상 물품에 해당하는 것으로 보아 과세한 처분의 당부,,scope,D072,D064,쟁점,조사범위,"중국산 합판에 대한 덤핑방지관세 부과에 관한 규칙(기획재정부령 제813호, 2020.11.6.)","중국산 마루판. 합판 표면에 천연나무 무늬 HPL 필름을 부착한 제품으로 너비 1,220mm, 길이 2,440mm, 두께 7mm. 완성품 바닥재로 쓰거나 절단 후 사용",신고 4412.31-4019 / 처분청 4412.31-4019,"덤핑방지관세는 무역위원회 조사대상 물품에만 부과되어야 하고, HPL 필름을 붙인 마루판은 구성·공정·용도·가격·등급(E0)·고객인식이 일반 합판과 달라 조사대상도 동종물품도 아니다. HS 품목분류는 부과대상 판단 기준이 아니며, 명시적 제외 규정이 없다는 이유로 과세하는 것은 확장해석이다. 기재부 2019년 공문도 마루판을 제외했다.","종료재심사는 두께 6mm 이상 합판을 조사범위로 정하고 너비 220mm 이하·길이 2,000mm 이하·측면 요철가공 사각형 물품만 제외했는데, 쟁점물품은 규격과 가공형태 모두 제외규격에 해당하지 않는다. 산업부도 동일 규격 광폭 마루판이 부과대상이라고 회신했고, 무역위원회는 2019년 용도·가공 여부에 따른 예외가 없다고 회신했다. 품목번호 기준도 판례상 합리적이다.",심판청구를 기각한다.,기각,N,"종료재심사 최종보고서(2020.8.)는 두께 6mm 이상·너비 220mm 이하·길이 2,000mm 이하로 측면 요철가공한 사각형 물품만 조사범위에서 제외했고, 쟁점덤핑규칙은 4412.31 등 중 두께 6mm 이상을 부과대상으로 정했다. 쟁점물품(7×1,220×2,440mm)은 제외규격과 요철가공에 해당하지 않는다. 기재부 2019년 회신 물품은 제외규격에 부합하는 소형 요철 마루판이었으나 청구인 제시 공문에는 규격이 없어 마루판 용도만으로 제외되지 않으며, 산업부도 동일 규격 광폭 마루판을 부과대상으로 회신했다.",규격;가공상태;분류,"중국산 합판 종료재심사 최종보고서(구제 23-2019-5, 2020.8.): 조사범위에서 '합판 중 두께가 6mm 이상이고, 너비가 220mm 이하이며, 길이가 2,000mm 이하로서 측면을 요철(Tongue and Groove)가공한 사각형태의 물품'은 제외",광주고법2019누12998(처분청 인용) ; 대법원98두11731(청구인 인용),높음,"D064(관세청-적부심사-2025-13)와 같은 청구법인·같은 물품·같은 수입기간으로 보이는 후속 사건이나 결정문에 해당 사건번호는 없다. 청구인의 용도(마루판)·동종물품 주장은 배척됨. 무역위원회 회신 주체가 결정문에서 '산업통상자원부'로 표기됨. [v2] decision_group D072(D072·D073): 조심2026관0016·0017은 청구번호와 관련법령 표기(“등”)만 다르고 본문과 결정일(2026-08-19)이 같다. [v2] dispute_chain D064(D064·D072·D073): 2021.7.26.~2022.10.7. 수입한 HPL 필름 부착 합판 마루판(7×1,220×2,440mm), 2023.7.21. 경정청구·7.28. 환급 뒤 재경정한 같은 경위. 적부심사 2025-13(과세전통지 2025.3.24.) 뒤 2025.10.20. 경정고지가 조심2026관0016·0017의 대상이다."
D073,조세심판원,조심2026관0017,2026-08-19,쟁점물품을 덤핑방지관세 부과대상 물품에 해당하는 것으로 보아 과세한 처분의 당부,,scope,D072,D064,쟁점,조사범위,"중국산 합판에 대한 덤핑방지관세 부과에 관한 규칙(기획재정부령 제813호, 2020.11.6.)","중국산 합판 표면에 천연나무 무늬 HPL 필름을 부착한 마루판. 두께 7mm × 너비 1,220mm × 길이 2,440mm, 측면 요철가공 없음. 그대로 또는 절단 후 바닥재로 사용",신고 4412.31-4019 / 처분청 4412.31-4019,"덤핑방지관세 대상은 무역위원회 조사대상과 부령 고시물품으로 엄격히 해석해야 한다. 쟁점물품은 HPL 필름이 결합된 마루판으로 구성, 가격·등급(E0), 용도(바닥재 전용), 제조공정이 일반 합판과 달라 조사대상도 동종물품도 아니다. HS 분류와 전용 가능성·이해단체 의견으로 과세할 수 없고, 기재부 공문도 마루판을 제외했다.","종료재심사는 두께 6mm 이상 합판을 조사범위로 하고, 두께 6mm 이상·너비 220mm 이하·길이 2,000mm 이하·측면 요철가공 사각형 물품만 제외했다. 쟁점물품은 이 제외규격에 해당하지 않는다. 산업부도 같은 규격 광폭 마루판이 부과대상이라 회신했고, '마루판' 용도만으로 제외된 사례는 없다.",심판청구를 기각한다.,기각,N,"종료재심사 최종보고서는 두께 6mm 이상·너비 220mm 이하·길이 2,000mm 이하로 측면 요철가공한 사각형 물품만 조사범위에서 제외했다. 쟁점물품(7×1,220×2,440mm)은 부령상 부과대상이나 이 제외규격과 요철가공 형태에 해당하지 않는다. 청구인이 든 2019년 기재부 공문의 마루판은 제외규격 물품에 대한 것이어서, 마루판 용도만으로 제외된다고 보기 어렵다. 산업부 회신도 부과대상이라 했다.",규격;가공상태;분류,"중국산 합판에 대한 덤핑방지관세부과 종료재심사 최종보고서(구제 23-2019-5, 2020.8.): 조사범위에서 ""합판 중 두께가 6mm 이상이고, 너비가 220mm 이하이며, 길이가 2,000mm 이하로서 측면을 요철(Tongue and Groove)가공한 사각형태의 물품""은 제외",대법원 2000.3.16. 선고 98두11731 ; 광주고등법원 2020.11.13. 선고 2019누12998,높음,"제외규격은 부령 문언에 없고 무역위원회 최종보고서에만 있는데 심판원이 이를 기준으로 판단함. 청구인의 용도(마루판) 기준 제외 주장은 배척됨. 처분청(부산세관·평택세관) 두 건을 함께 다룸. 경정청구 인용·환급 후 재부과한 경위가 있음. [v2] decision_group D072(D072·D073): 조심2026관0016·0017은 청구번호와 관련법령 표기(“등”)만 다르고 본문과 결정일(2026-08-19)이 같다. [v2] dispute_chain D064(D064·D072·D073): 2021.7.26.~2022.10.7. 수입한 HPL 필름 부착 합판 마루판(7×1,220×2,440mm), 2023.7.21. 경정청구·7.28. 환급 뒤 재경정한 같은 경위. 적부심사 2025-13(과세전통지 2025.3.24.) 뒤 2025.10.20. 경정고지가 조심2026관0016·0017의 대상이다."
