dispute_id,decision_date,issue_group,import_period,measure_id,measure_title,lsi_seq,method,score,cited
D001,2002-10-18,조사범위,,M019,관세법제10조의규정에의한싱가폴·중국및프랑스산가정용전기다리미에대한덤핑방지관세부과에관한규칙,,보조 키2(HSK)(결정일 기준),,
D002,2003-05-23,공급자·세율,,M027,관세법제51조의규정에의한대만산시디알에대한덤핑방지관세부과에관한규칙,,보조 키2(HSK)(결정일 기준),,
D003,2003-05-23,공급자·세율,,M027,관세법제51조의규정에의한대만산시디알에대한덤핑방지관세부과에관한규칙,,보조 키2(HSK)(결정일 기준),,
D004,2005-11-01,불복 적격,2003-11-07~2006-11-06,M032,관세법제51조의규정에의한인도네시아·중국산정보용지및백상지에대한덤핑방지관세부과에관한규칙,59178,부령 번호+공포일,0.55,"관세법 제51조의 규정에 따른 OOOOO·OO산 정보용지 및 OOO에 대한 덤핑방지관세부과에 관한 규칙(OOOOO령 제330호, 2003.11.7.)"
D005,2005-11-01,불복 적격,2003-11-07~2006-11-06,M032,관세법제51조의규정에의한인도네시아·중국산정보용지및백상지에대한덤핑방지관세부과에관한규칙,59178,부령 번호+공포일,0.55,"관세법 제51조의 규정에 따른 OOOOO·OO산 정보용지 및 OOO에 대한 덤핑방지관세부과에 관한 규칙(OOOOO령 제330호, 2003.11.7.)"
D006,2005-11-01,불복 적격,2003-11-07~2006-11-06,M032,관세법제51조의규정에의한인도네시아·중국산정보용지및백상지에대한덤핑방지관세부과에관한규칙,59178,부령 번호+공포일,0.55,"관세법 제51조의 규정에 따른 OOOOO·OO산 정보용지 및 OOO에 대한 덤핑방지관세부과에 관한 규칙(OOOOO령 제330호, 2003.11.7.)"
D007,2007-03-02,불복 적격,2006-01-10~2006-10-17,M043,관세법 제51조에 따른 중국산 도자기질 타일에 대한 덤핑방지관세의 부과에 관한 규칙,74088,부령 번호,1.0,중국산 도자기질 타일 덤핑방지관세 부과 규칙(재정경제부령 제509호)
D008,2007-06-25,조사범위,2006-04-13~2006-08-24,M043,관세법 제51조에 따른 중국산 도자기질 타일에 대한 덤핑방지관세의 부과에 관한 규칙,74088,부령 번호+공포일,1.0,"관세법 제51조에 따른 중국산 도자기질 타일에 대한 덤핑방지관세의 부과에 관한 규칙(재정경제부령 제509호, 2006.5.30.)"
D009,2009-11-11,기타,2007-01-02~2008-10-28,M043,관세법 제51조에 따른 중국산 도자기질 타일에 대한 덤핑방지관세의 부과에 관한 규칙,74088,부령 번호+공포일,1.0,"관세법 제51조에 따른 중국산 도자기질 타일에 대한 덤핑방지관세의 부과에 관한 규칙(재정경제부령 제509호, 2005.12.30.)"
D011,2010-08-24,기타,2008-05-27~2008-07-30,M042,관세법 제51조의 규정에 따른 일본산 6축 수직다관절형 산업용 로봇에 대한 덤핑방지관세의 부과에 관한 규칙,92840,부령 번호+공포일,0.93,"관세법 제51조의 규정에 따른 OO산 6축 수직다관절형 산업용 로봇에 대한 덤핑방지관세의 부과에 관한 규칙(OOOOO령 제463호, 2005.9.16.)"
D012,2010-09-29,기타,2007-01-02~2007-06-28,,,,미연결,,원문에 물품 서술 없음(2007.1.2.~2007.6.28. 등 신고납부한 관세에 덤핑방지관세 포함)
D013,2010-12-24,공급자·세율,2008-06-17~2009-04-28,M048,관세법 제51조에 따른 중국산 차아황산소다에 대한 덤핑방지관세부과에 관한 규칙,82859,부령 번호+공포일,1.0,"관세법 제51조에 따른 중국산 차아황산소다에 대한 덤핑방지관세 부과에 관한 규칙(재정경제부령 제601호, 2008.1.31.)"
D014,2010-12-24,공급자·세율,2008-05-22~2009-03-23,M048,관세법 제51조에 따른 중국산 차아황산소다에 대한 덤핑방지관세부과에 관한 규칙,82859,부령 번호+공포일,1.0,"관세법 제51조에 따른 중국산 차아황산소다에 대한 덤핑방지관세 부과에 관한 규칙(재정경제부령 제601호, 2008.1.31.)"
D015,2010-12-27,공급자·세율,,M048,관세법 제51조에 따른 중국산 차아황산소다에 대한 덤핑방지관세부과에 관한 규칙,82859,부령 번호+공포일,0.88,"관세법 제51조에 따른 OO산 차아황산소다에 대한 덤핑방지관세 부과에 관한 규칙(재정경제부령 제601호, 2008.1.31.)"
D016,2011-08-17,기타,,,,,미연결,,재수출이 예정된 일시수입물품으로서 '수출물품 사양확인용 물품'(구체적 품명·규격 기재 없음)
D018,2014-09-02,조사범위,,M059,중국·대만 및 말레이시아산 폴리에스테르 장섬유 연신가공사에 대한 덤핑방지관세 부과에 관한 규칙,105272,부령 번호+공포일,1.0,"중국ㆍ대만 및 말레이시아산 폴리에스테르 장섬유 연신가공사에 대한 덤핑방지관세 부과에 관한 규칙(기획재정부령 제604호, 2010.5.18.)"
D020,2015-04-30,공급자·세율,,M064,중국산 도자기질 타일에 대한 덤핑방지관세 부과에 관한 규칙,115142,부령 번호+공포일,1.0,"중국산 도자기질 타일에 대한 덤핑방지관세 부과에 관한 규칙(기획재정부령 제222호, 2011.7.20.)"
D021,2015-06-03,공급자·세율,,M064,중국산 도자기질 타일에 대한 덤핑방지관세 부과에 관한 규칙,115142,부령 번호+공포일,1.0,"중국산 도자기질 타일에 대한 덤핑방지관세 부과에 관한 규칙(기획재정부령 제222호, 2011.7.20.)"
D022,2015-06-05,공급자·세율,,M079,중국산 도자기질 타일에 대한 덤핑방지관세 부과에 관한 규칙,,제명+수입기간(결정일 기준),1.0,중국산 도자기질 타일에 대한 덤핑방지관세 부과에 관한 규칙
D023,2015-10-14,공급자·세율,,M079,중국산 도자기질 타일에 대한 덤핑방지관세 부과에 관한 규칙,,보조 키2(HSK)(결정일 기준),,
D027,2015-12-30,조사범위,,M067,중국 및 인도산 폴리에틸렌 테레프탈레이트(PET) 필름에 대한 덤핑방지관세 부과에 관한 규칙,125704,부령 번호+공포일,1.0,"중국 및 인도산 폴리에틸렌 테레프탈레이트(PET) 필름에 대한 덤핑방지관세 부과에 관한 규칙(기획재정부령 제285호, 2012.5.25. 시행)"
D028,2015-12-30,조사범위,,M067,중국 및 인도산 폴리에틸렌 테레프탈레이트(PET) 필름에 대한 덤핑방지관세 부과에 관한 규칙,125704,부령 번호+공포일,1.0,"중국 및 인도산 폴리에틸렌 테레프탈레이트(PET) 필름에 대한 덤핑방지관세 부과에 관한 규칙(기획재정부령 제285호, 2012.5.25. 시행)"
D028,2015-12-30,조사범위,,M054,중국 및 인도산 폴리에틸렌 테레프탈레이트(PET) 필름에 대한 덤핑방지관세의 부과에 관한 규칙,89449,부령 번호,0.0,"기획재정부령 제37호(종전 규칙, 제명 미기재)"
D030,2016-07-28,조사범위,,M071,일본ㆍ인도 및 스페인산 스테인리스 스틸바에 대한 덤핑방지관세 부과에 관한 규칙,144762,부령 번호+공포일,1.0,"일본ㆍ인도 및 스페인산 스테인리스 스틸바에 대한 덤핑방지관세 부과에 관한 규칙(기획재정부령 제370호, 2013.10.1.)"
D031,2017-01-06,공급자·세율,2012-06-29~2015-06-29,M067,중국 및 인도산 폴리에틸렌 테레프탈레이트(PET) 필름에 대한 덤핑방지관세 부과에 관한 규칙,125704,부령 번호+공포일,1.0,"중국 및 인도산 폴리에틸렌 테레프탈레이트(PET) 필름에 대한 덤핑방지관세 부과에 관한 규칙(기획재정부령 제285호, 2012.5.25.)"
D031,2017-01-06,공급자·세율,2012-06-29~2015-06-29,M054,중국 및 인도산 폴리에틸렌 테레프탈레이트(PET) 필름에 대한 덤핑방지관세의 부과에 관한 규칙,89449,부령 번호+공포일,1.0,"중국 및 인도산 폴리에틸렌 테레프탈레이트(PET) 필름에 대한 덤핑방지관세의 부과에 관한 규칙(기획재정부령 제37호, 2008.10.27.)"
D033,2017-05-12,조사범위,,M067,중국 및 인도산 폴리에틸렌 테레프탈레이트(PET) 필름에 대한 덤핑방지관세 부과에 관한 규칙,125704,부령 번호+공포일,0.86,"OOO 및 OOO 폴리에틸렌 테레프탈레이트(PET) 필름에 대한 덤핑방지관세의 부과에 관한 규칙(기획재정부령 제285호, 2012.5.25.)"
D033,2017-05-12,조사범위,,M084,중국 및 인도산 폴리에틸렌 테레프탈레이트(PET) 필름에 대한 덤핑방지관세의 부과에 관한 규칙,179513,부령 번호+공포일,0.86,"OOO 및 OOO 폴리에틸렌 테레프탈레이트(PET) 필름에 대한 덤핑방지관세의 부과에 관한 규칙(기획재정부령 제531호, 2016.1.13.)"
D034,2017-07-18,불복 적격,,M067,중국 및 인도산 폴리에틸렌 테레프탈레이트(PET) 필름에 대한 덤핑방지관세 부과에 관한 규칙,,수작업,,판결문이 적용 규칙을 2012.5.25. 공포된 덤핑방지관세 부과규칙이라 적는다. 중국산 PET 필름 규칙(기획재정부령 제285호)이고 1심(인천지법2016구합51249)도 같은 규칙을 인용한다
D035,2017-08-03,불복 적격,2012-04-01~2013-03-31,M081,일본산 공기압 전송용 밸브에 대한 덤핑방지관세의 부과에 관한 규칙,174288,부령 번호+공포일,1.0,"일본산 공기압 전송용 밸브에 대한 덤핑방지관세의 부과에 관한 규칙(기획재정부령 제498호, 2015.8.19.)"
D036,2018-03-29,조사범위,2013-11-21~2017-03-28,M071,일본ㆍ인도 및 스페인산 스테인리스 스틸바에 대한 덤핑방지관세 부과에 관한 규칙,,제명+수입기간,1.0,일본·인도 및 스페인산 스테인리스 스틸바에 대한 덤핑방지관세 부과에 관한 규칙(부령 번호·날짜 미기재)
D037,2018-08-16,조사범위,,M067,중국 및 인도산 폴리에틸렌 테레프탈레이트(PET) 필름에 대한 덤핑방지관세 부과에 관한 규칙,125704,부령 번호+공포일,1.0,"중국 및 인도산 폴리에틸렌 테레프탈레이트(PET) 필름에 대한 덤핑방지관세 부과에 관한 규칙(기획재정부령 제285호, 2012.5.25.)"
D037,2018-08-16,조사범위,,M054,중국 및 인도산 폴리에틸렌 테레프탈레이트(PET) 필름에 대한 덤핑방지관세의 부과에 관한 규칙,89449,부령 번호+공포일,1.0,"중국 및 인도산 폴리에틸렌 테레프탈레이트(PET) 필름에 대한 덤핑방지관세 부과에 관한 규칙(기획재정부령 제37호, 2008.10.27.)"
D037,2018-08-16,조사범위,,M084,중국 및 인도산 폴리에틸렌 테레프탈레이트(PET) 필름에 대한 덤핑방지관세의 부과에 관한 규칙,179513,부령 번호+공포일,1.0,"중국 및 인도산 폴리에틸렌 테레프탈레이트(PET) 필름에 대한 덤핑방지관세 부과에 관한 규칙(기획재정부령 제531호, 2016.1.13.)"
D038,2018-09-04,불복 적격,2017-06-29~2017-07-05,M092,베트남ㆍ우크라이나 및 인도산 페로실리코망간에 대한 덤핑방지관세 부과에 관한 규칙,199294,부령 번호+공포일,0.77,"베트남ㆍ우크라이나 및 인도산 OOO에 대한 덤핑방지관세 부과에 관한 규칙(기획재정부령 제640호, 2017.11.29.)"
D039,2018-10-02,조사범위 부수,2014-12-16~2017-04-06,M067,중국 및 인도산 폴리에틸렌 테레프탈레이트(PET) 필름에 대한 덤핑방지관세 부과에 관한 규칙,125704,부령 번호+공포일,1.0,"중국 및 인도산 폴리에틸렌 테레프탈레이트(PET) 필름에 대한 덤핑방지관세 부과에 관한 규칙(기획재정부령 제285호, 2012.5.25.)"
D040,2018-11-19,조사범위,2013-07-26~2015-11-09,M064,중국산 도자기질 타일에 대한 덤핑방지관세 부과에 관한 규칙,115142,부령 번호+공포일,1.0,"중국산 도자기질 타일에 대한 덤핑방지관세 부과에 관한 규칙(기획재정부령 제222호, 2011.7.20.)"
D040,2018-11-19,조사범위,2013-07-26~2015-11-09,M079,중국산 도자기질 타일에 대한 덤핑방지관세 부과에 관한 규칙,168805,부령 번호+공포일,1.0,"중국산 도자기질 타일에 대한 덤핑방지관세 부과에 관한 규칙(기획재정부령 제463호, 2015.2.17.)"
D041,2018-12-18,조사범위,,M084,중국 및 인도산 폴리에틸렌 테레프탈레이트(PET) 필름에 대한 덤핑방지관세의 부과에 관한 규칙,179513,부령 번호+공포일,1.0,"중국 및 인도산 폴리에틸렌 테레프탈레이트(PET) 필름에 대한 덤핑방지관세 부과에 관한 규칙(기획재정부령 제531호, 2016.1.13.)"
D045,2019-06-27,조사범위,2014-02-13~2017-04-18,M071,일본ㆍ인도 및 스페인산 스테인리스 스틸바에 대한 덤핑방지관세 부과에 관한 규칙,144762,부령 번호+공포일,1.0,"일본ㆍ인도 및 스페인산 스테인리스 스틸바에 대한 덤핑방지관세 부과에 관한 규칙(기획재정부령 제370호, 2013.10.1.)"
D046,2020-02-26,기타,2018-03-05~2018-07-27,,,,잠정조치 고시(부령 아님),,"잠정덤핑방지관세 부과(기획재정부고시 제2018-3호, 2018.2.13.)"
D046,2020-02-26,기타,2018-03-05~2018-07-27,M095,중국산 아연도금철선에 대한 덤핑방지관세 부과에 관한 규칙,,보조 키1(물품명)(결정일 기준),,
D047,2020-09-24,기타,,M095,중국산 아연도금철선에 대한 덤핑방지관세 부과에 관한 규칙,,수작업,,아연도금 철강선(제7217.20호)에 대한 잠정덤핑방지관세 기간의 수입분이다. 잠정조치 고시는 조치 목록에 없으므로 뒤이어 제정된 중국산 아연도금철선 규칙에 연결한다
D048,2020-10-19,불복 적격,2017-07-26~2019-02-07,M080,중국산 에이치(H) 형강에 대한 덤핑방지관세의 부과에 관한 규칙,,수작업,,세율 28.23%와 2017.7.26. 이후 수입분이 D053(중국산 H형강 규칙 인용)과 같은 사건으로 보인다
D049,2021-03-17,조사범위 부수,2016-05-04~2019-05-30,M079,중국산 도자기질 타일에 대한 덤핑방지관세 부과에 관한 규칙,,보조 키2(HSK),,
D049,2021-03-17,조사범위 부수,2016-05-04~2019-05-30,M098,중국산 도자기질 타일에 대한 덤핑방지관세 부과에 관한 규칙,,보조 키2(HSK),,
D050,2021-04-12,공급자·세율,2015-06-02~2018-09-30,M079,중국산 도자기질 타일에 대한 덤핑방지관세 부과에 관한 규칙,168805,부령 번호+공포일,1.0,"중국산 도자기질 타일에 대한 덤핑방지관세 부과에 관한 규칙(기획재정부령 제463호, 2015.2.25.)"
D053,2021-12-24,가격약속·과세가격,2017-07-26~2019-06-27,M080,중국산 에이치(H) 형강에 대한 덤핑방지관세의 부과에 관한 규칙,194894,부령 번호+공포일,1.0,"중국산 에이치(H) 형강에 대한 덤핑방지관세의 부과에 관한 규칙(기획재정부령 제631호, 2017.7.19.)"
D055,2023-01-09,불복 적격,2022-03-02~2022-03-15,M114,중국산 폴리에스테르 장섬유 완전연신사(FDY)에 대한 덤핑방지관세 부과에 관한 규칙,239451,부령 번호+공포일,0.9,"OOO 폴리에스테르 장섬유 완전연신사(FDY)에 대한 덤핑방지관세부과에 관한 규칙(기획재정부령 제888호, 2022.1.6.)"
D058,2023-12-04,조사범위,2017-12-27~2021-02-22,M084,중국 및 인도산 폴리에틸렌 테레프탈레이트(PET) 필름에 대한 덤핑방지관세의 부과에 관한 규칙,,제명+수입기간,1.0,중국 및 인도산 폴리에틸렌 테레프탈레이트(PET)필름에 대한 덤핑방지관세 부과에 관한 규칙
D058,2023-12-04,조사범위,2017-12-27~2021-02-22,M103,중국 및 인도산 폴리에틸렌 테레프탈레이트(PET)필름에 대한 덤핑방지관세 부과에 관한 규칙,,제명+수입기간,1.0,중국 및 인도산 폴리에틸렌 테레프탈레이트(PET)필름에 대한 덤핑방지관세 부과에 관한 규칙
D059,2023-12-04,조사범위,2017-12-27~2021-02-22,M084,중국 및 인도산 폴리에틸렌 테레프탈레이트(PET) 필름에 대한 덤핑방지관세의 부과에 관한 규칙,,제명+수입기간,1.0,중국 및 인도산 폴리에틸렌 테레프탈레이트(PET) 필름에 대한 덤핑방지관세 부과에 관한 규칙(부령 번호·날짜 미기재)
D059,2023-12-04,조사범위,2017-12-27~2021-02-22,M103,중국 및 인도산 폴리에틸렌 테레프탈레이트(PET)필름에 대한 덤핑방지관세 부과에 관한 규칙,,제명+수입기간,1.0,중국 및 인도산 폴리에틸렌 테레프탈레이트(PET) 필름에 대한 덤핑방지관세 부과에 관한 규칙(부령 번호·날짜 미기재)
D060,2024-07-03,불복 적격,2020-03-02~2022-05-10,M067,중국 및 인도산 폴리에틸렌 테레프탈레이트(PET) 필름에 대한 덤핑방지관세 부과에 관한 규칙,,수작업,,직권취소로 각하된 청구이며 다툰 처분은 PET 필름 덤핑방지관세율 23.61% 부과다. 23.61%는 중국 및 인도산 PET 필름 규칙(기획재정부령 제285호)의 세율이다
D061,2024-07-03,불복 적격,2022-07-20~2022-09-20,M067,중국 및 인도산 폴리에틸렌 테레프탈레이트(PET) 필름에 대한 덤핑방지관세 부과에 관한 규칙,,수작업,,D060과 같은 결정문이다(decision_group D060이 아니라 별개 청구이나 처분 내용이 같다)
D062,2025-05-13,조사범위,2017-12-27~2022-09-20,M084,중국 및 인도산 폴리에틸렌 테레프탈레이트(PET) 필름에 대한 덤핑방지관세의 부과에 관한 규칙,179513,부령 번호+공포일,1.0,"중국 및 인도산 폴리에틸렌 테레프탈레이트(PET) 필름에 대한 덤핑방지관세의 부과에 관한 규칙(기획재정부령 제531호, 2016.1.13.)"
D062,2025-05-13,조사범위,2017-12-27~2022-09-20,M103,중국 및 인도산 폴리에틸렌 테레프탈레이트(PET)필름에 대한 덤핑방지관세 부과에 관한 규칙,210493,부령 번호+공포일,1.0,"중국 및 인도산 폴리에틸렌 테레프탈레이트(PET)필름에 대한 덤핑방지관세 부과에 관한 규칙(기획재정부령 제750호, 2019.9.11.)"
D062,2025-05-13,조사범위,2017-12-27~2022-09-20,M074,중국ㆍ인도네시아 및 태국산 폴리프로필렌 연신필름에 대한 덤핑방지관세 부과에 관한 규칙,148222,부령 번호+공포일,1.0,"중국ㆍ인도네시아 및 태국산 폴리프로필렌 연신필름에 대한 덤핑방지관세 부과에 관한 규칙(기획재정부령 제385호, 2013.12.20.)"
D062,2025-05-13,조사범위,2017-12-27~2022-09-20,M102,중국ㆍ인도네시아 및 태국산 폴리프로필렌 연신필름에 대한 덤핑방지관세 부과에 관한 규칙,210389,부령 번호+공포일,1.0,"중국ㆍ인도네시아 및 태국산 폴리프로필렌 연신필름에 대한 덤핑방지관세 부과에 관한 규칙(기획재정부령 제747호, 2019.8.23.)"
D063,2025-05-13,조사범위,2017-12-27~2022-09-20,M084,중국 및 인도산 폴리에틸렌 테레프탈레이트(PET) 필름에 대한 덤핑방지관세의 부과에 관한 규칙,179513,부령 번호+공포일,1.0,"중국 및 인도산 폴리에틸렌 테레프탈레이트(PET) 필름에 대한 덤핑방지관세의 부과에 관한 규칙(기획재정부령 제531호, 2016.1.13.)"
D063,2025-05-13,조사범위,2017-12-27~2022-09-20,M103,중국 및 인도산 폴리에틸렌 테레프탈레이트(PET)필름에 대한 덤핑방지관세 부과에 관한 규칙,210493,부령 번호+공포일,1.0,"중국 및 인도산 폴리에틸렌 테레프탈레이트(PET)필름에 대한 덤핑방지관세 부과에 관한 규칙(기획재정부령 제750호, 2019.9.11.)"
D063,2025-05-13,조사범위,2017-12-27~2022-09-20,M074,중국ㆍ인도네시아 및 태국산 폴리프로필렌 연신필름에 대한 덤핑방지관세 부과에 관한 규칙,148222,부령 번호+공포일,1.0,"중국ㆍ인도네시아 및 태국산 폴리프로필렌 연신필름에 대한 덤핑방지관세 부과에 관한 규칙(기획재정부령 제385호, 2013.12.20.)"
D063,2025-05-13,조사범위,2017-12-27~2022-09-20,M102,중국ㆍ인도네시아 및 태국산 폴리프로필렌 연신필름에 대한 덤핑방지관세 부과에 관한 규칙,210389,부령 번호+공포일,1.0,"중국ㆍ인도네시아 및 태국산 폴리프로필렌 연신필름에 대한 덤핑방지관세 부과에 관한 규칙(기획재정부령 제747호, 2019.8.23.)"
D064,2025-10-16,조사범위,2021-07-26~2022-10-07,M089,중국산 합판에 대한 덤핑방지관세 부과에 관한 규칙,193755,부령 번호,1.0,중국산 합판에 대한 덤핑방지관세 부과에 관한 규칙(기획재정부령 제621호)
D065,2025-10-16,공급자·세율,2021-06-23~2024-10-29,M102,중국ㆍ인도네시아 및 태국산 폴리프로필렌 연신필름에 대한 덤핑방지관세 부과에 관한 규칙,,제명+수입기간,1.0,중국·인도네시아 및 태국산 폴리프로필렌 연신필름에 대한 덤핑방지관세 부과에 관한 규칙
D066,2025-10-16,조사범위,2020-05-19~2025-05-18,M128,중국산 침엽수 합판에 대한 덤핑방지관세 부과에 관한 규칙,263781,부령 번호+공포일,1.0,"중국산 침엽수 합판에 대한 덤핑방지관세 부과에 관한 규칙(기획재정부령 제1074호, 2024.7.2.)"
D066,2025-10-16,조사범위,2020-05-19~2025-05-18,M127,베트남산 합판에 대한 덤핑방지관세 부과에 관한 규칙,263817,부령 번호+공포일,1.0,"베트남산 합판에 대한 덤핑방지관세 부과에 관한 규칙(기획재정부령 제1076호, 2024.7.2.)"
D066,2025-10-16,조사범위,2020-05-19~2025-05-18,M108,중국산 합판에 대한 덤핑방지관세 부과에 관한 규칙,,제명+수입기간,1.0,중국산 합판에 대한 덤핑방지관세 부과에 관한 규칙
D066,2025-10-16,조사범위,2020-05-19~2025-05-18,M129,중국산 합판에 대한 덤핑방지관세 부과에 관한 규칙,,제명+수입기간,1.0,중국산 합판에 대한 덤핑방지관세 부과에 관한 규칙
D067,2025-12-01,가격약속·과세가격,,M112,중국ㆍ인도네시아 및 대만산 스테인리스강 평판압연에 대한 덤핑방지관세 부과에 관한 규칙,235485,부령 번호+공포일,1.0,"중국·인도네시아 및 대만산 스테인리스강 평판압연에 대한 덤핑방지관세 부과에 관한 규칙(기획재정부령 제865호, 2021.9.15.)"
D068,2026-01-07,조사범위,,M118,중국산 더블레이어 인쇄제판용 평면 모양 사진플레이트에 대한 덤핑방지관세 부과에 관한 규칙,,제명+수입기간(결정일 기준),1.0,중국산 더블레이어 인쇄제판용 평면 모양 사진 플레이트에 대한 덤핑방지관세 부과에 관한 규칙(2022.10.25.)
D068,2026-01-07,조사범위,,M111,중국산 인쇄제판용 평면 모양 사진플레이트에 대한 덤핑방지관세 부과에 관한 규칙,,제명+수입기간(결정일 기준),1.0,중국산 인쇄제판용 평면 모양 사진 플레이트에 대한 덤핑방지관세 부과에 관한 규칙
D069,2026-01-28,조사범위,,,,,잠정조치 고시(부령 아님),,"중국산 탄소강 및 그 밖의 합금강 열간압연 후판 제품에 대한 잠정덤핑방지관세 부과(기획재정부고시 제2025-15호, 2025.4.24.)"
D069,2026-01-28,조사범위,,M136,중국산 탄소강 및 그 밖의 합금강 열간압연 후판에 대한 덤핑방지관세 부과에 관한 규칙,279931,부령 번호+공포일,1.0,"중국산 탄소강 및 그 밖의 합금강 열간압연 후판에 대한 덤핑방지관세 부과에 관한 규칙(기획재정부령 제1145호, 2025.11.24.)"
D070,2026-03-31,조사범위,2020-07-06~2022-09-30,M107,중국산 침엽수 합판에 대한 덤핑방지관세 부과에 관한 규칙,222787,부령 번호+공포일,0.86,"OOO산 침엽수 합판에 대한 덤핑방지관세 부과에 관한 규칙(기획재정부령 제814호, 2020.11.6.)"
D070,2026-03-31,조사범위,2020-07-06~2022-09-30,M106,베트남산 합판에 대한 덤핑방지관세 부과에 관한 규칙,239011,부령 번호+공포일,0.67,"OOO산 합판에 대한 덤핑방지관세 부과에 관한 규칙(기획재정부령 제882호, 2021.12.31.)"
D071,2026-03-31,조사범위,2020-07-06~2022-09-30,M107,중국산 침엽수 합판에 대한 덤핑방지관세 부과에 관한 규칙,222787,부령 번호+공포일,0.86,"OOO산 침엽수 합판에 대한 덤핑방지관세 부과에 관한 규칙(기획재정부령 제814호, 2020.11.6.)"
D071,2026-03-31,조사범위,2020-07-06~2022-09-30,M106,베트남산 합판에 대한 덤핑방지관세 부과에 관한 규칙,239011,부령 번호+공포일,0.67,"OOO산 합판에 대한 덤핑방지관세 부과에 관한 규칙(기획재정부령 제882호, 2021.12.31.)"
D072,2026-08-19,조사범위,2021-07-26~2022-10-07,M108,중국산 합판에 대한 덤핑방지관세 부과에 관한 규칙,222785,부령 번호+공포일,1.0,"중국산 합판에 대한 덤핑방지관세 부과에 관한 규칙(기획재정부령 제813호, 2020.11.6.)"
D073,2026-08-19,조사범위,2021-07-26~2022-10-07,M108,중국산 합판에 대한 덤핑방지관세 부과에 관한 규칙,222785,부령 번호+공포일,1.0,"중국산 합판에 대한 덤핑방지관세 부과에 관한 규칙(기획재정부령 제813호, 2020.11.6.)"
