claim_no,decision_date,outcome,title,summary,related_law,dem_no,text_chars,text_file
조심2026관0016,2026-08-19,기각,쟁점물품을 덤핑방지관세 부과대상 물품에 해당하는 것으로 보아 과세한 처분의 당부,"쟁점물품이 마루판으로 사용된다는 이유만으로 덤핑방지관세 부과제외대상에 해당하는 것으로 보기 어렵고, 산업통상자원부는 2023.11.6. 기획재정부에 질의한 쟁점물품과 동일한 규격・형태의 중국산 광폭 마루판이 두께 7㎜로서 종료 재삼사에서 정한 재심사범위(두께 6㎜ 이상)에 해당하고, 규격은 종료재심사에서 정한 재심사 범위의 제외규격(너비 220㎜ 이하, 길이 2,000㎜ 이하, 측면 요철 가공)에 해당하지 아니하므로 중국산 합판의 조사대상 물품에 포함되어 덤핑방지관세 부과대상에 해당한다고 회신함",관세법 제51조 등,225363,27487,data/raw/tt/조심2026관0016.txt
조심2026관0017,2026-08-19,기각,쟁점물품을 덤핑방지관세 부과대상 물품에 해당하는 것으로 보아 과세한 처분의 당부,"쟁점물품이 마루판으로 사용된다는 이유만으로 덤핑방지관세 부과제외대상에 해당하는 것으로 보기 어렵고, 산업통상자원부는 2023.11.6. 기획재정부에 질의한 쟁점물품과 동일한 규격・형태의 중국산 광폭 마루판이 두께 7㎜로서 종료 재삼사에서 정한 재심사범위(두께 6㎜ 이상)에 해당하고, 규격은 종료재심사에서 정한 재심사 범위의 제외규격(너비 220㎜ 이하, 길이 2,000㎜ 이하, 측면 요철 가공)에 해당하지 아니하므로 중국산 합판의 조사대상 물품에 포함되어 덤핑방지관세 부과대상에 해당한다고 회신함",관세법 제51조,225362,27485,data/raw/tt/조심2026관0017.txt
조심2026관0002,2026-03-31,취소,쟁점물품(적층 베니어 목재)이 덤핑방지관세 부과대상(HSK제4412.39-9000호의 합판)에 해당하는지 여부,"이 건 덤핑방지관세 부과규정상 HS 제4412.4*호의 LVL은 생산지에 불과하고 덤핑방지관세 부과대상에 해당하지 않는데, HS해설서 소호 제4412.4*호 및 산업표준심의회 내용상 적층된 단판 중에 직교단판이 약간 삽입된 경우에도 LVL에 포함되는 등 쟁점물품은 합판보다 LVL의 물리적 특성에 근접하고 쟁점물품의 직교비율과 외국의 공업규격 및 분류사례에 비추어 쟁점물품은 HS 제4412.4*호에 해당함",,221988,25141,data/raw/tt/조심2026관0002.txt
조심2025관0097,2026-03-31,취소,쟁점물품(적층 베니어 목재)이 덤핑방지관세 부과대상(HSK제4412.39-9000호의 합판)에 해당하는지 여부,"이 건 덤핑방지관세 부과규정상 HS 제4412.4*호의 LVL은 생산지에 불과하고 덤핑방지관세 부과대상에 해당하지 않는데, HS해설서 소호 제4412.4*호 및 산업표준심의회 내용상 적층된 단판 중에 직교단판이 약간 삽입된 경우에도 LVL에 포함되는 등 쟁점물품은 합판보다 LVL의 물리적 특성에 근접하고 쟁점물품의 직교비율과 외국의 공업규격 및 분류사례에 비추어 쟁점물품은 HS 제4412.4*호에 해당함",,221989,25141,data/raw/tt/조심2025관0097.txt
조심2025관0048,2025-12-01,기각,덤핑방지관세 부과시 분기별 최저수출가격 요건 충족여부의 판단시점이 언제인지 여부,"쟁점고시상 최저수출가격 판단시점은 약속시행일 이후 수입신고일로, 관세법은 입항전수입신고된 물품은 입항전수입신고일에 도착한 것으로 본다고 규정하고 있으므로 쟁점물품은 입항전수입신고일이 속하는 분기의 최저수출가격이 적용되어야 하므로 덤핌방지관세 부과대상에 해당함",관세법 제51조,217857,26271,data/raw/tt/조심2025관0048.txt
조심2024관0141,2025-05-13,기각,쟁점물품(LAMINATED COATING FILM)이 덤핑방지관세 부과대상인지 여부 등,"쟁점물품의 수출자가 송부한 송장, 청구법인 내부서류 등에서 쟁점물품을 증착필름을 의미하는 단어(VMPET)로 기재되어 있고, 청구법인은 자신이 덤핑방지관세 제외대상 물품을 개발하여 수출자에게 제조의뢰하였다 주장하면서도 입증자료를 제시하지 못하고 있음",관세법 제51조,212789,23319,data/raw/tt/조심2024관0141.txt
조심2024관0061,2025-05-13,기각,쟁점물품(LAMINATED COATING FILM)이 덤핑방지관세 부과대상인지 여부 등,"쟁점물품의 수출자가 송부한 송장, 청구법인 내부서류 등에서 쟁점물품을 증착필름을 의미하는 단어(VMPET)로 기재되어 있고, 청구법인은 자신이 덤핑방지관세 제외대상 물품을 개발하여 수출자에게 제조의뢰하였다 주장하면서도 입증자료를 제시하지 못하고 있음",관세법 제51조,212790,23319,data/raw/tt/조심2024관0061.txt
조심2022관0080,2023-01-09,각하,적법한 심판청구인지 여부( 덤핑방지관세 신고납부),청구법인은 쟁점물품을 수입하면서 덤핑방지관세부과에 관한 규칙을 적용하여 세관장에게 덤핑방지관세를 신고·납부하였을 뿐이므로 관세법상 심판청구 대상에 해당하지 아니함,관세법 제119조제1항 / 관세법 제51조,196073,1591,data/raw/tt/조심2022관0080.txt
조심2020관0155,2021-12-24,기각,"청구법인들이 수출가격 인상을 약속한 쟁점물품을 수입하면서 실제구매가격이 아닌 최저수출가격으로 고가신고 하였고, 이것이 쟁점물품의 덤핑방지관세 부과 회피행위라고 보아 경정처분 한 것이 정당한지 여부 등",쟁점물품의 수입신고가격이 정상적인 거래가격이 아니라 가공된 가격으로 보여 실제지급가격을 과세가격으로 하여 덤핑방지관세를 부과한 이 건 처분은 달리 잘못이 없다고 판단됨,관세법 제30조 / 관세법 제51조 / 관세법 제53조 / 관세법 제54조 / 관세법 제55조 / 관세법 시행령제65조 / 관세법 시행령제68조 / 관세법 시행규칙제17조,188010,29028,data/raw/tt/조심2020관0155.txt
조심2020관0161,2021-04-12,취소,쟁점생산자들이 쟁점물품을 실제로 생산하였으므로 최고 세율의 덤핑방지관세 율이 아닌 '그 밖의 공급자'에 해당하는 덤핑방지관세 율이 적용되어야 한다는 청구주장의 당부,덤핑방지관세제도의 취지 및 쟁점덤핑방지규칙의 규정 체계 등을 종합하면 특정의 공급자가 아닌 경우에는 평균 정도의 덤핑방지관세율을 적용하기 위하여‘그 밖의 공급자’로 분류하는 것이 합리적인 것으로 보이는 점 등에 비추어 쟁점물품에‘그 밖의 공급자’에 적용되는 덤핑방지관세율이 아닌 최고 세율의 덤핑방지관세율을 적용하여 과세한 쟁점처분은 잘못이 있는 것으로 판단됨,관세법 제51조,182772,10496,data/raw/tt/조심2020관0161.txt
조심2019관0125,2020-02-26,기각,가산세 부과처분의 당부,"세법상 가산세는 납세자의 고의ㆍ과실은 고려되지 아니하고, 법령의 부지 또는 오인은 가산세를 면제할 정당한 사유에 해당한다고 볼 수 없는 점(대법원 2013.5.23. 선고2013두 1829판결 외 다수, 같은 뜻임) 등에 비추어 처분청이 청구법인에게 가산세를 부과한 처분은 잘못이 없음",관세법 제42조 / 관세법 제51조 / 관세법 제53조 / 관세법 시행령 제39조 / 관세법 시행령 제60조,175582,9983,data/raw/tt/조심2019관0125.txt
조심2019관0030,2019-06-27,기각,일본산 스테인리스 철강와이어인 쟁점물품이 덤핑 방지 관세 부과대상인지 여부,"쟁점물품은 세번, 규격, 형태 등이 덤핑방지관세 부과규칙 제2조에서 정한 덤핑방지관세 부과대상 요건을 충족하고 있는 것으로 보이는점 등에 비추어 쟁점물품은 덤핑방지관세 부과대상 물품으로 보여 이 건 경정청구 거부처분은 잘못이 없는 것으로 판단되고, 가산세에 대한 심판청구 부분은 청구법인이 이에대한 경정청구를 하지 않은 것으로 보이므로 심판청구 대상인 거부처분이 없어 부적법한 것으로 판단됨",관세법 제51조,171056,6557,data/raw/tt/조심2019관0030.txt
조심2018관0100,2018-11-19,재조사,쟁점물품이 덤핑방지관세 부과대상인지 여부 등,"쟁점물품은 소금생산을 위하여 엄격한 위생조건을 충족하고 원료부터 성형 및 소성까지 염전용 바닥재타일에만 전용되도록 특허출원까지 받은 제품이여서 건축용으로 사용하기에는 부적합해 보이는 면이 있는 바, 쟁점물품이 덤핑방지관세 부과규칙에 따른 덤핑방지관세 부과대상인지 여부를 재조사하여 그 결과에 따라 세율 및 세액을 경정하는 것이 타당하다고 판단됨",관세법 제51조,166751,19714,data/raw/tt/조심2018관0100.txt
조심2018관0086,2018-10-02,기각,쟁점처분이 신의성실원칙 또는 소급과세금지원칙에 위반된다는 청구주장의 당부,"HSK 제3920.62-0000호로 분류되는 중국산 PET필름은 덤핑방지관세 부과규칙 별표1의 제외대상이 아닌 경우 모두 덤핑방지관세 부과대상에 해당하나, 청구법인은 쟁점물품을 제3920.62-0000호로 수입신고하면서 양허관세 6.5%만 신고하고 덤핑방지관세를 신고하지 아니한 점, 청구법인은 쟁점물품이 PET필름이 아니어서 덤핑방지관세를 적용하지 않았다고 하면서도 재분석 의뢰나 질의를 하지 아니한 점 등에 비추어 쟁점처분이 신의성실원칙 또는 소급과세금지원칙에 위배된다는 청구주장은 받아들이기 어려움",관세법 제6조,165653,16038,data/raw/tt/조심2018관0086.txt
조심2018관0079,2018-09-04,각하,이 건 심판청구의 적법 여부,"쟁점규칙은 법령에 해당하고 처분청이 쟁점규칙을 제정?공포한 행위는 「관세법」 등에 따른 구체적인 사실에 관한 법 집행으로서의 처분이라고 보기 어려운 점, 청구법인은 덤핑방지관세 부과처분을 받은 사실이 없는 등 이 건 심판청구는 불복청구의 요건인 ‘처분’과 ‘당사자 적격’이 없는 부적법한 청구로 판단됨",관세법 제50조 / 관세법 제119조의1,165335,16927,data/raw/tt/조심2018관0079.txt
조심2017관0307,2018-03-29,기각,가산세가 경정청구의 대상인지 여부 및 쟁점물품이 덤핑방지관세 부과대상인지 여부,"청구법인은 가산세를 수정신고?납부하였고, 관세청에서 경정청구시 전산입력을 제한하고 있어 가산세를 경정청구하지 못한 점 등을 감안할 때 이 건 가산세에 대한 심판청구는 본안심리대상으로 판단되며, 쟁점덤핑방지관세규칙에서 “HSK 제7222.20-0000호의 일본산 스테인리스 스틸바로서 지름이 600mm 이하의 중공이 없는 원형강”을 덤핑방지관세 부과대상으로 규정하고 있는 점 등에 비추어 청구법인의 경정청구를 거부한 이 건 처분은 잘못이 없음",관세법 제38조의3 / 관세법 제51조,162980,7435,data/raw/tt/조심2017관0307.txt
조심2015관0318,2017-08-03,각하,이 건 심판청구의 적법 여부 등,"쟁점규칙은 법령에 해당하고 처분청이 쟁점규칙을 제정?공포한 행위는 「관세법」 등에 따른 구체적인 사실에 관한 법 집행으로서의 처분이라고 보기 어려운 점, 청구법인은 덤핑방지관세 부과처분을 받은 사실이 없는 점 등에 비추어 이 건 심판청구는 불복청구의 요건인 ‘처분’과 ‘당사자 적격’이 없는 부적법한 청구로 판단됨",관세법 제119조제1항,156791,10965,data/raw/tt/조심2015관0318.txt
조심2016관0216,2017-05-12,기각,쟁점물품이 덤핑방지관세 부과대상에 해당하는지 여부,"점물품은 덤핑방지관세 부과규칙 제2조에서 정한 품목번호 제3920.62호에 분류되는 것으로 보이는 점, 쟁점물품을 PET 필름의 일종으로 볼 수 있는 점, 무역위원회의 재심사 최종판결의결서에 의하면 재심사대상물품은 덤핑방지관세가 부과되고 있는 물품이므로 ‘홀로그램PET필름’은 종전에 덤핑방지관세가 부과되고 있던 물품으로 볼 수 있는 점 등에 비추어 쟁점물품을 덤핑방지관세 부과대상물품으로 보아 관세 등을 부과한 이 건 처분은 잘못이 없음",관세법 제51조,156118,13297,data/raw/tt/조심2016관0216.txt
조심2016관0032,2016-07-28,기각,쟁점물품이 덤핑방지관세 부과대상에서 제외되는 니켈합금강에 해당하는지 여부 등,덤핑방지관세 부과대상에서 제외되는 니켈합금강의 봉은 HSK상 제75류에 분류되는 물품이라는 기획재정부장관의 회신내용 및 및 ‘HSK 해석에 관한 통칙’ 등을 종합하면 덤핑방지관세 제외대상물품인 니켈합금강은 HSK 제75류나 제7228호로 분류되는 경우를 의미하는 것으로 보이는 점 등에 비추어 철의 함유량이 많아 HSK 제7222호로 분류된 쟁점물품을 덤핑방지관세 부과대상으로 보아 경정청구를 거부한 이 건 처분은 잘못이 없음,관세법 제38조의3 / 관세법 제42조 / 관세법 제51조 / 관세법 제56조,147581,19645,data/raw/tt/조심2016관0032.txt
조심2015관0258,2015-12-30,기각,쟁점물품이 덤핑방지관세 의 부과대상에 해당하는지 여부 등,"청구법인이 청구기간 내 적법한 경정청구를 제기하였고, 처분청이 이를 거부하였으므로 이 건 심판청구는 적법한 청구에 해당하며, 쟁점물품은 덤핑방지관세 부과규칙 제2조에서 규정한 물품에 해당하고, 쟁점물품의 공급자는 그 규칙 별표2의 ‘그 밖의 공급자’에 해당하여 쟁점물품을 덤핑방지관세 부과대상에서 제외하기 어려우므로 처분청이 청구법인의 경정청구를 거부한 처분은 잘못이 없음",관세법 제51조 / 관세법 시행령제58조,143576,7389,data/raw/tt/조심2015관0258.txt
조심2015관0276,2015-12-30,기각,쟁점물품이 덤핑방지관세 의 부과대상에 해당하는지 여부 등,"청구법인이 청구기간 내 적법한 경정청구를 제기하였고, 처분청이 이를 거부하였으므로 이 건 심판청구는 적법한 청구에 해당하며, 쟁점물품은 덤핑방지관세 부과규칙 제2조에서 규정한 물품에 해당하고, 쟁점물품의 공급자는 그 규칙 별표2의 ‘그 밖의 공급자’에 해당하여 쟁점물품을 덤핑방지관세 부과대상에서 제외하기 어려우므로 처분청이 청구법인의 경정청구를 거부한 처분은 잘못이 없음",관세법 제51조 / 관세법 시행령제58조,143575,6192,data/raw/tt/조심2015관0276.txt
조심2015관0056,2015-06-05,재조사,쟁점물품의 생산자를 허위로 기재하여 낮은 덤핑방지관세 율을 적용한 것으로 보아 관세 등을 과세한 처분의 당부,쟁점물품의 생산자를 ‘OOOO사’가 아니라고 단정하기는 어려운 점 등에 비추어 쟁점물품의 실제 생산자가 누구인지를 재조사하여 그 결과에 따라 적용될 덤핑방지관세율 및 세액을 경정하는 것이 타당함,관세법 제51조 및 중국산 도자기질 타일에 대한 덤핑방지관세 부과에 관한 규칙 제4조,139564,11297,data/raw/tt/조심2015관0056.txt
조심2014관0418,2015-06-03,기각,쟁점물품의 생산자를 특정할 수 없어 덤핑방지관세 최고세율을 적용하여 관세 등을 과세한 처분의 당부,"쟁점물품은 OO사가 아닌 △△사로부터 수입한 것으로 확인되는 점, OO사는 쟁점물품을 △△사에 판매한 사실이 없는 것으로 보이는 점, 청구법인이 제출한 자료만으로는 쟁점물품의 생산자가 누구인지 확인할 수 없는 점 등에 비추어 쟁점물품의 생산자를 특정할 수 없다고 보아 덤핑방지관세 최고세율을 적용하여 관세 등을 과세한 처분은 잘못이 없음",관세법 제51조 및 중국산 도자기질 타일에 대한 덤핑방지관세 부과에 관한 규칙 제4조,139559,5725,data/raw/tt/조심2014관0418.txt
조심2014관0414,2015-04-30,기각,쟁점물품이 중국 OOOO사 제품인지 여부 등,"쟁점물품의 중국 수출자 및 OOOO사가 서로 거래한 사실이 없다고 회신한 점, 청구법인이 원산지증명서에 공급자를 OOOO사로 기재하여 줄 것을 요청한 사실이 확인되는 점, 쟁점물품의 수입관련서류에 청구법인이 수입화주인 것으로 나타나는 점, 쟁점물품에 대한 책임을 청구법인이 지도록 한 점 등에 비추어 청구주장을 받아들이기 어려움",관세법 제19조 / 관세법 제51조 / 관세법 시행령,138991,9293,data/raw/tt/조심2014관0414.txt
조심2014관0248,2014-09-02,기각,쟁점물품은 '기타의 폴리에스테르사'에 해당하지 않아 '폴리에스테르 텍스처드사'로 분류한 처분의 당부 등,"쟁점물품의 단면은 텍스처드 특유의 찌그러짐이 확인되고, 옆면의 경우 비텍스처드 특유의 특성이 없어 쟁점물품을 ‘텍스처드한 폴리에스테르’사로 분류함이 타당해 보이고, 쟁점물품은 기획재정부장관이 고시한 덤핑방지관세 부과제외대상물품 중 어느 것에도 해당하지 않으므로, 이 건 과세처분은 잘못이 없음",관세법 제51조,133571,12020,data/raw/tt/조심2014관0248.txt
조심2010관0181,2010-12-27,기각,"쟁점물품의 수출자가 ""공급자 및 같은 기업의 제품을 수출하는 자“와 특수관계에 해당되는지 여부(기각)",특수관계에 해당하므로 수출자를 같은 기업의 제품을 수출하는 자로 보아 쟁점물품에 대해 덤핑방지 관세를 적용한 것은 잘못이 없음,관세법 제51조【덤핑방지관세의 부과대상】 / 관세법시행령 제23조【특수관계의 범위 등】,45009,7472,data/raw/tt/조심2010관0181.txt
조심2010관0134,2010-12-24,기각,쟁점물품의 수출자가 공급자 및 같은 기업의 제품을 수출하는 자와 특수관계에 해당되는지 여부(기각),중국의 신용정보회사의 기업신용정보 조회결과에 의하면 갑과 을·병이 계열사임이 확인되므로 특수관계자로 보아 해당물품에 대해 덤핑방지관세 36.18%를 적용한 것은 잘못이 없다고 판단됨,관세법 제51조【덤핑방지관세의 부과대상】 / 관세법시행령 제23조【특수관계의 범위 등】,2651,6301,data/raw/tt/조심2010관0134.txt
조심2010관0135,2010-12-24,기각,물품의 수출자가 공급자와 특수관계에 해당되는지 여부(기각),공급자가 수출자의 100% 지분을 소유하고 있는 것으로 나타나고 있고 인터넷 포털사이트에 수출자가 스스로 공급자에 포함된다고 소개하고 있으며 공급자의 홈페이지상에 계열사로 수출자가 나열되어 있는 점 등을 보아 특수관계에 해당하는 것으로 보는 것이 타당하므로 덤핑방지관세를 적용한 것은 적법함,관세법 제51조【덤핑방지관세의 부과대상】 / 관세법 제51조에 따른 OO산 차아황산소다에 대한 덤핑방지관세부과에 관한 규칙 제2조【부과대상물품】,2650,7612,data/raw/tt/조심2010관0135.txt
조심2009관0065,2010-08-24,기각,재수출면세대상물품인 쟁점물품에 대하여 덤핑방지관세 를 부과한 처분의 당부(기각),덤핑방지관세는 면제되는 관세의 범위에 포함되지 아니하는 것으로 보아 해당 관세를 부과한 처분에는 잘못이 없는 것으로 판단됨,관세법 제50조【세율적용의 우선순위】 / 관세법 제51조【덤핑방지관세의 부과대상】 / 관세법 제56조【덤핑방지관세에 대한 재심사 등】 / 관세법 제97조【재수출면세】 / 관세법 시행령 제111조【관세경감률산정의 기준】 / 관세법 시행규칙 제50조【재수출면세대상물품 및 가산세징수대상물품】,41044,7485,data/raw/tt/조심2009관0065.txt
조심2009관0118,2009-11-11,경정,쟁점물품에 대하여 납부한 덤핑방지관세 를 환급하여 달라는 경정청구를 거부한 처분의 당부(경정),해당물품에 대한 덤핑방지관세율이 0%로 변경된 개정규칙의 시행일이 2008.12.23.로서 개정규칙의 시행일 이전에 수입된 물품에 대하여 동 규칙을 적용할 수는 없으므로 경정청구를 거부한 처분은 잘못이 없는 것임,관세법 제17조【적용법령】 / 관세법 제51조【덤핑방지관세의 부과대상】,41089,7081,data/raw/tt/조심2009관0118.txt
국심2006관0161,2007-06-25,기각,이 건 쟁점물품의 수입가격이 정상가격으로서 덤핑방지관세 대상으로 볼 수 없다고 하여 제기한 환급경정청구를 거부한 처분의 당부(기각),쟁점 물품은 OO에서 관세율표번호 6908.90-9000호로 수입된 OO산 도자기질 타일로서 덤핑방지관세부과대상에서 제외할 수는 없으므로 환급경정청구를 거부한 사례,관세법 제51조【덤핑방지관세의 부과대상】,27340,4780,data/raw/tt/국심2006관0161.txt
국심2006관0190,2007-03-02,각하,본안심리에 앞서 이 건 심판청구가 적법한 청구인지에 대하여 살펴본다.(각하),덤핑방지관세 규칙에 근거하여 덤핑방지관세를 스스로 신고납부하고 과세관청이 이를 수령한 것은 사실행위에 불과하므로 불복청구대상인 ‘처분’이 존재하지 아니하는 것임,관세법 제119조【불복의 신청】,27364,1744,data/raw/tt/국심2006관0190.txt
국심2003관0208,2005-11-01,각하,적법한 청구인지 여부 (각하),수입물품에 대한 덤핑판정과 이에 따라 제정된 OOOOO 규칙은 법령의 제정·공포일 뿐 관세법령에 규정된 처분이라 할 수 없는바 이에 대한 심판청구는 적법한 심판청구로 볼 수 없음,관세법 제119조【불복의 신청】,48377,2298,data/raw/tt/국심2003관0208.txt
국심2003관0207,2005-11-01,각하,적법한 청구인지 여부 (각하),수입물품에 대한 덤핑판정과 이에 따라 제정된 OOOOO 규칙은 법령의 제정·공포일 뿐 관세법령에 규정된 처분이라 할 수 없는바 이에 대한 심판청구는 적법한 심판청구로 볼 수 없음,관세법 제119조【불복의 신청】,48376,2299,data/raw/tt/국심2003관0207.txt
국심2003관0206,2005-11-01,각하,적법한 청구인지 여부 (각하),수입물품에 대한 덤핑판정과 이에 따라 제정된 OOOOO 규칙은 법령의 제정·공포일 뿐 관세법령에 규정된 처분이라 할 수 없는바 이에 대한 심판청구는 적법한 심판청구로 볼 수 없음,관세법 제119조【불복의 신청】,48375,2311,data/raw/tt/국심2003관0206.txt
