clip_id,forum,case_no,decision_date,title,issue_class,outcome,dumping_mentions,text_chars,text_file
01201632014008903,심판청구,성남세관-조심-2014-353,2015-10-14,청구법인이 제출한 자료만으로는 생산자를 특정할 수 없다 하여 쟁점물품에 덤핑방지관세 최고세율을 적용하여 과세한 처분의 당부, 관세 평가,심판청구를 기각한다.,21,4460,data/raw/clip/01201632014008903.txt
03001632016009845,심판청구,부산세관-조심-2016-7,2016-07-28,덤핑방지관세 제외대상 여부,기타,"OOO세관장 및 OOO세관장이 OOO 청구법인에게 한 가산세 부과처분 및 경정청구 거부처분 중 가산세 부과처분에 대한 심판청구는 이를 각하하고, 나머지 심판청구는 기각한다.",49,6679,data/raw/clip/03001632016009845.txt
03001632017000173,심판청구,부산세관-조심-2017-173,2018-03-29,가산세가 경정청구의 대상인지 여부 및 쟁점물품이 덤핑방지관세 부과대상인지 여부,기타,심판청구를 기각한다.,40,5512,data/raw/clip/03001632017000173.txt
03001632014008435,심판청구,부산세관-조심-2014-129,2014-09-02,"① 쟁점물품을 '폴리에스테르 텍스처드사'로 보아 HSK 제5402.33-9000호에 분류할 것인지, 아니면 `기타의 폴리에스테르사'로 보아 HSK 제5402.52-0000호에 분류할 것인지 여부, ② 쟁점물품이 덤핑방지관세 부과대상인지 여부",품목분류,심판청구를 기각한다.,26,8188,data/raw/clip/03001632014008435.txt
03901632016009984,심판청구,용당세관-조심-2016-53,2016-07-28,덤핑방지관세 제외대상 여부,기타,"OOO세관장 및 OOO세관장이 OOO 청구법인에게 한 가산세 부과처분 및 경정청구 거부처분 중 가산세 부과처분에 대한 심판청구는 이를 각하하고, 나머지 심판청구는 기각한다.",49,6680,data/raw/clip/03901632016009984.txt
00001602025000013,과세전적부심사,관세청-적부심사-2025-13,2025-10-16,덤핑방지관세 부과 처분 적정 여부 및 감액경정 후 재경정 시 가산세 부과 적정 여부,기타,"* 적부심 제2025-13호․14호(병합) 통지청이 2025. 3. 24. 청구법인에게 한 관세 ○○○○○○○○원, 부가가치세 ○○○○○○○○원, 가산세 ○○○○○○○○원, 합계 ○○○○○○○○원의 과세전통지는, 1. 과세전통지 세액에 포함된 가산세 ○○○○○○○○원을 적용하지 아니하는 것으로 일부채택 결정하고, 2. 나머지 청구는 불채택 결정한다.",99,14213,data/raw/clip/00001602025000013.txt
01601632025000051,심판청구,평택세관-조심-2025-51,2025-12-01,덤핑방지관세 부과시 분기별 최저수출가격 요건 충족여부의 판단시점이 언제인지 여부,기타,심판청구를 기각한다.,38,15031,data/raw/clip/01601632025000051.txt
02001602025000020,과세전적부심사,관세청-적부심사-2025-20,2025-10-16,"중국, 베트남산 합판의 HS 4412.39호 해당 여부 및 덤핑방지관세 부과 대상 여부",기타,과세전적부심사를 채택하지 아니한다.,53,11221,data/raw/clip/02001602025000020.txt
00001602025000028,과세전적부심사,관세청-적부심사-2025-28,2026-01-07,쟁점물품이 싱글레이어 덤핑방지관세 부과 규칙상 부과대상에 해당되지 않는다는 청구주장의 당부,기타,과세전적부심사를 채택한다.,29,9336,data/raw/clip/00001602025000028.txt
00001602023000084,과세전적부심사,관세청-적부심사-2023-84,2023-12-04,① 쟁점물품이 덤핑방지관세 부과대상에 해당하는 지 여부 ② 청구법인에게 가산세 면제의 정당한 사유가 있는 지 여부,기타,과세전적부심사 청구를 채택하지 아니한다.,52,17377,data/raw/clip/00001602023000084.txt
02001632016000191,심판청구,인천세관-조심-2016-191,2017-05-12,덤핑방지관세 부과 대상여부에 대한 심판청구 결정,기타,심판청구를 기각한다.,62,8041,data/raw/clip/02001632016000191.txt
04001632024000134,심판청구,인천공항세관-조심-2024-134,2025-05-13,쟁점물품(LAMINATED COATING FILM)이 덤핑방지관세 부과대상인지 여부 등,기타,심판청구를 기각한다.,45,19427,data/raw/clip/04001632024000134.txt
02001632020000149,심판청구,인천세관-조심-2020-149,2021-12-24,"청구법인들이 수출가격 인상을 약속한 쟁점물품을 수입하면서 실제구매가격이 아닌 최저수출가격으로 고가신고 하였고, 이것이 쟁점물품의 덤핑방지관세 부과 회피행위라고 보아 경정처분 한 것이 정당한지 여부 등",기타,심판청구를 기각한다.,106,19603,data/raw/clip/02001632020000149.txt
02001632020000148,심판청구,인천세관-조심-2020-148,2021-12-24,"청구법인들이 수출가격 인상을 약속한 쟁점물품을 수입하면서 실제구매가격이 아닌 최저수출가격으로 고가신고 하였고, 이것이 쟁점물품의 덤핑방지관세 부과 회피행위라고 보아 경정처분 한 것이 정당한지 여부 등",기타,심판청구를 기각한다.,106,19603,data/raw/clip/02001632020000148.txt
02001632020000131,심판청구,인천세관-조심-2020-131,2021-12-24,"청구법인들이 수출가격 인상을 약속한 쟁점물품을 수입하면서 실제구매가격이 아닌 최저수출가격으로 고가신고 하였고, 이것이 쟁점물품의 덤핑방지관세 부과 회피행위라고 보아 경정처분 한 것이 정당한지 여부 등",기타,심판청구를 기각한다.,106,19603,data/raw/clip/02001632020000131.txt
02001632020000145,심판청구,인천세관-조심-2020-145,2021-12-24,"청구법인들이 수출가격 인상을 약속한 쟁점물품을 수입하면서 실제구매가격이 아닌 최저수출가격으로 고가신고 하였고, 이것이 쟁점물품의 덤핑방지관세 부과 회피행위라고 보아 경정처분 한 것이 정당한지 여부 등",기타,심판청구를 기각한다.,106,19603,data/raw/clip/02001632020000145.txt
04001632024000048,심판청구,인천공항세관-조심-2024-48,2025-05-13,쟁점물품(LAMINATED COATING FILM)이 덤핑방지관세 부과대상인지 여부 등,기타,심판청구를 기각한다.,45,19426,data/raw/clip/04001632024000048.txt
00001602023000083,과세전적부심사,관세청-적부심사-2023-83,2023-12-04,① 쟁점물품이 덤핑방지관세 부과대상에 해당하는 지 여부 ② 청구법인에게 가산세 면제의 정당한 사유가 있는 지 여부,기타,과세전적부심사 청구를 채택하지 아니한다.,52,17376,data/raw/clip/00001602023000083.txt
06201632018000083,심판청구,광양세관-조심-2018-83,2018-11-19,'중국산 도자기질 타일' 관련 덤핑방지관세 부과대상 여부,감면,OOO세관장이 2018.2.9. 청구법인에게 한 관세 OOO원 및 가산세 OOO원의 부과처분은 청구법인이 수입신고번호 OOO 외 13건으로 수입신고한 물품이「OOO에 대한 덤핑방지관세 부과에 관한 규칙」에 따른 덤핑방지관세 부과대상인지 여부를 재조사하여 그 결과에 따라 적용할 세율 및 세액을 경정한다.,56,8671,data/raw/clip/06201632018000083.txt
02001632015009599,심판청구,인천세관-조심-2015-252,2015-12-30,쟁점물품이 덤핑방지관세의 부과대상에 해당하는지 여부, 관세 평가,심판청구를 기각한다.,31,3459,data/raw/clip/02001632015009599.txt
00001632019000016,심판청구,관세청-조심-2019-16,2019-06-27,일본산 스테인리스 철강와이어인 쟁점물품이 덤핑방지 관세 부과대상인지 여부,기타,"이 건 심판청구 중 가산세 관련 심판청구 부분은 이를 각하하고, 나머지 심판청구는 기각한다.",24,3237,data/raw/clip/00001632019000016.txt
01001632014008946,심판청구,서울세관-조심-2014-369,2015-06-05,쟁점물품의 생산자를 허위로 기재하여 낮은 덤핑방지관세율을 적용한 것으로 보아 관세 등을 부과한 처분의 당부,원산지,"OOO세관장이 OOO 청구인에게 한 관세 OOO원, 부가가치세 OOO원 및 가산세 OOO원 합계 OOO원의 부과처분은 실제 생산자가 누구인지를 재조사하여 그 결과에 따라 적용할 덤핑방지관세율 및 세액을 경정하고, 나머지 심판청구는 기각한다",25,6786,data/raw/clip/01001632014008946.txt
04001632015009604,심판청구,인천공항세관-조심-2015-253,2015-12-30,① 이 건 심판청구가 적법한 청구인지 여부 / ② 쟁점물품이 덤핑방지관세의 부과대상에 해당하는지 여부,기타,심판청구를 기각한다.,44,4684,data/raw/clip/04001632015009604.txt
02001632020000140,심판청구,인천세관-조심-2020-140,2021-04-12,쟁점생산자들이 쟁점물품을 실제로 생산하였으므로 최고 세율의 덤핑방지관세율이 아닌 '그 밖의 공급자'에 해당하는 덤핑방지관세율이 적용되어야 한다는 청구주장의 당부,기타,"OOO세관장이 2020.6.1. 청구법인에게 한 관세 OOO원, 부가가치세 OOO원 및 가산세 OOO원 합계 OOO원의 부과처분은 이를 취소한다.",49,7176,data/raw/clip/02001632020000140.txt
15301632016000159,심판청구,청주세관 충주지원센터-조심-2016-159,2017-01-24,쟁점고춧가루가 쟁점원재료로 제조되지 않았다고 보아 관세환급금을 징수한 처분의 당부, 관세 환급,심판청구를 기각한다.,1,9220,data/raw/clip/15301632016000159.txt
00001602020000037,과세전적부심사,관세청-적부심사-2020-37,2021-03-17,관세청-적부심사-2020-37,품목분류,과세전적부심사청구를 채택하지 아니합니다.,6,5280,data/raw/clip/00001602020000037.txt
01001632014008757,심판청구,서울세관-조심-2014-283,2015-04-30,"① 쟁점물품이 OOO 제품인지 여부, ② 청구법인을 쟁점물품의 납세의무자로 보아 관세 등을 부과한 처분의 당부",기타,심판청구를 기각한다.,12,7764,data/raw/clip/01001632014008757.txt
01001602020000039,과세전적부심사,관세청-적부심사-2020-39,2021-06-24,적부심사 제2020-39호, 관세 평가,"통지청은, 청구법인의 국내 거래처가 청구법인과의 거래 시 인증 취득 여부, 시장 인지도, 소비자 평판 및 품질의 신뢰성 등에 따라 ○○○산 폴리아세탈과 ○○○산 폴리아세탈을 구분하여 구매하였는지 여부 등을 확인하여 ○○○ 폴리아세탈이 유사물품에 해당하는지를 재조사한 후 관세법 제35조에 규정된 방법을 적용하여 과세가격을 결정하고 그 결과에 따라 과세표준 및",8,12482,data/raw/clip/01001602020000039.txt
03001632020000144,심판청구,부산세관-조심-2020-144,2021-12-29,거래통화 변경 및 국내판매가격에 맞춘 수입가격의 조정을 특수관계가 거래가격에 영향을 미친 것으로 볼 수 있는지 여부 등, 관세 평가,심판청구를 기각한다.,17,35299,data/raw/clip/03001632020000144.txt
00001622025000008,심사청구,관세청-심사-2025-8,2026-01-28,① 쟁점물품을 페인팅한 비합금강의 평판압연제품으로 보아 HSK 7210.70-1000호에 분류해야 하는지 여부 ② 수입신고취하 문의에 대한 처분청 불가 답변 안내가 신의성실원칙에 위배되는지 여부 ③ 수출용 원재료임에도 관세 환급 절차를 제한하는 것이 과세형평원칙에 위배되는지 여부,품목분류,심사청구를 기각한다.,25,10727,data/raw/clip/00001622025000008.txt
02001632013007268,심판청구,인천세관-조심-2013-234,2014-09-03,쟁점물품의 수입가격이 특수관계에 의해 영향을 받았는지 여부, 관세 평가,"OOO세관장이 2013.6.28. 청구법인에게 한 관세 OOO원, 부가가치세 OOO원, 가산세 OOO원 등 합계 OOO원의 부과처분은「관세법」제30조 제3항 제4호에 따른 과세가격 결정에 필요한 특수관계가 쟁점물품의 거래가격에 영향을 미쳤는지 여부를 재조사하여 그 결과에 따라 과세표준 및 세액을 경정한다.",5,8029,data/raw/clip/02001632013007268.txt
01001632015009424,심판청구,서울세관-조심-2015-194,2016-07-04,수탁가공용 무상 수입물품의 과세가격을 동종ㆍ동질물품의 거래가격을 기초로 결정하면서 거래내용 등의 차이에 따른 가격 차이를 조정하지 아니하고 과세한 처분의 당부 등, 관세 평가,"쟁점물품과 동종ㆍ동질물품은 청구법인이 동일 수출자로부터 수입하여 제조에 사용하는 등 거래단계에 차이가 있다고 보기 어려워 가격차이 조정이 필요해 보이지 않는 점, 청구법인이 과세가격의 일부를 신고하지 아니하여 납부세액에 부족이 발생하였으므로 5년의 부과제척기간을 적용하는 것이 타당해 보이는 점 등에 비추어 처분청이 동종ㆍ동질물품의 거래가격을 쟁점물품의 과세",0,696,data/raw/clip/01001632015009424.txt
01001632018000117,심판청구,서울세관-조심-2018-117,2019-03-06,"쟁점물품을 철강 구조물로 보아 제7308호로 분류할 것인지, 아니면 타워크레인의 전용 부분품으로 보아 제8431호로 분류할 것인지 등", 관세 평가,"쟁점물품은 타워크레인의 운전에 필요한 장치 없이 격자주 형태의 마스트섹션만 별도로 제시된 점, 쟁점물품이 타워크레인의 본질적인 기능인 권양 및 적하기능을 위한 기계적 요소를 갖추고 있다고 보기 어려운 점 등에 비추어 쟁점물품을 제7308호로 분류하여 과세한 처분은 잘못이 없는 것으로 판단되고, 수입신고수리는 사실행위에 불과하여 공적 견해표명으로 보기 어려운",0,719,data/raw/clip/01001632018000117.txt
01001632018000051,심판청구,서울세관-조심-2018-51,2018-10-02,쟁점처분이 신의성실원칙 또는 소급과세금지원칙에 위반된다는 청구주장의 당부,기타,"HSK 제3920.62-0000호로 분류되는 중국산 PET필름은 덤핑방지관세 부과규칙 별표1의 제외대상이 아닌 경우 모두 덤핑방지관세 부과대상에 해당하나, 청구법인은 쟁점물품을 제3920.62-0000호로 수입신고하면서 양허관세 6.5%만 신고하고 덤핑방지관세를 신고하지 아니한 점, 청구법인은 쟁점물품이 PET필름이 아니어서 덤핑방지관세를 적용하지 않았다고",4,694,data/raw/clip/01001632018000051.txt
03001632019000093,심판청구,부산세관-조심-2019-93,2020-02-26,가산세 부과처분의 당부,기타,심판청구를 기각한다.,36,6475,data/raw/clip/03001632019000093.txt
00001602018000019,과세전적부심사,관세청-적부심사-2018-19,2019-02-08,쟁점물품의 거래가격 부인 및 과세가격 결정방법의 적법․타당 여부, 관세 평가,과세전적부심사청구를 채택하지 아니한다.,0,434,data/raw/clip/00001602018000019.txt
02001632021000151,심판청구,인천세관-조심-2021-151,2023-06-26,쟁점물품의 외면에 사용된 목재가 HS 제44류 소호주 제2호 내지 관세율표 제44류 국내주 제1호의 열대산 목재에 해당하는 것으로 보아 HSK 제4412.31-4011호 등으로 분류하여 관세 등을 부과한 처분의 당부,품목분류,심판청구를 기각한다.,1,19286,data/raw/clip/02001632021000151.txt
02001632021000141,심판청구,인천세관-조심-2021-141,2023-06-26,쟁점물품의 외면에 사용된 목재가 HS 제44류 소호주 제2호 내지 관세율표 제44류 국내주 제1호의 열대산 목재에 해당하는 것으로 보아 HSK 제4412.31-4011호 등으로 분류하여 관세 등을 부과한 처분의 당부,원산지,심판청구를 기각한다.,1,15810,data/raw/clip/02001632021000141.txt
04001632024000055,심판청구,인천공항세관-조심-2024-55,2024-07-03,적법한 심판청구인지 여부(직권취소),기타,심판청구를 각하한다.,2,1555,data/raw/clip/04001632024000055.txt
03001622002000034,심사청구,부산세관-심사-2002-34,2002-10-18,해당건은 제목이 없습니다.,품목분류,심사청구를 기각한다.,4,2022,data/raw/clip/03001622002000034.txt
04001632024000049,심판청구,인천공항세관-조심-2024-49,2024-07-03,적법한 심판청구인지 여부(직권취소),기타,심판청구를 각하한다.,2,1555,data/raw/clip/04001632024000049.txt
00001602025000019,과세전적부심사,관세청-적부심사-2025-19,2025-10-16,중국산 PP필름 수출자와 공급자의 특수관계 해당 여부 및 가산세 면제 정당한 사유 여부,기타,과세전적부심사를 채택하지 아니한다.,47,14784,data/raw/clip/00001602025000019.txt
03001632015009202,심판청구,부산세관-조심-2015-120,2015-12-15,이 건 심판청구가 적법한 청구인지 여부,기타,심판청구를 각하한다.,1,1698,data/raw/clip/03001632015009202.txt
02001632020000084,심판청구,인천세관-조심-2020-84,2020-10-19,"조세심판결정 통지(조심 2020관117, 조심 2020관118)",기타,심판청구를 각하한다.,2,1155,data/raw/clip/02001632020000084.txt
05301632015009081,심판청구,창원세관-조심-2015-56,2015-12-15,① 청구법인을 쟁점물품①의 실제 납세의무자로 볼 수 있는지 여부 / ② 청구법인이 수입한 쟁점물품②의 과세가격이 적정한지 여부,기타,심판청구를 기각한다.,12,10635,data/raw/clip/05301632015009081.txt
01001622002000107,심사청구,서울세관-심사-2002-107,2003-05-23,해당건은 제목이 없습니다.,기타,심사청구를 기각한다.,7,1592,data/raw/clip/01001622002000107.txt
03001622002000109,심사청구,부산세관-심사-2002-109,2003-05-23,해당건은 제목이 없습니다.,기타,심사청구를 기각한다.,7,1524,data/raw/clip/03001622002000109.txt
02001632015009201,심판청구,인천세관-조심-2015-119,2015-12-15,이 건 심판청구가 적법한 청구인지 여부,기타,심판청구를 각하한다.,1,1698,data/raw/clip/02001632015009201.txt
01201600087-1-1,판결,인천지법2016구합51249,2017-01-06,덤핑관세경정청구거부처분 취소,,국가승,56,6236,data/raw/clip/01201600087-1-1.txt
01201600087-2-1,판결,서울고법2017누34300,2017-07-18,덤핑관세경정청구거부처분 취소,,국가승,15,2777,data/raw/clip/01201600087-2-1.txt
12010000047-2-1,판결,대구고법2011누2355,2011-12-16,관세부과처분취소 청구,,국가승,0,308,data/raw/clip/12010000047-2-1.txt
01201700055-1-1,판결,인천지법2017구합53174,2018-08-16,관세등부과처분취소,,국가승,16,3607,data/raw/clip/01201700055-1-1.txt
12010000047-1-1,판결,대구지법2010구합4096,2011-08-17,관세부과처분취소 청구,,국가승,5,1515,data/raw/clip/12010000047-1-1.txt
01201700055-2-1,판결,서울고법2018누63206,2018-12-18,관세등부과처분취소,,국가승,9,1983,data/raw/clip/01201700055-2-1.txt
12015000044-2-1,판결,부산고법2019누10965,2021-09-15,관세부과처분취소,,국가일부승소,3,8948,data/raw/clip/12015000044-2-1.txt
12016000032-1-1,판결,인천지법2016구합50338,2019-02-14,관세등부과처분취소,,국가패,2,21212,data/raw/clip/12016000032-1-1.txt
12010000008-1-1,판결,수원지법2010구합1638,2010-09-29,세액경정기각처분취소,,국가승,1,616,data/raw/clip/12010000008-1-1.txt
01202000093-1-1,판결,부산지법2020구합21969,2020-09-24,가산세부과처분 취소,,국가승,5,1568,data/raw/clip/01202000093-1-1.txt
12009000026-1-1,판결,부산지법2009구합3737,2010-01-15,경정고지처분취소,,국가패,0,268,data/raw/clip/12009000026-1-1.txt
