measure_id,decree_title,revision,listed_code,status,leaving_to,entering_from
M055,대만 및 중국산 폴리에스터 장섬유 부분연신사에 대한 덤핑방지관세의 부과에 관한 규칙,2012,540246,변동 없음,,
M056,태국 및 말레이시아산 파티클보드에 대한 덤핑방지관세의 부과에 관한 규칙,2012,4410111000,변동 없음,,
M057,미국ㆍ인도ㆍ중국 및 캐나다산 염화콜린에 대한 덤핑방지관세 부과에 관한 규칙,2012,2309902099,변동 없음,,
M057,미국ㆍ인도ㆍ중국 및 캐나다산 염화콜린에 대한 덤핑방지관세 부과에 관한 규칙,2012,2309903020,변동 없음,,
M057,미국ㆍ인도ㆍ중국 및 캐나다산 염화콜린에 대한 덤핑방지관세 부과에 관한 규칙,2012,2309909000,변동 없음,,
M057,미국ㆍ인도ㆍ중국 및 캐나다산 염화콜린에 대한 덤핑방지관세 부과에 관한 규칙,2012,2923102000,변동 없음,,
M058,일본ㆍ인도 및 스페인산 스테인리스 스틸바에 대한 덤핑방지관세 부과에 관한 규칙,2012,7222110000,변동 없음,,
M058,일본ㆍ인도 및 스페인산 스테인리스 스틸바에 대한 덤핑방지관세 부과에 관한 규칙,2012,7222190000,변동 없음,,
M058,일본ㆍ인도 및 스페인산 스테인리스 스틸바에 대한 덤핑방지관세 부과에 관한 규칙,2012,7222200000,변동 없음,,
M058,일본ㆍ인도 및 스페인산 스테인리스 스틸바에 대한 덤핑방지관세 부과에 관한 규칙,2012,7222300000,변동 없음,,
M059,중국·대만 및 말레이시아산 폴리에스테르 장섬유 연신가공사에 대한 덤핑방지관세 부과에 관한 규칙,2012,5402339000,변동 없음,,
M060,중국산 차아황산소다에 대한 덤핑방지관세 부과에 관한 규칙,2012,2831101000,변동 없음,,
M061,말레이시아산 합판에 대한 덤핑방지관세 부과에 관한 규칙,2012,441231,변동 없음,,
M061,말레이시아산 합판에 대한 덤핑방지관세 부과에 관한 규칙,2012,441232,변동 없음,,
M062,일본산 스테인리스스틸 후판에 대한 덤핑방지관세 부과에 관한 규칙,2012,7219211010,변동 없음,,
M062,일본산 스테인리스스틸 후판에 대한 덤핑방지관세 부과에 관한 규칙,2012,7219211090,변동 없음,,
M062,일본산 스테인리스스틸 후판에 대한 덤핑방지관세 부과에 관한 규칙,2012,7219219000,변동 없음,,
M062,일본산 스테인리스스틸 후판에 대한 덤핑방지관세 부과에 관한 규칙,2012,7219221010,변동 없음,,
M062,일본산 스테인리스스틸 후판에 대한 덤핑방지관세 부과에 관한 규칙,2012,7219221090,변동 없음,,
M062,일본산 스테인리스스틸 후판에 대한 덤핑방지관세 부과에 관한 규칙,2012,7219229000,변동 없음,,
M063,중국산 플로트판유리에 대한 덤핑방지관세 부과에 관한 규칙,2012,7005214000,변동 없음,,
M063,중국산 플로트판유리에 대한 덤핑방지관세 부과에 관한 규칙,2012,7005215000,변동 없음,,
M063,중국산 플로트판유리에 대한 덤핑방지관세 부과에 관한 규칙,2012,7005216000,변동 없음,,
M063,중국산 플로트판유리에 대한 덤핑방지관세 부과에 관한 규칙,2012,7005217010,변동 없음,,
M063,중국산 플로트판유리에 대한 덤핑방지관세 부과에 관한 규칙,2012,7005217020,변동 없음,,
M063,중국산 플로트판유리에 대한 덤핑방지관세 부과에 관한 규칙,2012,7005217030,변동 없음,,
M063,중국산 플로트판유리에 대한 덤핑방지관세 부과에 관한 규칙,2012,7005294010,변동 없음,,
M063,중국산 플로트판유리에 대한 덤핑방지관세 부과에 관한 규칙,2012,7005294090,변동 없음,,
M063,중국산 플로트판유리에 대한 덤핑방지관세 부과에 관한 규칙,2012,7005295010,변동 없음,,
M063,중국산 플로트판유리에 대한 덤핑방지관세 부과에 관한 규칙,2012,7005295090,변동 없음,,
M063,중국산 플로트판유리에 대한 덤핑방지관세 부과에 관한 규칙,2012,7005296010,변동 없음,,
M063,중국산 플로트판유리에 대한 덤핑방지관세 부과에 관한 규칙,2012,7005296090,변동 없음,,
M063,중국산 플로트판유리에 대한 덤핑방지관세 부과에 관한 규칙,2012,7005297010,변동 없음,,
M063,중국산 플로트판유리에 대한 덤핑방지관세 부과에 관한 규칙,2012,7005297090,변동 없음,,
M063,중국산 플로트판유리에 대한 덤핑방지관세 부과에 관한 규칙,2012,7005298010,변동 없음,,
M063,중국산 플로트판유리에 대한 덤핑방지관세 부과에 관한 규칙,2012,7005298090,변동 없음,,
M063,중국산 플로트판유리에 대한 덤핑방지관세 부과에 관한 규칙,2012,7005299010,변동 없음,,
M063,중국산 플로트판유리에 대한 덤핑방지관세 부과에 관한 규칙,2012,7005299090,변동 없음,,
M064,중국산 도자기질 타일에 대한 덤핑방지관세 부과에 관한 규칙,2012,6901003000,변동 없음,,
M064,중국산 도자기질 타일에 대한 덤핑방지관세 부과에 관한 규칙,2012,6907901000,변동 없음,,
M064,중국산 도자기질 타일에 대한 덤핑방지관세 부과에 관한 규칙,2012,6907909000,변동 없음,,
M064,중국산 도자기질 타일에 대한 덤핑방지관세 부과에 관한 규칙,2012,6908901000,변동 없음,,
M064,중국산 도자기질 타일에 대한 덤핑방지관세 부과에 관한 규칙,2012,6908909000,변동 없음,,
M074,중국ㆍ인도네시아 및 태국산 폴리프로필렌 연신필름에 대한 덤핑방지관세 부과에 관한 규칙,2017,3920200000,변동 없음,,
M074,중국ㆍ인도네시아 및 태국산 폴리프로필렌 연신필름에 대한 덤핑방지관세 부과에 관한 규칙,2017,3921902000,변동 없음,,
M076,미국ㆍ말레이시아ㆍ태국 및 일본산 에탄올아민에 대한 덤핑방지관세 부과에 관한 규칙,2017,2922111000,변동 없음,,
M076,미국ㆍ말레이시아ㆍ태국 및 일본산 에탄올아민에 대한 덤핑방지관세 부과에 관한 규칙,2017,2922121000,변동 없음,,
M076,미국ㆍ말레이시아ㆍ태국 및 일본산 에탄올아민에 대한 덤핑방지관세 부과에 관한 규칙,2017,2922131000,소멸,2922150000(0.50);2922199000(0.47);2922193090(0.03);2922193010(0.01),
M077,일본산 두꺼운 폴리에틸렌 테레프탈레이트(PET) 필름에 대한 덤핑방지관세 부과에 관한 규칙,2017,3920620000,변동 없음,,
M078,중국산 플로트판유리에 대한 덤핑방지관세 부과에 관한 규칙,2017,7005214000,변동 없음,,
M078,중국산 플로트판유리에 대한 덤핑방지관세 부과에 관한 규칙,2017,7005215000,변동 없음,,
M078,중국산 플로트판유리에 대한 덤핑방지관세 부과에 관한 규칙,2017,7005216000,변동 없음,,
M078,중국산 플로트판유리에 대한 덤핑방지관세 부과에 관한 규칙,2017,7005217010,변동 없음,,
M078,중국산 플로트판유리에 대한 덤핑방지관세 부과에 관한 규칙,2017,7005217020,변동 없음,,
M078,중국산 플로트판유리에 대한 덤핑방지관세 부과에 관한 규칙,2017,7005217030,변동 없음,,
M078,중국산 플로트판유리에 대한 덤핑방지관세 부과에 관한 규칙,2017,7005294010,변동 없음,,
M078,중국산 플로트판유리에 대한 덤핑방지관세 부과에 관한 규칙,2017,7005294090,변동 없음,,
M078,중국산 플로트판유리에 대한 덤핑방지관세 부과에 관한 규칙,2017,7005295010,변동 없음,,
M078,중국산 플로트판유리에 대한 덤핑방지관세 부과에 관한 규칙,2017,7005295090,변동 없음,,
M078,중국산 플로트판유리에 대한 덤핑방지관세 부과에 관한 규칙,2017,7005296010,변동 없음,,
M078,중국산 플로트판유리에 대한 덤핑방지관세 부과에 관한 규칙,2017,7005296090,변동 없음,,
M078,중국산 플로트판유리에 대한 덤핑방지관세 부과에 관한 규칙,2017,7005297010,변동 없음,,
M078,중국산 플로트판유리에 대한 덤핑방지관세 부과에 관한 규칙,2017,7005297090,변동 없음,,
M078,중국산 플로트판유리에 대한 덤핑방지관세 부과에 관한 규칙,2017,7005298010,변동 없음,,
M078,중국산 플로트판유리에 대한 덤핑방지관세 부과에 관한 규칙,2017,7005298090,변동 없음,,
M078,중국산 플로트판유리에 대한 덤핑방지관세 부과에 관한 규칙,2017,7005299010,변동 없음,,
M078,중국산 플로트판유리에 대한 덤핑방지관세 부과에 관한 규칙,2017,7005299090,변동 없음,,
M079,중국산 도자기질 타일에 대한 덤핑방지관세 부과에 관한 규칙,2017,6901003000,변동 없음,,
M079,중국산 도자기질 타일에 대한 덤핑방지관세 부과에 관한 규칙,2017,6907901000,소멸,6907301000(0.96);6907210000(0.02);6907230000(0.01),
M079,중국산 도자기질 타일에 대한 덤핑방지관세 부과에 관한 규칙,2017,6907909000,소멸,6907409000(0.36);6907229000(0.16);6907301000(0.16);6907309000(0.10);6907210000(0.09),
M079,중국산 도자기질 타일에 대한 덤핑방지관세 부과에 관한 규칙,2017,6908901000,소멸,6907301000(0.96);6907210000(0.02);6907230000(0.01),
M079,중국산 도자기질 타일에 대한 덤핑방지관세 부과에 관한 규칙,2017,6908909000,소멸,6907409000(0.37);6907301000(0.16);6907229000(0.15);6907210000(0.10);6907309000(0.09),
M080,중국산 에이치(H) 형강에 대한 덤핑방지관세의 부과에 관한 규칙,2017,7216333000,변동 없음,,
M080,중국산 에이치(H) 형강에 대한 덤핑방지관세의 부과에 관한 규칙,2017,7216334000,변동 없음,,
M080,중국산 에이치(H) 형강에 대한 덤핑방지관세의 부과에 관한 규칙,2017,7216335000,변동 없음,,
M080,중국산 에이치(H) 형강에 대한 덤핑방지관세의 부과에 관한 규칙,2017,7228701010,변동 없음,,
M080,중국산 에이치(H) 형강에 대한 덤핑방지관세의 부과에 관한 규칙,2017,7228701090,변동 없음,,
M081,일본산 공기압 전송용 밸브에 대한 덤핑방지관세의 부과에 관한 규칙,2017,8481202000,변동 없음,,
M082,인도산 초산에틸에 대한 덤핑방지관세의 부과에 관한 규칙,2017,291531,변동 없음,,
M083,중국ㆍ일본 및 싱가포르산 초산에틸에 대한 덤핑방지관세의 부과에 관한 규칙,2017,291531,변동 없음,,
M084,중국 및 인도산 폴리에틸렌 테레프탈레이트(PET) 필름에 대한 덤핑방지관세의 부과에 관한 규칙,2017,392062,변동 없음,,
M084,중국 및 인도산 폴리에틸렌 테레프탈레이트(PET) 필름에 대한 덤핑방지관세의 부과에 관한 규칙,2017,392069,변동 없음,,
M085,중국산 침엽수 합판에 대한 덤핑방지관세의 부과에 관한 규칙,2017,441239,하위 재편,,
M085,중국산 침엽수 합판에 대한 덤핑방지관세의 부과에 관한 규칙,2017,441299,하위 재편,,
M086,미국 및 프랑스산 부틸글리콜에테르에 대한 덤핑방지관세의 부과에 관한 규칙,2017,2909430000,변동 없음,,
M087,일본산 스테인리스스틸 후판에 대한 덤핑방지관세의 부과에 관한 규칙,2017,7219211010,변동 없음,,
M087,일본산 스테인리스스틸 후판에 대한 덤핑방지관세의 부과에 관한 규칙,2017,7219211090,변동 없음,,
M087,일본산 스테인리스스틸 후판에 대한 덤핑방지관세의 부과에 관한 규칙,2017,7219219000,변동 없음,,
M087,일본산 스테인리스스틸 후판에 대한 덤핑방지관세의 부과에 관한 규칙,2017,7219221010,변동 없음,,
M087,일본산 스테인리스스틸 후판에 대한 덤핑방지관세의 부과에 관한 규칙,2017,7219221090,변동 없음,,
M087,일본산 스테인리스스틸 후판에 대한 덤핑방지관세의 부과에 관한 규칙,2017,7219229000,변동 없음,,
M092,베트남ㆍ우크라이나 및 인도산 페로실리코망간에 대한 덤핑방지관세 부과에 관한 규칙,2022,7202300000,변동 없음,,
M094,일본ㆍ중국 및 핀란드산 도공(Coated) 인쇄용지에 대한 덤핑방지관세 부과에 관한 규칙,2022,4810131000,변동 없음,,
M094,일본ㆍ중국 및 핀란드산 도공(Coated) 인쇄용지에 대한 덤핑방지관세 부과에 관한 규칙,2022,4810141000,소멸,4810140000(1.00),
M094,일본ㆍ중국 및 핀란드산 도공(Coated) 인쇄용지에 대한 덤핑방지관세 부과에 관한 규칙,2022,4810191000,변동 없음,,
M094,일본ㆍ중국 및 핀란드산 도공(Coated) 인쇄용지에 대한 덤핑방지관세 부과에 관한 규칙,2022,4810199000,변동 없음,,
M094,일본ㆍ중국 및 핀란드산 도공(Coated) 인쇄용지에 대한 덤핑방지관세 부과에 관한 규칙,2022,4810220000,변동 없음,,
M094,일본ㆍ중국 및 핀란드산 도공(Coated) 인쇄용지에 대한 덤핑방지관세 부과에 관한 규칙,2022,4810290000,변동 없음,,
M099,대만 및 이탈리아산 스테인리스 스틸바에 대한 덤핑방지관세 부과에 관한 규칙,2022,7222110000,변동 없음,,
M099,대만 및 이탈리아산 스테인리스 스틸바에 대한 덤핑방지관세 부과에 관한 규칙,2022,7222190000,변동 없음,,
M099,대만 및 이탈리아산 스테인리스 스틸바에 대한 덤핑방지관세 부과에 관한 규칙,2022,7222200000,변동 없음,,
M099,대만 및 이탈리아산 스테인리스 스틸바에 대한 덤핑방지관세 부과에 관한 규칙,2022,7222300000,변동 없음,,
M100,인도산 초산에틸에 대한 덤핑방지관세 부과에 관한 규칙,2022,291531,변동 없음,,
M101,중국ㆍ일본 및 싱가포르산 초산에틸에 대한 덤핑방지관세 부과에 관한 규칙,2022,291531,변동 없음,,
M102,중국ㆍ인도네시아 및 태국산 폴리프로필렌 연신필름에 대한 덤핑방지관세 부과에 관한 규칙,2022,3920200000,변동 없음,,
M102,중국ㆍ인도네시아 및 태국산 폴리프로필렌 연신필름에 대한 덤핑방지관세 부과에 관한 규칙,2022,3921902000,변동 없음,,
M103,중국 및 인도산 폴리에틸렌 테레프탈레이트(PET)필름에 대한 덤핑방지관세 부과에 관한 규칙,2022,3920620000,변동 없음,,
M103,중국 및 인도산 폴리에틸렌 테레프탈레이트(PET)필름에 대한 덤핑방지관세 부과에 관한 규칙,2022,3920690000,변동 없음,,
M104,일본산 스테인리스스틸 후판에 대한 덤핑방지관세 부과에 관한 규칙,2022,7219211010,변동 없음,,
M104,일본산 스테인리스스틸 후판에 대한 덤핑방지관세 부과에 관한 규칙,2022,7219211090,변동 없음,,
M104,일본산 스테인리스스틸 후판에 대한 덤핑방지관세 부과에 관한 규칙,2022,7219219000,변동 없음,,
M104,일본산 스테인리스스틸 후판에 대한 덤핑방지관세 부과에 관한 규칙,2022,7219221010,변동 없음,,
M104,일본산 스테인리스스틸 후판에 대한 덤핑방지관세 부과에 관한 규칙,2022,7219221090,변동 없음,,
M104,일본산 스테인리스스틸 후판에 대한 덤핑방지관세 부과에 관한 규칙,2022,7219229000,변동 없음,,
M105,말레이시아산 합판에 대한 덤핑방지관세 부과에 관한 규칙,2022,441231,변동 없음,,
M105,말레이시아산 합판에 대한 덤핑방지관세 부과에 관한 규칙,2022,441233,변동 없음,,
M105,말레이시아산 합판에 대한 덤핑방지관세 부과에 관한 규칙,2022,441234,변동 없음,,
M106,베트남산 합판에 대한 덤핑방지관세 부과에 관한 규칙,2022,441231,변동 없음,,
M106,베트남산 합판에 대한 덤핑방지관세 부과에 관한 규칙,2022,441233,변동 없음,,
M106,베트남산 합판에 대한 덤핑방지관세 부과에 관한 규칙,2022,441234,변동 없음,,
M106,베트남산 합판에 대한 덤핑방지관세 부과에 관한 규칙,2022,441239,변동 없음,,
M106,베트남산 합판에 대한 덤핑방지관세 부과에 관한 규칙,2022,441299,범위 이탈,4412421000(1.28);4412411000(0.78);4412929990(0.74);4412921000(0.03),
M107,중국산 침엽수 합판에 대한 덤핑방지관세 부과에 관한 규칙,2022,4412399000,변동 없음,,
M107,중국산 침엽수 합판에 대한 덤핑방지관세 부과에 관한 규칙,2022,4412996100,소멸,4412991000(0.97);4412999910(0.02),
M107,중국산 침엽수 합판에 대한 덤핑방지관세 부과에 관한 규칙,2022,4412999100,소멸,4412991000(0.98);4412999910(0.01),
M108,중국산 합판에 대한 덤핑방지관세 부과에 관한 규칙,2022,441231,변동 없음,,
M108,중국산 합판에 대한 덤핑방지관세 부과에 관한 규칙,2022,441233,변동 없음,,
M108,중국산 합판에 대한 덤핑방지관세 부과에 관한 규칙,2022,441234,변동 없음,,
M109,일본ㆍ인도 및 스페인산 스테인리스 스틸바에 대한 덤핑방지관세 부과에 관한 규칙,2022,7222110000,변동 없음,,
M109,일본ㆍ인도 및 스페인산 스테인리스 스틸바에 대한 덤핑방지관세 부과에 관한 규칙,2022,7222190000,변동 없음,,
M109,일본ㆍ인도 및 스페인산 스테인리스 스틸바에 대한 덤핑방지관세 부과에 관한 규칙,2022,7222200000,변동 없음,,
M109,일본ㆍ인도 및 스페인산 스테인리스 스틸바에 대한 덤핑방지관세 부과에 관한 규칙,2022,7222300000,변동 없음,,
M110,중국산 에이치(H) 형강에 대한 덤핑방지관세의 부과에 관한 규칙,2022,7216333000,변동 없음,,
M110,중국산 에이치(H) 형강에 대한 덤핑방지관세의 부과에 관한 규칙,2022,7216334000,변동 없음,,
M110,중국산 에이치(H) 형강에 대한 덤핑방지관세의 부과에 관한 규칙,2022,7216335000,변동 없음,,
M110,중국산 에이치(H) 형강에 대한 덤핑방지관세의 부과에 관한 규칙,2022,7228701010,변동 없음,,
M110,중국산 에이치(H) 형강에 대한 덤핑방지관세의 부과에 관한 규칙,2022,7228701090,변동 없음,,
M111,중국산 인쇄제판용 평면 모양 사진플레이트에 대한 덤핑방지관세 부과에 관한 규칙,2022,3701309100,소멸,3701304000(0.70);3701302000(0.18);3701303000(0.07);3701309000(0.04),
M112,중국ㆍ인도네시아 및 대만산 스테인리스강 평판압연에 대한 덤핑방지관세 부과에 관한 규칙,2022,7219121010,변동 없음,,
M112,중국ㆍ인도네시아 및 대만산 스테인리스강 평판압연에 대한 덤핑방지관세 부과에 관한 규칙,2022,7219121090,변동 없음,,
M112,중국ㆍ인도네시아 및 대만산 스테인리스강 평판압연에 대한 덤핑방지관세 부과에 관한 규칙,2022,7219129000,변동 없음,,
M112,중국ㆍ인도네시아 및 대만산 스테인리스강 평판압연에 대한 덤핑방지관세 부과에 관한 규칙,2022,7219131010,변동 없음,,
M112,중국ㆍ인도네시아 및 대만산 스테인리스강 평판압연에 대한 덤핑방지관세 부과에 관한 규칙,2022,7219131090,변동 없음,,
M112,중국ㆍ인도네시아 및 대만산 스테인리스강 평판압연에 대한 덤핑방지관세 부과에 관한 규칙,2022,7219139000,변동 없음,,
M112,중국ㆍ인도네시아 및 대만산 스테인리스강 평판압연에 대한 덤핑방지관세 부과에 관한 규칙,2022,7219141010,변동 없음,,
M112,중국ㆍ인도네시아 및 대만산 스테인리스강 평판압연에 대한 덤핑방지관세 부과에 관한 규칙,2022,7219141090,변동 없음,,
M112,중국ㆍ인도네시아 및 대만산 스테인리스강 평판압연에 대한 덤핑방지관세 부과에 관한 규칙,2022,7219149000,변동 없음,,
M112,중국ㆍ인도네시아 및 대만산 스테인리스강 평판압연에 대한 덤핑방지관세 부과에 관한 규칙,2022,7219221010,변동 없음,,
M112,중국ㆍ인도네시아 및 대만산 스테인리스강 평판압연에 대한 덤핑방지관세 부과에 관한 규칙,2022,7219221090,변동 없음,,
M112,중국ㆍ인도네시아 및 대만산 스테인리스강 평판압연에 대한 덤핑방지관세 부과에 관한 규칙,2022,7219229000,변동 없음,,
M112,중국ㆍ인도네시아 및 대만산 스테인리스강 평판압연에 대한 덤핑방지관세 부과에 관한 규칙,2022,7219231010,변동 없음,,
M112,중국ㆍ인도네시아 및 대만산 스테인리스강 평판압연에 대한 덤핑방지관세 부과에 관한 규칙,2022,7219231090,변동 없음,,
M112,중국ㆍ인도네시아 및 대만산 스테인리스강 평판압연에 대한 덤핑방지관세 부과에 관한 규칙,2022,7219239000,변동 없음,,
M112,중국ㆍ인도네시아 및 대만산 스테인리스강 평판압연에 대한 덤핑방지관세 부과에 관한 규칙,2022,7219241010,변동 없음,,
M112,중국ㆍ인도네시아 및 대만산 스테인리스강 평판압연에 대한 덤핑방지관세 부과에 관한 규칙,2022,7219241090,변동 없음,,
M112,중국ㆍ인도네시아 및 대만산 스테인리스강 평판압연에 대한 덤핑방지관세 부과에 관한 규칙,2022,7219249000,변동 없음,,
M112,중국ㆍ인도네시아 및 대만산 스테인리스강 평판압연에 대한 덤핑방지관세 부과에 관한 규칙,2022,7219311010,변동 없음,,
M112,중국ㆍ인도네시아 및 대만산 스테인리스강 평판압연에 대한 덤핑방지관세 부과에 관한 규칙,2022,7219311090,변동 없음,,
M112,중국ㆍ인도네시아 및 대만산 스테인리스강 평판압연에 대한 덤핑방지관세 부과에 관한 규칙,2022,7219319000,변동 없음,,
M112,중국ㆍ인도네시아 및 대만산 스테인리스강 평판압연에 대한 덤핑방지관세 부과에 관한 규칙,2022,7219321010,변동 없음,,
M112,중국ㆍ인도네시아 및 대만산 스테인리스강 평판압연에 대한 덤핑방지관세 부과에 관한 규칙,2022,7219321090,변동 없음,,
M112,중국ㆍ인도네시아 및 대만산 스테인리스강 평판압연에 대한 덤핑방지관세 부과에 관한 규칙,2022,7219329000,변동 없음,,
M112,중국ㆍ인도네시아 및 대만산 스테인리스강 평판압연에 대한 덤핑방지관세 부과에 관한 규칙,2022,7219331010,변동 없음,,
M112,중국ㆍ인도네시아 및 대만산 스테인리스강 평판압연에 대한 덤핑방지관세 부과에 관한 규칙,2022,7219331090,변동 없음,,
M112,중국ㆍ인도네시아 및 대만산 스테인리스강 평판압연에 대한 덤핑방지관세 부과에 관한 규칙,2022,7219339000,변동 없음,,
M112,중국ㆍ인도네시아 및 대만산 스테인리스강 평판압연에 대한 덤핑방지관세 부과에 관한 규칙,2022,7219341010,변동 없음,,
M112,중국ㆍ인도네시아 및 대만산 스테인리스강 평판압연에 대한 덤핑방지관세 부과에 관한 규칙,2022,7219341090,변동 없음,,
M112,중국ㆍ인도네시아 및 대만산 스테인리스강 평판압연에 대한 덤핑방지관세 부과에 관한 규칙,2022,7219349000,변동 없음,,
M112,중국ㆍ인도네시아 및 대만산 스테인리스강 평판압연에 대한 덤핑방지관세 부과에 관한 규칙,2022,7219351010,변동 없음,,
M112,중국ㆍ인도네시아 및 대만산 스테인리스강 평판압연에 대한 덤핑방지관세 부과에 관한 규칙,2022,7219351090,변동 없음,,
M112,중국ㆍ인도네시아 및 대만산 스테인리스강 평판압연에 대한 덤핑방지관세 부과에 관한 규칙,2022,7219359000,변동 없음,,
M112,중국ㆍ인도네시아 및 대만산 스테인리스강 평판압연에 대한 덤핑방지관세 부과에 관한 규칙,2022,7219901010,변동 없음,,
M112,중국ㆍ인도네시아 및 대만산 스테인리스강 평판압연에 대한 덤핑방지관세 부과에 관한 규칙,2022,7219901090,변동 없음,,
M112,중국ㆍ인도네시아 및 대만산 스테인리스강 평판압연에 대한 덤핑방지관세 부과에 관한 규칙,2022,7219909000,변동 없음,,
M112,중국ㆍ인도네시아 및 대만산 스테인리스강 평판압연에 대한 덤핑방지관세 부과에 관한 규칙,2022,7220111010,변동 없음,,
M112,중국ㆍ인도네시아 및 대만산 스테인리스강 평판압연에 대한 덤핑방지관세 부과에 관한 규칙,2022,7220111090,변동 없음,,
M112,중국ㆍ인도네시아 및 대만산 스테인리스강 평판압연에 대한 덤핑방지관세 부과에 관한 규칙,2022,7220119000,변동 없음,,
M112,중국ㆍ인도네시아 및 대만산 스테인리스강 평판압연에 대한 덤핑방지관세 부과에 관한 규칙,2022,7220121010,변동 없음,,
M112,중국ㆍ인도네시아 및 대만산 스테인리스강 평판압연에 대한 덤핑방지관세 부과에 관한 규칙,2022,7220121090,변동 없음,,
M112,중국ㆍ인도네시아 및 대만산 스테인리스강 평판압연에 대한 덤핑방지관세 부과에 관한 규칙,2022,7220129000,변동 없음,,
M112,중국ㆍ인도네시아 및 대만산 스테인리스강 평판압연에 대한 덤핑방지관세 부과에 관한 규칙,2022,7220201010,변동 없음,,
M112,중국ㆍ인도네시아 및 대만산 스테인리스강 평판압연에 대한 덤핑방지관세 부과에 관한 규칙,2022,7220201090,변동 없음,,
M112,중국ㆍ인도네시아 및 대만산 스테인리스강 평판압연에 대한 덤핑방지관세 부과에 관한 규칙,2022,7220209000,변동 없음,,
M112,중국ㆍ인도네시아 및 대만산 스테인리스강 평판압연에 대한 덤핑방지관세 부과에 관한 규칙,2022,7220901010,변동 없음,,
M112,중국ㆍ인도네시아 및 대만산 스테인리스강 평판압연에 대한 덤핑방지관세 부과에 관한 규칙,2022,7220901090,변동 없음,,
M112,중국ㆍ인도네시아 및 대만산 스테인리스강 평판압연에 대한 덤핑방지관세 부과에 관한 규칙,2022,7220909000,변동 없음,,
M113,대만ㆍ태국 및 아랍에미리트연합산 폴리에틸렌 테레프탈레이트(PET) 필름에 대한 덤핑방지관세 부과에 관한 규칙,2022,3920620000,변동 없음,,
M113,대만ㆍ태국 및 아랍에미리트연합산 폴리에틸렌 테레프탈레이트(PET) 필름에 대한 덤핑방지관세 부과에 관한 규칙,2022,3920690000,변동 없음,,
