measure_id,decree_title,revision,effective_date,measure_end,n_listed,n_gone,n_moved,n_not_in_pre,affected,decree_updated,updated_date,updated_by,listed_before,listed_after
M055,대만 및 중국산 폴리에스터 장섬유 부분연신사에 대한 덤핑방지관세의 부과에 관한 규칙,2012,2009-01-21,2012-01-21,1,0,0,0,N,N,,,5402.46,
M056,태국 및 말레이시아산 파티클보드에 대한 덤핑방지관세의 부과에 관한 규칙,2012,2009-04-24,2012-04-24,1,0,0,0,N,N,,,4410.11.1000,
M057,미국ㆍ인도ㆍ중국 및 캐나다산 염화콜린에 대한 덤핑방지관세 부과에 관한 규칙,2012,2010-01-29,2013-01-29,4,0,0,0,N,N,,,2309.90.2099;2309.90.3020;2309.90.9000;2923.10.2000,
M058,일본ㆍ인도 및 스페인산 스테인리스 스틸바에 대한 덤핑방지관세 부과에 관한 규칙,2012,2010-02-24,2013-02-24,4,0,0,0,N,N,,,7222.11.0000;7222.19.0000;7222.20.0000;7222.30.0000,
M059,중국·대만 및 말레이시아산 폴리에스테르 장섬유 연신가공사에 대한 덤핑방지관세 부과에 관한 규칙,2012,2010-05-18,2013-05-18,1,0,0,0,N,N,,,5402.33.9000,
M060,중국산 차아황산소다에 대한 덤핑방지관세 부과에 관한 규칙,2012,2010-08-06,2012-08-06,1,0,0,0,N,N,,,2831.10.1000,
M061,말레이시아산 합판에 대한 덤핑방지관세 부과에 관한 규칙,2012,2011-02-01,2014-02-01,2,0,0,0,N,N,,,4412.31;4412.32,
M062,일본산 스테인리스스틸 후판에 대한 덤핑방지관세 부과에 관한 규칙,2012,2011-04-21,2016-04-21,6,0,0,0,N,N,,,7219.21.1010;7219.21.1090;7219.21.9000;7219.22.1010;7219.22.1090;7219.22.9000,
M063,중국산 플로트판유리에 대한 덤핑방지관세 부과에 관한 규칙,2012,2011-05-24,2014-05-24,18,0,0,0,N,N,,,7005.21.4000;7005.21.5000;7005.21.6000;7005.21.7010;7005.21.7020;7005.21.7030;7005.29.4010;7005.29.4090;7005.29.5010;7005.29.5090;7005.29.6010;7005.29.6090;7005.29.7010;7005.29.7090;7005.29.8010;7005.29.8090;7005.29.9010;7005.29.9090,
M064,중국산 도자기질 타일에 대한 덤핑방지관세 부과에 관한 규칙,2012,2011-07-20,2014-07-20,5,0,0,0,N,N,,,6901.00.3000;6907.90.1000;6907.90.9000;6908.90.1000;6908.90.9000,
M074,중국ㆍ인도네시아 및 태국산 폴리프로필렌 연신필름에 대한 덤핑방지관세 부과에 관한 규칙,2017,2013-12-20,2018-12-20,2,0,0,0,N,N,,,3920.20.0000;3921.90.2000,
M076,미국ㆍ말레이시아ㆍ태국 및 일본산 에탄올아민에 대한 덤핑방지관세 부과에 관한 규칙,2017,2014-12-30,2017-12-30,3,1,0,0,Y,N,,,2922.11.1000;2922.12.1000;2922.13.1000,
M077,일본산 두꺼운 폴리에틸렌 테레프탈레이트(PET) 필름에 대한 덤핑방지관세 부과에 관한 규칙,2017,2014-12-30,2017-12-30,1,0,0,0,N,N,,,3920.62.0000,
M078,중국산 플로트판유리에 대한 덤핑방지관세 부과에 관한 규칙,2017,2015-01-07,2018-01-07,18,0,0,0,N,N,,,7005.21.4000;7005.21.5000;7005.21.6000;7005.21.7010;7005.21.7020;7005.21.7030;7005.29.4010;7005.29.4090;7005.29.5010;7005.29.5090;7005.29.6010;7005.29.6090;7005.29.7010;7005.29.7090;7005.29.8010;7005.29.8090;7005.29.9010;7005.29.9090,
M079,중국산 도자기질 타일에 대한 덤핑방지관세 부과에 관한 규칙,2017,2015-02-25,2018-02-25,5,4,0,0,Y,N,,,6901.00.3000;6907.90.1000;6907.90.9000;6908.90.1000;6908.90.9000,
M080,중국산 에이치(H) 형강에 대한 덤핑방지관세의 부과에 관한 규칙,2017,2015-07-30,2020-07-30,5,0,0,0,N,N,,,7216.33.3000;7216.33.4000;7216.33.5000;7228.70.1010;7228.70.1090,
M081,일본산 공기압 전송용 밸브에 대한 덤핑방지관세의 부과에 관한 규칙,2017,2015-08-19,2020-08-19,1,0,0,0,N,N,,,8481.20.2000,
M082,인도산 초산에틸에 대한 덤핑방지관세의 부과에 관한 규칙,2017,2015-11-19,2018-11-19,1,0,0,0,N,N,,,2915.31,
M083,중국ㆍ일본 및 싱가포르산 초산에틸에 대한 덤핑방지관세의 부과에 관한 규칙,2017,2015-11-19,2018-11-19,1,0,0,0,N,N,,,2915.31,
M084,중국 및 인도산 폴리에틸렌 테레프탈레이트(PET) 필름에 대한 덤핑방지관세의 부과에 관한 규칙,2017,2016-01-13,2019-01-13,2,0,0,0,N,N,,,3920.62;3920.69,
M085,중국산 침엽수 합판에 대한 덤핑방지관세의 부과에 관한 규칙,2017,2016-03-11,2020-03-11,2,0,0,0,N,N,,,4412.39;4412.99,
M086,미국 및 프랑스산 부틸글리콜에테르에 대한 덤핑방지관세의 부과에 관한 규칙,2017,2016-12-06,2021-12-06,1,0,0,0,N,N,,,2909.43.0000,
M087,일본산 스테인리스스틸 후판에 대한 덤핑방지관세의 부과에 관한 규칙,2017,2016-12-06,2019-12-06,6,0,0,0,N,N,,,7219.21.1010;7219.21.1090;7219.21.9000;7219.22.1010;7219.22.1090;7219.22.9000,
M092,베트남ㆍ우크라이나 및 인도산 페로실리코망간에 대한 덤핑방지관세 부과에 관한 규칙,2022,2017-11-29,2022-11-29,1,0,0,0,N,N,,,7202.30.0000,
M094,일본ㆍ중국 및 핀란드산 도공(Coated) 인쇄용지에 대한 덤핑방지관세 부과에 관한 규칙,2022,2018-07-22,2023-07-21,6,1,0,0,Y,Y,2022-01-01,기획재정부령 제882호 (타법개정),4810.13.1000;4810.14.1000;4810.19.1000;4810.19.9000;4810.22.0000;4810.29.0000,4810.13.1000;4810.14.0000;4810.19.1000;4810.19.9000;4810.22.0000;4810.29.0000
M095,중국산 아연도금철선에 대한 덤핑방지관세 부과에 관한 규칙,2022,2018-08-14,2023-08-13,0,0,0,0,N,N,,,,
M099,대만 및 이탈리아산 스테인리스 스틸바에 대한 덤핑방지관세 부과에 관한 규칙,2022,2019-05-16,2024-05-16,4,0,0,0,N,N,,,7222.11.0000;7222.19.0000;7222.20.0000;7222.30.0000,
M100,인도산 초산에틸에 대한 덤핑방지관세 부과에 관한 규칙,2022,2019-07-09,2022-07-09,1,0,0,0,N,N,,,2915.31,
M101,중국ㆍ일본 및 싱가포르산 초산에틸에 대한 덤핑방지관세 부과에 관한 규칙,2022,2019-07-09,2022-07-09,1,0,0,0,N,N,,,2915.31,
M102,중국ㆍ인도네시아 및 태국산 폴리프로필렌 연신필름에 대한 덤핑방지관세 부과에 관한 규칙,2022,2019-08-23,2024-08-23,2,0,0,0,N,N,,,3920.20.0000;3921.90.2000,
M103,중국 및 인도산 폴리에틸렌 테레프탈레이트(PET)필름에 대한 덤핑방지관세 부과에 관한 규칙,2022,2019-09-11,2022-09-11,2,0,0,0,N,N,,,3920.62.0000;3920.69.0000,
M104,일본산 스테인리스스틸 후판에 대한 덤핑방지관세 부과에 관한 규칙,2022,2020-07-14,2023-07-14,6,0,0,0,N,N,,,7219.21.1010;7219.21.1090;7219.21.9000;7219.22.1010;7219.22.1090;7219.22.9000,
M105,말레이시아산 합판에 대한 덤핑방지관세 부과에 관한 규칙,2022,2020-11-06,2023-11-06,3,0,0,0,N,N,,,4412.31;4412.33;4412.34,
M106,베트남산 합판에 대한 덤핑방지관세 부과에 관한 규칙,2022,2020-11-06,2023-11-06,5,0,1,0,Y,Y,2022-01-01,기획재정부령 제882호 (타법개정),4412.31;4412.33;4412.34;4412.39;4412.99,4412.31;4412.33;4412.34;4412.39;4412.91;4412.92;4412.99
M107,중국산 침엽수 합판에 대한 덤핑방지관세 부과에 관한 규칙,2022,2020-11-06,2023-11-06,3,2,0,0,Y,Y,2022-01-01,기획재정부령 제882호 (타법개정),4412.39.9000;4412.99.6100;4412.99.9100,4412.39.9000;4412.99.1000;2021.12.31
M108,중국산 합판에 대한 덤핑방지관세 부과에 관한 규칙,2022,2020-11-06,2023-11-06,3,0,0,0,N,N,,,4412.31;4412.33;4412.34,
M109,일본ㆍ인도 및 스페인산 스테인리스 스틸바에 대한 덤핑방지관세 부과에 관한 규칙,2022,2021-01-22,2024-01-22,4,0,0,0,N,N,,,7222.11.0000;7222.19.0000;7222.20.0000;7222.30.0000,
M110,중국산 에이치(H) 형강에 대한 덤핑방지관세의 부과에 관한 규칙,2022,2021-03-30,2026-03-30,5,0,0,0,N,N,,,7216.33.3000;7216.33.4000;7216.33.5000;7228.70.1010;7228.70.1090,
M111,중국산 인쇄제판용 평면 모양 사진플레이트에 대한 덤핑방지관세 부과에 관한 규칙,2022,2021-05-03,2026-05-03,1,1,0,0,Y,Y,2022-01-01,기획재정부령 제882호 (타법개정),3701.30.9100,3701.30.2000
M112,중국ㆍ인도네시아 및 대만산 스테인리스강 평판압연에 대한 덤핑방지관세 부과에 관한 규칙,2022,2021-09-15,2024-09-15,48,0,0,0,N,N,,,7219.12.1010;7219.12.1090;7219.12.9000;7219.13.1010;7219.13.1090;7219.13.9000;7219.14.1010;7219.14.1090;7219.14.9000;7219.22.1010;7219.22.1090;7219.22.9000;7219.23.1010;7219.23.1090;7219.23.9000;7219.24.1010;7219.24.1090;7219.24.9000;7219.31.1010;7219.31.1090;7219.31.9000;7219.32.1010;7219.32.1090;7219.32.9000;7219.33.1010;7219.33.1090;7219.33.9000;7219.34.1010;7219.34.1090;7219.34.9000;7219.35.1010;7219.35.1090;7219.35.9000;7219.90.1010;7219.90.1090;7219.90.9000;7220.11.1010;7220.11.1090;7220.11.9000;7220.12.1010;7220.12.1090;7220.12.9000;7220.20.1010;7220.20.1090;7220.20.9000;7220.90.1010;7220.90.1090;7220.90.9000,
M113,대만ㆍ태국 및 아랍에미리트연합산 폴리에틸렌 테레프탈레이트(PET) 필름에 대한 덤핑방지관세 부과에 관한 규칙,2022,2021-12-24,2026-12-24,2,0,0,0,N,N,,,3920.62.0000;3920.69.0000,
