bbs_id,press_date,product,countries,case_type,stage,stage_date,determination,petitioners,dumping_margin,proposed_duty,duty_period,price_undertaking,scope_note,note,master_id,ktc_case_no,ktc_title,match_score
00001178,2009-02-27,파티클보드,"태국, 말레이시아",원심,최종판정,2009-02-25,긍정,(사)한국합판보드협회,,7.67%,5년,불명,각종 목재를 미세하게 파쇄한 칩(chip)등의 주원료에 접착제를 첨가하여 성형ㆍ열압한 후 연마가공이하의 수준으로 가공한 보드,"최종 덤핑률 미기재(7.67%는 덤핑률보다 낮은 산업피해율 적용). 신청 덤핑률 46.6~48.6%, 예비판정 덤핑률 9.3~46.6%. 별첨 제목이 'POY 최종판정 참고자료'로 오기",00000282,구제 23-2008-1,타이 및 말레이시아산 파티클보드의 덤핑수입사실 및 국내산업피해유무,1.4
00001185,2009-08-28,차아황산소다,중국,종료재심사,조사개시,2009-08-26,해당 없음,(주)한솔케미칼,,,,불명,,무역위의 '재심사 개시의견' 결정(기재부 개시결정 전 단계). 신청인은 재심사 요청인,00000003,구제 23-2009-7,중국산 차아황산소다의 덤핑방지관세 종료재심사,1.4
00001191,2009-11-27,염화콜린,"미국, 인도, 중국, 캐나다",종료재심사,재심사 판정,2009-11-25,긍정,"(주)코파벧스페셜, (주)코린화학",,10.28~27.55%,3년,불명,,신청인은 '요청인'으로 표기. 원심 '04.10.20~'09.10.19(5년) 10.28~27.55%,00000001,구제 23-2009-5,미국. 인도. 중국. 캐나다산 염화콜린의 덤핑방지관세 종료재심사,1.4
00001193,2009-12-24,스테인레스스틸바,"일본, 인도, 스페인",종료재심사,재심사 판정,2009-12-23,긍정,"포스코특수강(주), (주)세아특수강, (주)동일제강",,"일본 산요사 가격약속, 인도 비라즈사 3.33%, 그 외 업체 15.39%",3년,Y,원형·사각·육각·평강의 봉(Bar),산요사 가격약속 유지를 포함한 연장 판정,00000000,구제 23-2009-1,일본.인도.스페인산 스테인레스스틸바 덤핑방지관세 및 약속의 종료재심사,1.4
00001193,2009-12-24,백상지,"인도네시아, 중국",종료재심사,조사개시,2009-12-23,해당 없음,"한국제지(주), 홍원제지(주)",,,,불명,,무역위 개시 의견 결정(기재부 통보). 기존 조치는 2.22~7.72% 관세(가격약속 포함),,,,
00001194,2010-01-21,프로필렌옥사이드,일본,원심,조사개시,2010-01-20,해당 없음,SKC(주),,,,N,,,00000005,구제 23-2009-9,일본산 프로필렌옥사이드의 덤핑수입사실 및 국내산업피해 유무,1.4
00001196,2010-02-25,합판,말레이시아,원심,조사개시,,해당 없음,(사)한국합판보드협회,,,,불명,"목재를 얇은 단판으로 만들어 방향이 직교토록 접착시킨 적층판으로, 두께 6mm 이상인 후판(厚板) 제품","회의 날짜가 본문에 '‘10.제275차'로 누락됨. 회원사: 성창기업(주), 선창산업(주), 이건산업(주), 동일산업(주) 등",00000006,구제 23-2010-1,말레이시아산 합판의 덤핑수입사실 및 국내산업피해유무,1.4
00001198,2010-04-01,폴리에스테르 장섬유 연신가공사(DTY),"중국, 대만, 말레이시아",종료재심사,재심사 판정,2010-03-31,긍정,"(주)티케이케미칼, 성안합섬(주)",,2.37~8.69%,3년,Y,,"국가별 중국 3.36-8.69%, 대만 2.37-7.35%, 말레이시아 5.59%. 중국 '헹리'사 가격약속 제의 수락. 신청인은 '요청인'으로 표기",00000002,구제 23-2009-6,"중국, 대만, 말레이시아산 폴리에스테르 장섬유 연신가공사의 덤핑방지관세 종료재심사",1.4
00001200,2010-04-30,스테인리스스틸 후판,일본,원심,조사개시,,해당 없음,(주)디케이씨,,,,불명,"스테인리스스틸 후판으로서 두께가 8mm이상 80mm이하이고 너비가 1,000mm이상 3,270mm이하인 제품",본문 회의 날짜가 추출 과정에서 깨짐('10.제277차). 신청일 2010.3.3. 제소자 주장 덤핑률 33.6%,00000007,구제 23-2010-2,일본산 스테인리스스틸 후판의 덤핑수입사실 및 국내 피해유무,1.4
00001201,2010-05-28,플로트 판유리,중국,종료재심사,조사개시,2010-05-26,해당 없음,"(주)케이씨씨, 한국유리공업(주)",,,,N,,무역위의 재심사 개시 의견 결정(기획재정부 개시결정 전),00000008,구제 23-2010-3,중국산 플로트 판유리의 덤핑방지관세 종료재심사,1.4
00001208,2010-07-15,합판,말레이시아,원심,예비판정,,긍정,(사)한국합판보드협회,,,,N,"목재를 얇은 단판으로 만들어 방향이 직교토록 접착시킨 적층판으로, 두께 6mm 이상인 후판(厚板) 제품",회의 날짜가 텍스트에서 누락(제280차 회의); 덤핑률·잠정관세 언급 없음,00000006,구제 23-2010-1,말레이시아산 합판의 덤핑수입사실 및 국내산업피해유무,1.4
00001208,2010-07-15,도자기질 타일,중국,종료재심사,조사개시,,해당 없음,"(주)대동산업, (주)대보세라믹스, (주)한보요업, 성일요업(주)",,,,N,한 변의 길이가 70mm～1300mm의 사각형판 형태의 제품,종료재심사 개시 의견 결정; 회의 날짜 누락,00000009,구제 23-2010-4,중국산 도자기질 타일의 덤핑방지관세 종료재심사,1.4
00001210,2010-09-16,스테인리스스틸 후판,일본,원심,예비판정,2010-09-15,긍정,(주)디케이씨,,,,N,"두께가 8mm 이상 80mm 이하이고 너비가 1,000mm 이상 3,270mm 이하인 제품",텍스트 추출이 뒤섞여 규격 수치 순서를 재구성함,00000007,구제 23-2010-2,일본산 스테인리스스틸 후판의 덤핑수입사실 및 국내 피해유무,1.4
00001211,2010-10-21,아나타제형 이산화티타늄,중국,종료재심사,조사개시,,해당 없음,코스모화학(주),,,,불명,"루타일형은 Mn, Si, Al, Zn 등의 코팅이 되어 있으나 아나타제형은 코팅이 되어 있지 않다는 점에서 차이",제283차 회의 개시 의견 결정. 본문 날짜가 추출에서 깨짐(같은 회의의 백상지 최종판정은 '10.10.20),00000010,구제 23-2010-5,중국산 아나타제형 이산화티타늄의 덤핑방지관세 부과 종료재심사,1.3
00001211,2010-10-21,백상지,"인도네시아, 중국",종료재심사,재심사 판정,2010-10-20,부정,"한국제지(주), 홍원제지(주)",,덤핑방지관세 및 가격약속 종료 건의,,N,,"피해 재발 가능성 없음으로 판정, 기존 가격약속도 종료 건의",00000004,구제 23-2009-8,"인도네시아,중국산 백상지의 덤핑방지관세 종료재심사",1.4
00001214,2010-11-25,파티클보드,"태국, 말레이시아",중간재심사,기타,2010-11-24,부정,"(사)한국가구산업협회, 대한가구산업협동조합연합회, (주)동창, 경성목재(주), (주)서영건재, (주)리바트, (주)퍼시스, (주)한샘, (주)보루네오가구, 장인가구(주)",,,,N,,상황변동재심(반덤핑관세 철회 요청) 조사를 개시하지 않기로 의견 결정; 요청인은 수요자(가구업계); 괄호 위치가 깨진 텍스트에서 이름 재구성,,,,
00001214,2010-11-25,파티클보드,태국,중간재심사,기타,2010-11-24,부정,,,,,N,,태국 바나차이社(국외 공급자)가 요청한 덤핑률 변경 상황변동재심 조사를 개시하지 않기로 의견 결정; 국내 신청인 없음,,,,
00001218,2010-12-16,합판,말레이시아,원심,최종판정,2010-12-15,긍정,(사)한국합판보드협회,,5.12~38.10%,3년,N,"목재를 얇은 단판으로 만들어 방향이 직교토록 접착시킨 적층판으로, 두께 6mm 이상인 후판(厚板) 제품",덤핑률은 따로 적지 않고 업체별 관세율만 적음,00000006,구제 23-2010-1,말레이시아산 합판의 덤핑수입사실 및 국내산업피해유무,1.4
00001219,2011-02-24,스테인리스스틸후판,일본,원심,최종판정,,긍정,,,13.17%,,불명,,텍스트 추출이 거의 깨져 제목과 '13.17%'만 판독됨. 13.17%가 덤핑방지관세율로 보이나 본문 확인 불가. 원문 PDF 재확인 필요,00000007,구제 23-2010-2,일본산 스테인리스스틸 후판의 덤핑수입사실 및 국내 피해유무,1.4
00001220,2011-03-24,플로트 판유리,중국,종료재심사,재심사 판정,2011-03-23,긍정,"(주)케이씨씨, 한국유리공업(주)",,12.04~36.01%,3년,N,,,00000008,구제 23-2010-3,중국산 플로트 판유리의 덤핑방지관세 종료재심사,1.4
00001220,2011-03-24,초산에틸,"중국, 일본, 싱가포르",종료재심사,조사개시,2011-03-23,해당 없음,한국알콜산업(주),,,,N,,재심사 개시 의견 결정(기획재정부 개시 확정 전),00000011,구제 23-2011-1,"중국, 싱가포르 및 일본산 초산에틸의 덤핑방지관세 부과 종료재심사",1.4
00001222,2011-05-26,도자기질 타일,중국,종료재심사,재심사 판정,2011-05-25,긍정,"(주)대동산업, (주)대보세라믹스, (주)한보요업, 성일요업(주)",,9.14~29.41%,3년,N,,,00000009,구제 23-2010-4,중국산 도자기질 타일의 덤핑방지관세 종료재심사,1.4
00001222,2011-05-26,PET필름,"중국, 인도",종료재심사,조사개시,2011-05-25,해당 없음,"도레이첨단소재(주), 코오롱인더스트리(주), (주)효성, (주)화승인더스트리",,,,불명,,무역위 개시 의견 결정(기재부 통보 예정),00000012,구제 23-2011-2,"중국, 인도산 PET필름의 덤핑방지 관세 부과 종료재심사",1.4
00001222,2011-05-26,크라프트지,"러시아, 미국, 인도네시아, 중국, 캐나다",종료재심사,조사개시,2011-05-25,해당 없음,"쌍용제지(주), 케이지피(주)",,,,불명,,무역위 개시 의견 결정(기재부 통보 예정),00000118,구제 23-2011-3,"러시아, 미국, 인도네시아, 중국 및 캐나다산 크라프트지의 덤핑방지관세 종료재심사",1.4
00001223,2011-07-21,아나타제형 이산화티타늄,중국,종료재심사,재심사 판정,2011-07-20,부정,(주)코스모화학,,,,불명,아나타제형 이산화티타늄(섬유용은 제외),덤핑방지관세(4.86~23.08%) 종료를 건의(피해 재발가능성 없음). 텍스트 추출이 깨져 '주 코스모화학'으로 읽힘. 1차 종료재심 연장('08.3~) 뒤의 재심,00000010,구제 23-2010-5,중국산 아나타제형 이산화티타늄의 덤핑방지관세 부과 종료재심사,1.3
00001224,2011-08-29,폴리에스터 장섬유 부분 연신사(POY),"대만, 중국",종료재심사,조사개시,2011-08-24,해당 없음,"(주)티케이케미칼, 성안합섬(주)",,,,불명,,무역위원회의 종료재심사 개시 '의견' 결정(개시결정은 기획재정부). 현행 부과 '09.1.21~'12.1.20(3년) 2.97~6.26%. 본문 보도일은 2011-08-25,00000013,구제 23-2011-4,대만 및 중국산 폴리에스터 장섬유 부분연신사의 덤핑방지관세 종료재심사,1.4
00001228,2012-01-20,초산에틸,"중국, 싱가포르, 일본",종료재심사,재심사 판정,2012-01-18,긍정,한국알콜산업(주),,3.14~14.17%,3년,불명,,원심 '08.8.25~'11.8.24 5.81~14.17%. 신청인은 '요청인'으로 표기,00000011,구제 23-2011-1,"중국, 싱가포르 및 일본산 초산에틸의 덤핑방지관세 부과 종료재심사",1.4
00001228,2012-01-20,알루미늄 보틀캔,일본,원심,조사개시,2012-01-18,해당 없음,주식회사 테크팩솔루션,,,,불명,알루미늄을 주원료로 하는 병모양의 용기(용적 1리터 미만); HSK 7612.90.9010(용적이 1리터 미만인 알루미늄 용기),신청인 주장 덤핑률 34.47%(판정 아님). 본문 표기는 '(주)테크팩솔루션',00000119,구제 23-2011-4,일본산 알루미늄 보틀캔의 덤핑수입사실 및 국내산업피해유무 조사,1.4
00001230,2012-02-23,크라프트지,"러시아, 미국, 인도네시아, 중국, 캐나다",종료재심사,재심사 판정,2012-02-22,긍정,"쌍용제지(주), 케이지피(주)",,4.03~10.79%,3년,N,,"본문은 신청 '지난해 5월', 붙임은 '11.4.22 요청. 원심 조치기간 종료일이 붙임에 '11.8.26으로 적혀 다른 자료('11.10.26)와 다름",00000118,구제 23-2011-3,"러시아, 미국, 인도네시아, 중국 및 캐나다산 크라프트지의 덤핑방지관세 종료재심사",1.4
00001231,2012-03-29,PET필름,"중국, 인도",종료재심사,재심사 판정,2012-03-28,긍정,"도레이첨단소재(주), 코오롱인더스트리(주), (주)효성, (주)화승인더스트리",,5.87%~25.32%,3년,N,,건의율 하한 5.87%가 기존 부과율 하한 5.67%와 달라 오기 가능성,00000012,구제 23-2011-2,"중국, 인도산 PET필름의 덤핑방지 관세 부과 종료재심사",1.4
00001240,2012-09-27,염화콜린,"미국, 인도, 중국, 캐나다",종료재심사,조사개시,2012-08-31,해당 없음,"(주)코파벧스페셜, (주)코린화학",,,,불명,,"2차 재심. 무역위 개시 의견 결정 '12.8.31, 기재부 개시결정 관보 게재 '12.9.26",00000016,구제 23-2012-1,"미국, 인도, 중국 및 캐나다산 염화콜린에 대한 덤핑방지관세부과 종료재심사",1.4
00001240,2012-09-27,스테인리스스틸바,"일본, 인도, 스페인",종료재심사,조사개시,2012-09-20,해당 없음,"(주)세아특수강, 동일제강(주), 동부특수강(주), 동방금속공업(주)",,,,불명,횡단면이 전체를 통하여 균일하고 중공이 없는 원형강·각강·육각강·평강인 제품,2차 재심 개시 의견 결정. 본문의 요청 사유 문장이 염화콜린으로 잘못 적혀 있음(복사 오기),00000017,구제 23-2012-2,"일본, 인도 및 스페인산 스테인리스스틸바에 대한 덤핑방지조치 종료재심사",1.4
00001242,2012-11-14,알루미늄 보틀캔,일본,원심,최종판정,2012-10-31,긍정,(주)테크팩솔루션,,4.59%,3년,N,알루미늄을 주원료로 하는 병모양의 용기(용적 1리터 미만),입력 제목은 '보들캔'; 생산기간 1년 미만 신규사업의 산업 확립 지연 판정 첫 사례,00000119,구제 23-2011-4,일본산 알루미늄 보틀캔의 덤핑수입사실 및 국내산업피해유무 조사,1.4
00001243,2012-11-23,합판,중국,원심,조사개시,2012-11-05,해당 없음,(사)한국합판보드협회,,,,불명,"목재를 얇은 단판으로 만들어 방향이 직교토록 접착시킨 적층판으로, 두께 6mm 이상인 후판(厚板) 제품",본문은 결정일을 '12.11.5로 적었으나 회의는 11.21(제309차). 00001249는 개시를 '12.11.9로 적음,00000018,구제 23-2012-3,중국산 합판의 덤핑사실 및 국내산업피해유무 최종판정,1.4
00001246,2013-01-24,폴리프로필렌 연신 필름(OPP필름),"중국, 인도네시아, 태국",원심,조사개시,2013-01-23,해당 없음,"삼영화학공업(주), (주)필맥스, (주)화승인더스트리",,,,불명,품명: 두께가 10마이크론 이상인 폴리프로필렌 연신 필름,"본문은 '삼영화학공업(주), (주)필맥스 등'; 신청인 3개사는 붙임에서",00000120,구제 23-2012-4,"중국, 인도네시아 및 태국산 폴리프로필렌 연신필름(OPP필름)에 대한 덤핑사실 및 국내산업피해유무 조사",1.4
00001249,2013-03-21,합판,중국,원심,예비판정,2013-03-20,긍정,(사)한국합판보드협회,3.75%~35.70%,잠정덤핑방지관세 3.75%~35.70%(예비덤핑률만큼),,N,"목재를 얇은 단판으로 만들어 방향이 직교토록 접착시킨 적층판으로, 두께 6mm 이상인 후판(厚板) 제품",조사개시일을 '12.11.9로 적음(00001243은 '12.11.5),00000018,구제 23-2012-3,중국산 합판의 덤핑사실 및 국내산업피해유무 최종판정,1.4
00001252,2013-05-23,염화콜린,"미국, 인도, 중국, 캐나다",종료재심사,재심사 판정,2013-05-22,긍정,"(주)코파벧스페셜, (주)코린화학",,22.19~27.32%,3년,N,,,00000016,구제 23-2012-1,"미국, 인도, 중국 및 캐나다산 염화콜린에 대한 덤핑방지관세부과 종료재심사",1.4
00001252,2013-05-23,폴리프로필렌연신필름(OPP필름),"중국, 인도네시아, 태국",원심,예비판정,2013-05-22,긍정,"삼영화학공업(주), (주)필맥스, (주)화승인더스트리",,,,N,두께가 10마이크론 이상인 OPP 연신 필름,"본문은 '삼영공업화학(주) 등 3개사', 참고자료는 '삼영화학공업(주)'; 건의 관세율 미기재",00000120,구제 23-2012-4,"중국, 인도네시아 및 태국산 폴리프로필렌 연신필름(OPP필름)에 대한 덤핑사실 및 국내산업피해유무 조사",1.4
00001255,2013-07-25,스테인리스 스틸바,"일본, 인도, 스페인",종료재심사,재심사 판정,2013-07-24,긍정,"세아특수강, 동일제강, 동부특수강, 대호피앤씨",,2.76~15.39%,3년,불명,,"요청인 표기가 본문 '동일제강', 참고자료 '동일특수강'으로 불일치(본문 따름). 원심 '04.7.30~, 1차재심 '10.2.24~'13.2.23 뒤의 재심. 국가별 일본 15.39%, 인도 2.76~15.39%, 스페인 15.39%",00000017,구제 23-2012-2,"일본, 인도 및 스페인산 스테인리스스틸바에 대한 덤핑방지조치 종료재심사",1.4
00001256,2013-08-22,합판,중국,원심,최종판정,2013-08-21,긍정,(사)한국합판보드협회,2.42~27.21%,2.42~27.21%,3년,불명,,"덤핑률은 붙임 표('덤핑률' 행)의 값으로 관세율과 같음(업체별 2.42~27.21%, 그 밖의 공급자 17.48%). 불공정무역행위 2건은 행 만들지 않음",00000018,구제 23-2012-3,중국산 합판의 덤핑사실 및 국내산업피해유무 최종판정,1.4
00001262,2013-11-25,두꺼운 폴리에스터 필름(PET필름),일본,원심,조사개시,2013-11-22,해당 없음,"SKC(주), 도레이첨단소재(주), 코오롱인더스트리(주)",,,,N,"두께 105㎛ 이상, 흐림도 15% 이하인 투명한 PET 필름. 다만 두께 1㎛ 이상의 코팅·인쇄·증착·라미네이션 등 추가가공을 거친 가공필름은 제외",,00000140,구제 23-2013-2,일본산 두꺼운 PET필름,1.4
00001266,2014-03-04,공기압 전송용 밸브,일본,원심,조사개시,2014-02-27,해당 없음,"(주)티피씨메카트로닉스, 케이시시정공(주)",,,,불명,"내경 320㎜ 이하 공압실린더 등 액츄에이터 구동용, 관로상 압력 10bar 미만 압축공기의 방향을 제어하는 공기압 전송용 밸브 및 유사 동종물품","본문 표기는 (주)TPC메카트로닉스, (주)KCC정공. 신청인 주장 덤핑률 98.71%",00000136,구제 23-2013-5,일본산 공기압 전송용 밸브의 덤핑사실 및 국내산업피해유무 조사,1.4
00001266,2014-03-04,도자기질 타일,중국,종료재심사,조사개시,2014-02-27,해당 없음,"(주)대동산업, (주)대보세라믹스, (주)한보요업, 성일요업(주)",,,,불명,"가로 및 세로의 길이가 70mm～1,300mm이내의 사각판 형태의 제품",2차 재심 개시 결정,00000123,구제 23-2014-2,중국산 도자기질 타일 덤핑방지관세 부과 종료재심사,1.4
00001266,2014-03-04,폴리에스터 장섬유 부분연신사(POY),"대만, 중국",종료재심사,조사개시,2014-02-27,해당 없음,"(주)티케이케미칼, 성안합섬(주)",,,,불명,,,00000124,구제 23-2014-3,대만 및 중국산 폴리에스테르 장섬유 부분연신사 덤핑방지관세부과 종료재심사,1.4
00001266,2014-03-04,합판,중국,불명,조사개시,2014-02-27,해당 없음,,,,,불명,6mm이상인 후판(厚板) 제품,"신규공급자 조사. 신청인은 중국 공급자(꿰이강 웨이추앙, 꿰이강 동하이, 허저 성화)라 petitioners 비움",00000550,구제 23-2014-1,중국산 합판 신규공급자(꿰이강 웨이추앙)에 대한 별도의 덤핑방지관세율 부과여부 조사,1.2
00001269,2014-10-06,공기압 전송용 밸브,일본,원심,예비판정,2014-06-26,긍정,"(주)티피씨메카트로닉스, 케이시시정공(주)",,,,N,내경 320㎜ 이하의 공압실린더 등의 액츄에이터를 구동시키기 위해 관로상의 압력이 10bar 미만인 압축공기의 방향을 제어하는 기계 장치,"본문 날짜 누락, stage_date는 입력 제목(제329차, 2014.06.26)에서; 본문은 신청인을 (주)TPC메카트로닉스, (주)KCC정공으로 표기; 잠정조치 언급 없음",00000136,구제 23-2013-5,일본산 공기압 전송용 밸브의 덤핑사실 및 국내산업피해유무 조사,1.4
00001270,2014-10-06,합판,중국,불명,최종판정,2014-07-24,긍정,,,"꿰이강 동하이 4.54%, 꿰이강 웨이추앙(관계사 꿰이강 지에셍) 4.46%, 허저 성화 17.48% 유지",,N,6mm 이상인 후판(厚板)제품,신규공급자 조사 최종판정. 신청인이 중국 공급자라 petitioners 비움. 보도자료 본문 날짜는 2014-07-25,00000550,구제 23-2014-1,중국산 합판 신규공급자(꿰이강 웨이추앙)에 대한 별도의 덤핑방지관세율 부과여부 조사,1.2
00001270,2014-10-06,H형강,중국,원심,조사개시,2014-07-24,해당 없음,"현대제철(주), 동국제강(주)",,,,불명,구조용 형강 중 좌우대칭형태로 단면이 H형상을 한 물품 중 높이가 80밀리미터 이상인 것,신청인 주장 덤핑률 21.6%,00000134,구제 23-2014-5,중국산 H형강 반덤핑 조사,1.4
00001273,2014-10-06,에탄올아민,"미국, 말레이시아, 태국, 일본",원심,최종판정,2014-09-25,긍정,KPX그린케미칼(주),,4.36%~21.79%,3년,N,"모노에탄올아민(MEA), 디에탄올아민(DEA), 트리에탄올아민(TEA) 3가지 모두를 포함","본문 회의 날짜 깨짐, 날짜는 붙임 경과의 최종판정일. 보도자료는 관세율만 제시(덤핑률 별도 표기 없음)",00000139,구제 23-2013-3,"미국, 말레이시아, 태국 및 일본산 에탄올아민의 덤핑사실 및 국내산업피해유무 조사",1.4
00001273,2014-10-06,폴리에스테르 장섬유 부분연신사(POY),"말레이시아, 태국, 인도",원심,예비판정,2014-09-25,긍정,"(주)티케이케미칼, 성안합섬(주)",,,,불명,,예비 긍정 판정만 적혀 있고 잠정관세 건의 여부나 예비덤핑률은 없음. 날짜는 같은 회의(제333차) 기준,00000125,구제 23-2014-4,"말레이시아, 태국 및 인도산 폴리에스테르장섬유부분연신사 덤핑사실 및 국내산업피해조사",1.33
00001281,2015-01-27,공기압 전송용 밸브,일본,원심,최종판정,2015-01-20,긍정,"(주)티피씨메카트로닉스, 케이시시정공(주)",,11.66%~22.77%,5년,N,내경 320㎜ 이하의 공압실린더 등의 액츄에이터를 구동시키기 위해 관로상의 압력이 10bar 미만인 압축공기의 방향을 제어하는 기계 장치,stage_date는 참고자료의 최종 판정일,00000136,구제 23-2013-5,일본산 공기압 전송용 밸브의 덤핑사실 및 국내산업피해유무 조사,1.4
00001287,2015-05-28,H형강,중국,원심,최종판정,,긍정,"현대제철(주), 동국제강(주)",,28.23~32.72%,5년,Y,구조용 형강 중 좌우대칭형태로 단면이 H형상을 한 것으로 높이가 80밀리미터 이상인 것,"진시스틸 등 7개사 가격약속 수락으로 조사 중지, 나머지 공급자에 관세; 텍스트에 날짜가 잘려 판정일 불명",00000134,구제 23-2014-5,중국산 H형강 반덤핑 조사,1.4
00001289,2015-08-27,초산에틸,인도,원심,최종판정,,긍정,한국알콜산업(주),,8.56~19.84%,3년,N,,"회의 날짜가 추출 과정에서 깨짐('15.), 제345차). 제시된 율은 공급자별 덤핑방지관세율(덤핑률 별도 표기 없음). 개시 공고일 '14.11.20",00000133,구제 23-2014-7,인도산 초산에틸에 대한 덤핑사실 및 국내산업피해 유무 조사,1.4
00001289,2015-08-27,초산에틸,"중국, 싱가포르, 일본",종료재심사,재심사 판정,,긍정,한국알콜산업(주),,4.64~17.76%,3년,N,,2차재심. 회의 날짜가 추출 과정에서 깨짐. 개시 공고일 '14.11.24,00000135,구제 23-2014-6,"중국, 싱가포르 및 일본산 초산에틸  덤핑방지관세 종료 재심사 조사",1.4
00001290,2015-09-24,PET필름,"중국, 인도",종료재심사,재심사 판정,,긍정,"도레이첨단소재(주), 코오롱인더스트리(주), (주)효성, (주)화승인더스트리",,7.42~12.92%,3년,N,,2차 재심. 제346차 회의 날짜가 추출에서 깨짐,00000142,구제 23-2014-8,중국 및 인도산 PET필름에 대한 덤핑방지조치의 종료재심사,1.3
00001294,2016-01-05,H형강,중국,원심,최종판정,,긍정,"현대제철(주), 동국제강(주)",,28.23~32.72%,5년,Y,구조용 형강 중 좌우대칭형태로 단면이 H형상을 한 것으로 높이가 80밀리미터 이상인 것,"진시스틸 등 7개사 가격인상약속 수락으로 조사중지, 나머지 공급자(홍룬스틸 32.72%, 그 밖의 28.23%)에 최종판정. 텍스트가 곳곳에서 깨져 판정일 확인 불가. 본문 보도일은 2015-05-29로 입력 등록일과 다름",,,,
00001295,2016-01-05,코팅된 루타일형 이산화티타늄,중국,원심,조사개시,,해당 없음,코스모화학(주),,,,불명,염소법으로 제조된 루타일형 이산화티타늄은 황산법 제품보다 고품질로 용도가 다르기 때문에 조사대상에서 제외,개시 결정 날짜 없음(신청 '15.12.8). 신청인 주장 덤핑률 20.1%,00000543,구제 23-2015-4,중국산 루타일형 이산화티타늄에 대한 덤핑사실 및 국내산업피해 유무 조사,1.4
00001296,2016-01-05,침엽수 합판,중국,원심,최종판정,2015-12-21,긍정,(사)한국합판보드협회,,4.22~7.15%,4년,N,"양쪽 외면의 단판이 침엽수 목재(대나무, 활엽수 및 열대산 목재가 아닌 것)로 이루어진 두께 6㎜ 이상 후판. 모든 단판의 섬유 방향이 서로 평행한 것은 제외",잠정관세 3.4~5.9% 부과중. 활엽수 합판 관세 부과 후 외피를 침엽수로 변경한 합판 수출 급증 서술(우회 성격). 보도시점은 '15.12.22,00000143,구제 23-2015-1,중국산 침엽수 합판에 대한 덤핑사실 및 국내산업피해유무 조사,1.4
00001296,2016-01-05,부틸 글리콜 에테르,"미국, 프랑스",원심,조사개시,2015-12-21,해당 없음,롯데케미칼(주),,,,불명,에틸렌글리콜 모노부틸에테르와 디에틸렌글리콜 모노부틸에테르를 말함,"신청인 주장 덤핑률 미국 64.9%, 프랑스 20.1%",00000175,구제23 2015-3,미국 및 프랑스산 부틸 글리콜에테르 반덤핑조사(원심),1.3
00001297,2016-04-29,부틸 글리콜 에테르,"미국, 프랑스",원심,예비판정,2016-04-28,긍정,롯데케미칼(주),,,,N,에틸렌글리콜 모노부틸에테르와 디에틸렌글리콜 모노부틸에테르를 말함,잠정조치 언급 없음,00000175,구제23 2015-3,미국 및 프랑스산 부틸 글리콜에테르 반덤핑조사(원심),1.3
00001303,2016-08-17,스테인리스스틸 후판,일본,종료재심사,재심사 판정,2016-06-24,긍정,(주)디케이씨,,13.17%,3년,N,"두께 8mm이상 80mm이하, 너비 1,000mm이상 3,270mm이하 열간압연 강판. 단, 코일형태의 제품 및 원심에서 덤핑방지관세를 부과하지 않은 제품은 제외",신청인은 재심사 요청인. 보도시점 2016-06-25(입력 등록일과 다름),00000544,구제 23-2015-2,일본산 스테인리스스틸 후판에 대한 덤핑방지조치의 종료재심사,1.4
00001339,2017-01-23,인쇄제판용 평면모양 사진플레이트(옵셋인쇄판),중국,원심,예비판정,2017-01-20,긍정,제일씨앤피(주),5.73~10.00%,5.73~10.00%(잠정),,불명,"각 변의 길이가 255mm를 초과하는 것. 다만, 포토폴리머 바이올렛판, 재생판, 더블레이어판은 제외함",00001358과 같은 내용,00000559,구제23-2016-4,중국산 옵셋 인쇄판에 대한 덤핑사실 및 국내산업피해 유무 조사,1.4
00001351,2017-03-09,활엽수 합판,"말레이시아, 중국",종료재심사,재심사 판정,2017-02-17,긍정,(사)한국합판보드협회,,"말레이시아 3.96~38.10%, 중국 4.57~27.21%",3년,N,두께 6mm 이상인 후판(厚板) 제품 (침엽수합판 제외),본문은 (사)합국합판보드협회로 오기. 말레이시아('11.2~)와 중국('13.10~) 원심이 별개인데 한 재심으로 묶어 발표,00000556,구제 23-2016-1,말레이시아산 합판에 대한 덤핑방지관세 부과 종료재심사,1.2
00001354,2017-03-09,H형강,중국,원심,최종판정,,긍정,"현대제철(주), 동국제강(주)",,"홍룬스틸 32.72%, 그 밖의 공급자 28.23%(진시스틸 등 7개사는 가격약속)",5년,Y,구조용 형강 중 좌우대칭형태로 단면이 H형상을 한 것으로 높이가 80밀리미터 이상인 것,본문 보도일은 2015-05-29로 등록일과 다름. 최종판정·가격약속 수락 날짜가 추출에서 깨짐,,,,
00001355,2017-03-09,부틸 글리콜 에테르,"미국, 프랑스",원심,최종판정,2016-07-28,긍정,롯데케미칼(주),,20.10%~25.00%,5년,불명,"부탄올과 에틸렌 옥사이드를 가압, 가열하여 반응시킨 후 증류를 거쳐 얻은 유기화합물 중 에틸렌글리콜 모노부틸에테르와 디에틸렌글리콜 모노부틸에테르를 말함",본문 보도일은 2016-07-29로 입력 등록일과 다름. 예비판정 '16.4월,00000175,구제23 2015-3,미국 및 프랑스산 부틸 글리콜에테르 반덤핑조사(원심),1.3
00001357,2017-03-09,페로실리코망간,"베트남, 우크라이나, 인도",원심,조사개시,,해당 없음,"(주)동부메탈, (주)심팩메탈, (주)심팩메탈로이, 태경산업(주)",,,,불명,,"개시 결정 날짜 없음(배포 2016-12-08, 보도 2016-12-09로 등록일과 다름)",00000619,구제 23-2016-5,"베트남, 우크라이나 및 인도산 페로실리코망간 반덤핑조사",1.4
00001358,2017-03-09,인쇄제판용 평면모양 사진플레이트(옵셋인쇄판),중국,원심,예비판정,2017-01-20,긍정,제일씨앤피(주),5.73~10.00%,5.73~10.00%(잠정),,불명,"각 변의 길이가 255mm를 초과하는 것. 다만, 포토폴리머 바이올렛판, 재생판, 더블레이어판은 제외함",00001339와 같은 내용,00000559,구제23-2016-4,중국산 옵셋 인쇄판에 대한 덤핑사실 및 국내산업피해 유무 조사,1.4
00001363,2017-03-20,스테인리스스틸바,"일본, 인도, 스페인",종료재심사,재심사 판정,2017-03-17,긍정,"세아창원특수강㈜, ㈜세아특수강, 동일제강㈜",,3.56~15.39%,3년,N,횡단면이 전체를 통하여 균일하고 중공(中空)이 없는 원형강·각강·육각강·평강인 제품,,00000560,구제 23-2016-3,"일본, 인도 및 스페인산 스테인리스스틸 바에 대한 덤핑방지조치의 종료재심사",1.4
00001366,2017-04-28,페로실리코망간,"베트남, 우크라이나, 인도",원심,예비판정,2017-04-21,긍정,"(주)동부메탈, (주)심팩메탈로이, (주)심팩메탈, 태경산업(주)",6.08~32.21%,6.08~32.21%(잠정),,불명,,"붙임 신청인 표기는 주식회사 표시 없이 동부메탈, 심팩메탈로이, 심팩메탈, 태경산업",00000619,구제 23-2016-5,"베트남, 우크라이나 및 인도산 페로실리코망간 반덤핑조사",1.4
00001366,2017-04-28,PET 필름,"대만, 태국, UAE",원심,조사개시,2017-04-21,해당 없음,SKC(주),,,,불명,,신청인은 'SKC(주) 등 국내 5개 업체'로만 적혀 나머지 4개사 이름 없음,00000621,구제 23-2017-1호,"대만, 태국 및 아랍에미리트연합산 PET 필름",1.4
00001367,2017-05-22,인쇄제판용 평면모양 사진플레이트(옵셋인쇄판),중국,원심,최종판정,2017-05-19,긍정,제일씨앤피(주),,5.86~10.21%,5년,N,"각 변의 길이가 255mm를 초과하는 것. 다만, 포토폴리머 바이올렛판, 재생판, 더블레이어판은 제외함",,00000559,구제23-2016-4,중국산 옵셋 인쇄판에 대한 덤핑사실 및 국내산업피해 유무 조사,1.4
00001372,2017-07-10,도공(Coated) 인쇄용지,"일본, 중국, 핀란드",원심,조사개시,2017-07-10,해당 없음,"한솔제지㈜, 한국제지㈜, 홍원제지㈜",,,,불명,"백상지, 도공 원지에 고령토나 무기물질을 도포한 인쇄용지 중 1제곱미터당 중량이 55그램 초과 110그램 이하인 제품","배포일은 2017-07-07, 개시일 7.10은 관보 게재일로 보임",00000625,구제 23-2017-2호,"일본, 중국, 핀란드산 도공(Coated) 인쇄용지의 덤핑사실 및 국내산업피해 유무 조사",1.4
00001373,2017-07-31,아연도금철선,중국,원심,조사개시,2017-08-01,해당 없음,"한국선재㈜, ㈜대아선재, 진흥철강㈜, 한일스틸㈜",,,,불명,철이나 비합금강 또는 저합금강에 아연을 용융 또는 전기도금한 것으로 탄소함유량이 전체 중량의 0.25% 미만인 원형 또는 원형에 가까운 철선,개시 결정일은 본문 '8.1일'(배포일 2017-07-28),00000626,구제 23-2017-3호,중국산 아연도금철선에 대한 덤핑사실 및 국내산업피해유무 조사,1.4
00001433,2017-09-26,PET 필름,"대만, 태국, UAE",원심,예비판정,2017-08-25,긍정,"SKC㈜, 도레이첨단소재㈜, 코오롱인더스트리㈜, ㈜효성, ㈜화승인더스트리",3.92~51.86%,잠정덤핑방지관세 3.92~51.86%,,N,"단, 코팅 두께가 0.25㎛를 초과하는 것, 금속증착 필름 및 유채색 필름은 제외",본문은 '에스케이씨㈜ 등 5개 업체'. 보도시점 2017-08-26(입력 등록일과 다름),00000621,구제 23-2017-1호,"대만, 태국 및 아랍에미리트연합산 PET 필름",1.4
00001434,2017-09-26,페로실리코망간,"베트남, 우크라이나, 인도",원심,최종판정,2017-09-14,긍정,"동부메탈, 심팩메탈, 심팩메탈로이, 태경산업",,4.06~19.06%,5년,불명,,잠정관세 6.08~32.21% '17.5.31부터 부과중. 본문 보도일 2017-09-15. 인조네일 불공정무역행위 건은 행 만들지 않음,00000619,구제 23-2016-5,"베트남, 우크라이나 및 인도산 페로실리코망간 반덤핑조사",1.4
00001444,2017-11-16,도공 인쇄용지,"일본, 중국, 핀란드",원심,예비판정,2017-11-16,긍정,"한솔제지㈜, 한국제지㈜, 홍원제지㈜",4.64~56.30%,4.64~56.30%(잠정),,불명,백상지 또는 도공원지에 무기물질을 코팅한 도공 인쇄용지 중 1제곱미터 당 중량이 55그램 초과 110그램 이하인 제품,"덤핑률은 예비덤핑률. 국가별 일본 56.30%, 중국 8.98~12.12%, 핀란드 4.64~10.51%",00000625,구제 23-2017-2호,"일본, 중국, 핀란드산 도공(Coated) 인쇄용지의 덤핑사실 및 국내산업피해 유무 조사",1.4
00001450,2017-12-29,아연도금철선,중국,원심,예비판정,2017-12-21,긍정,"한국선재㈜, ㈜대아선재, 진흥철강㈜, 한일스틸㈜",4.43~15.71%,4.43~15.71%,,N,아연을 용융 또는 전기도금한 것으로 탄소함유량이 전체 중량의 0.25% 미만인 원형의 철선,잠정덤핑방지관세 건의; 그 밖의 공급자 8.12%,00000626,구제 23-2017-3호,중국산 아연도금철선에 대한 덤핑사실 및 국내산업피해유무 조사,1.4
00001456,2018-01-18,PET 필름,"대만, 태국, UAE",원심,최종판정,2018-01-18,긍정,"SKC㈜, 도레이첨단소재㈜, 코오롱인더스트리㈜, ㈜효성, ㈜화승인더스트리",3.67~60.95%,3.67~60.95%,5년,N,"코팅 두께가 0.25㎛를 초과하는 것, 금속증착 필름 및 유채색 필름은 제외",,00000621,구제 23-2017-1호,"대만, 태국 및 아랍에미리트연합산 PET 필름",1.4
00001463,2018-03-23,에탄올아민,"미국, 말레이시아, 태국, 일본",종료재심사,기타,2018-03-22,해당 없음,KPX그린케미칼(주),,,,N,,공청회 개최; 재심사 진행 중(최종판정 2018.5월 예정),00000624,구제 23-2017-4,"미국, 말레이시아, 태국 및 일본산 에탄올아민 덤핑방지관세부과 종료재심사",1.4
00001465,2018-04-13,공기압 밸브,일본,원심,기타,,해당 없음,,,,,불명,,"WTO 분쟁 패널 보고서 회람('18.4.12) 보도. 무역위 최종판정 '15.1.20, 기재부 11.66~22.77% 부과 '15.8.19. 본문 배포일시는 2017.4.13으로 오기",,,,
00001475,2018-07-23,도자기질 타일,중국,종료재심사,재심사 판정,2018-07-19,긍정,"대동산업(주), ㈜대보세라믹스, ㈜한보요업, 성일요업(주)",,9.06~29.41%,3년,N,"가로 및 세로의 길이가 70mm～1,300mm의 사각판 형태의 제품",신청인은 재심사 요청인. 붙임의 '부과중인 덤핑률'은 9.07~29.41%로 본문(9.06)과 다름,00000627,구제23-2017-07호,중국산 도자기질타일에 대한 덤핑방지관세부과 종료재심사,1.4
00001482,2018-09-20,스테인리스 스틸바,"대만, 이탈리아",원심,예비판정,2018-09-20,긍정,"㈜세아창원특수강, ㈜세아특수강, 동일제강㈜",9.68~18.56%,9.68~18.56%(잠정),,불명,"가운데에 구멍이 있는 것, 일부 직사각형 규격, 자동차 엔진밸브용 내열강 21-4NNbW, 마디 있는 콘크리트 보강용 철근은 부과대상에서 제외",덤핑률은 예비덤핑률. 본문의 부과대상 물품(21-4NNbW·철근 제외 포함)과 붙임의 조사대상물품 정의(구멍·규격만)가 다름. 이탈리아 11.02~13.08%,00000641,구제 23-2018-1호,대만 및 이탈리아산 스테인리스 스틸바의 덤핑사실 및 국내산업피해 유무 조사,1.4
00001483,2018-10-15,비도공지,"중국, 인도네시아, 브라질",원심,조사개시,2018-10-16,해당 없음,한국제지(주),,,,불명,"평량이 60g/㎡ 이상 150g/㎡ 이하인 비도공지로서, A3·A4·B4·B5·원지 규격으로 재단된 것",개시 결정일은 본문 '10.16일'(배포일 2018-10-15),00000653,구제 23-2018-6호,"중국, 인도네시아 및 브라질산 비도공지의 덤핑사실 및 국내산업피해 유무 조사",1.4
00001497,2018-12-27,초산에틸,인도,불명,기타,2018-12-27,해당 없음,한국알콜산업 주식회사,,,,불명,원료와 제조공법 여부를 불문하고 화학식이 CH3COOC2H5인 액체상태의 화학물질,산업피해 공청회. '1차 재심사'라고만 적어 재심 종류 미기재. 원심 '15.11.19~'18.11.18 8.56~19.84%. 요청인 제시 덤핑률 22.20%,00000646,구제 23-2018-3호,인도산 초산에틸에 대한 덤핑방지관세부과 종료재심사,1.2
00001498,2018-12-27,초산에틸,"중국, 싱가포르, 일본",종료재심사,기타,2018-12-27,해당 없음,한국알콜산업 주식회사,,,,불명,원료와 제조공법 여부를 불문하고 화학식이 CH3COOC2H5인 액체상태의 화학물질,3차 재심 산업피해 공청회. 요청인 제시 덤핑률 17.84~37.98%. 현 부과율 4.64~17.76%,00000645,구제 23-2018-2호,"중국, 싱가포르 및 일본산 초산에틸에 대한 덤핑방지관세부과 종료재심사",1.4
00001517,2019-02-21,스테인리스 스틸바,"대만, 이탈리아",원심,최종판정,2019-02-21,긍정,"㈜세아창원특수강, ㈜세아특수강, 동일제강㈜",,9.47~18.56%,5년,불명,"국내생산자가 생산하지 않는 자동차부품용 등 9개 품목(23-8N, 21-4N, 21-4NNbW, 21-2N, 440B, 415M, AISI 430F, Magival, 철근)을 부과대상에서 제외","국가별 대만 9.47~18.56%, 이탈리아 10.21~13.74%. 참고의 제외물품 목록은 Magival 대신 430FR를 적음",00000641,구제 23-2018-1호,대만 및 이탈리아산 스테인리스 스틸바의 덤핑사실 및 국내산업피해 유무 조사,1.4
00001517,2019-02-21,비도공지,"중국, 인도네시아, 브라질",원심,예비판정,2019-02-21,긍정,한국제지(주),,,,불명,"비도공지로써 A3, A4, B4, B5, 복사용원지(850mm*900mm, 780mm*1100mm)의 규격으로 재단된 것",예비덤핑률과 잠정관세 건의 여부 미기재. 평량 기재가 '60-150g/㎡ 이상'으로 모호,00000653,구제 23-2018-6호,"중국, 인도네시아 및 브라질산 비도공지의 덤핑사실 및 국내산업피해 유무 조사",1.4
00001519,2019-03-21,초산에틸,"중국, 싱가포르, 일본",종료재심사,재심사 판정,2019-03-21,긍정,한국알콜산업 주식회사,,4.73~30.18%,5년,N,원료와 제조공법 여부를 불문하고 화학식이 CH3COOC₂H5인 액체상태의 화학물질,"3차재심. 요청인 주장 덤핑률 (중) 26.87%, (싱) 17.84%, (일) 37.98%",00000645,구제 23-2018-2호,"중국, 싱가포르 및 일본산 초산에틸에 대한 덤핑방지관세부과 종료재심사",1.4
00001519,2019-03-21,초산에틸,인도,종료재심사,재심사 판정,2019-03-21,긍정,한국알콜산업 주식회사,,8.56~19.84%,5년,N,원료와 제조공법 여부를 불문하고 화학식이 CH3COOC₂H5인 액체상태의 화학물질,1차재심. 요청인 주장 덤핑률 22.20%,00000646,구제 23-2018-3호,인도산 초산에틸에 대한 덤핑방지관세부과 종료재심사,1.4
00001520,2019-03-26,글라신지,"대만, 중국, 일본, 이탈리아",원심,조사개시,,해당 없음,한솔제지주식회사,,,,N,원재료 및 생산공정은 유사하나 공정조건을 달리하여 생산한 그 밖의 투명광택지나 반투명광택지를 포함함,"개시 결정일 미기재(신청일 2019-02-08, 관보 2019-03-27)",00000658,구제 23-2019-1호,"대만, 중국, 일본 및 이탈리아산 글라신지의 덤핑사실 및 국내산업피해 유무 조사",1.4
00001522,2019-04-25,PET 필름,"중국, 인도",종료재심사,기타,2019-04-25,해당 없음,"코오롱인더스트리㈜, ㈜효성화학, ㈜화승케미칼, 에쓰케이씨㈜",,,,불명,"제외: 두께 9㎛ 미만 비증착 PET필름, 모터 절연용 두께 125㎛ 이상 흰색 PET필름, 홀로그램 PET필름, 두께 300㎛ 이상 유채색 PET필름",산업피해 공청회 보도(3차 재심). 최종판정 '19.6월 예정,00000652,구제 23-2018-5호,중국 및 인도산 PET(Polyethylene Terephthalate) 필름에 대한 덤핑방지관세부과 종료재심사,1.31
00001523,2019-04-25,OPP 필름(폴리프로필렌 연신필름),"중국, 인도네시아, 태국",종료재심사,기타,2019-04-25,해당 없음,"필맥스, 삼영화학공업, 화승케미칼, 제이케이머트리얼즈",,,,불명,두께가 10 ㎛이상인 폴리프로필렌 연신필름,산업피해 공청회 보도(1차 종료재심). 최종판정 '19.5월 예정,00000651,구제 23-2018-4호,"중국, 인도네시아 및 태국산 폴리프로필렌 연신(OPP) 필름에 대한 덤핑방지조치 종료재심사",1.4
00001560,2019-11-28,스테인리스스틸 후판,일본,종료재심사,기타,2019-11-28,해당 없음,,,,,불명,"두께 8mm이상 80mm이하, 너비 1,000mm이상 3,270mm이하 열간압연 강판. 단, 코일형태의 제품 및 원심에서 덤핑방지관세를 부과하지 않은 제품은 제외",산업피해 공청회 보도(2차 재심). 요청인 이름은 적혀 있지 않음. 요청인제시 덤핑률 58.33%,00000660,구제 23-2019-3,일본산 스테인리스스틸 후판에 대한 덤핑방지조치 2차 종료재심사,1.4
00001562,2019-12-03,합판,베트남,원심,조사개시,2019-12-03,해당 없음,(사)한국합판보드협회,,,,불명,"두께가 6㎜이상인 후판 제품; 두께 6㎜이상, 너비 220㎜이하, 길이 2,000㎜이하로서 측면을 요철(Tongue and Groove) 가공한 사각형태의 물품은 해당하지 않음",stage_date는 관보 개시 공고일. 신청인 제시 덤핑률 93.5%,00000678,구제 23-2019-7호,베트남산 합판의 덤핑사실 및 국내산업피해 유무 조사,1.4
00001614,2020-04-16,합판,베트남,원심,예비판정,2020-04-16,긍정,(사)한국합판보드협회,9.18~10.65%,잠정덤핑방지관세 9.18~10.65%,,N,"다만, 두께 6㎜이상, 너비 220㎜이하, 길이 2,000㎜이하로 측면을 요철(Tongue and Groove) 가공한 사각형태의 물품은 해당되지 않음",,00000678,구제 23-2019-7호,베트남산 합판의 덤핑사실 및 국내산업피해 유무 조사,1.4
00001654,2020-06-22,합판,베트남,원심,기타,2020-06-18,해당 없음,(사)한국합판보드협회,,,,불명,"두께가 6mm 이상인 후판(厚板) 제품. 다만, 두께 6㎜이상, 너비 220㎜이하, 길이 2,000㎜이하로 측면을 요철(Tongue and Groove) 가공한 사각형태의 물품은 해당되지 않음","산업피해 공청회. 예비판정 '20.4.16(예비덤핑률 9.18~10.65%), '20.5.29부터 잠정관세 부과 중",00000678,구제 23-2019-7호,베트남산 합판의 덤핑사실 및 국내산업피해 유무 조사,1.4
00001654,2020-06-22,합판,중국,종료재심사,기타,2020-06-18,해당 없음,(사)한국합판보드협회,,,,불명,"두께가 6mm 이상인 후판(厚板) 제품. 다만, 두께 6㎜이상, 너비 220㎜이하, 길이 2,000㎜이하로 측면을 요철(Tongue and Groove) 가공한 사각형태의 물품은 해당되지 않음",2차 재심 산업피해 공청회. 현 부과율 4.57~27.21%,00000675,구제23-2019-5호,중국산 합판에 대한 덤핑방지관세부과 종료재심사(2차),1.4
00001654,2020-06-22,침엽수 합판,중국,종료재심사,기타,2020-06-18,해당 없음,(사)한국합판보드협회,,,,불명,"양쪽 외면의 단판이 침엽수 목재(대나무, 활엽수 및 열대산 목재가 아닌 것)로 이루어진 것. 다만, 두께 6㎜이상, 너비 220㎜이하, 길이 2,000㎜이하로 측면을 요철(Tongue and Groove) 가공한 사각형태의 물품은 해당되지 않음",1차 재심 산업피해 공청회. 현 부과율 4.22~7.15%,00000674,구제23-2019-4호,중국산 침엽수합판에 대한 덤핑방지관세부과 종료재심사,1.4
00001654,2020-06-22,합판,말레이시아,종료재심사,기타,2020-06-18,해당 없음,(사)한국합판보드협회,,,,불명,"두께가 6mm 이상인 후판(厚板) 제품. 다만, 두께 6㎜이상, 너비 220㎜이하, 길이 2,000㎜이하로 측면을 요철(Tongue and Groove) 가공한 사각형태의 물품은 해당되지 않음",3차 재심 산업피해 공청회. 현 부과율 3.96~38.10%,00000676,구제23-2019-6호,말레이시아산 합판에 대한 덤핑방지관세부과 종료재심사(3차),1.4
00001668,2020-09-18,합판,베트남,원심,최종판정,2020-09-17,긍정,(사)한국합판보드협회,9.18~10.65%,9.18~10.65%,5년,불명,"목재를 얇은 단판으로 만들어 인접하는 단판의 섬유방향이 교차하도록 접착시킨 적층판으로, 두께가 6mm 이상인 후판(厚板) 제품",본문에 신청인이 '(사)합국합판보드협회'로 오기,00000678,구제 23-2019-7호,베트남산 합판의 덤핑사실 및 국내산업피해 유무 조사,1.4
00001668,2020-09-18,스테인리스강 평판압연 제품,"중국, 인도네시아, 대만",원심,조사개시,2020-09-17,해당 없음,㈜포스코,,,,불명,두께가 8㎜를 초과하는 제품과 ASTM 규격 S31254 및 N08367 강종의 제품을 제외함,본문은 8㎜ 초과만 제외로 적고 참고는 ASTM 강종 제외도 적음. 00001691은 개시 결정일을 '20.9.25로 기재,00000726,구제 23-2020-3호,"중국, 인도네시아 및 대만산 스테인리스강 평판압연 제품의 덤핑사실 및 국내산업피해 유무 조사",1.4
00001689,2021-02-22,스테인리스스틸바,"일본, 인도, 스페인",종료재심사,재심사 판정,2020-11-13,긍정,"세아창원특수강㈜, ㈜세아특수강",,3.51%～15.39%,3년,N,횡단면이 전체를 통하여 균일하고 중공(中空)이 없는 원형강·각강·육각강·평강인 제품,등록일(2021-02-22)과 보도일(2020-11-14) 차이; 건의율 하한 3.51%는 본문 그대로(현행 3.56%),00000702,구제 23-2019-9호,"일본, 인도 및 스페인산 스테인리스스틸바에 대한 덤핑방지조치의 종료재심사(4차)",1.4
00001689,2021-02-22,H형강,중국,종료재심사,기타,2020-11-13,해당 없음,"현대제철, 동국제강",,,,N,상하 및 좌우 대칭 형태이며 한국산업표준에 따라 측정한 높이가 80미리 이상,1차 재심 공청회; 현행 조치에 7개사 가격약속 포함,00000716,구제23-2020-1호,중국산 H형강 덤핑방지관세 부과 및 가격약속 종료 재심사,1.4
00001689,2021-02-22,옵셋인쇄판,중국,종료재심사,기타,2020-11-13,해당 없음,제일씨앤피(주),,,,N,각 변의 길이가 255mm를 초과하는 것(감광면이 1개층인 싱글레이어만 대상이며 2개층인 더블레이어는 제외),1차 재심 공청회; 품명 인쇄제판용 평면모양 사진플레이트,00000720,구제 23-2020-2호,중국산 인쇄제판용 평명모양 사진플레이트에 대한 덤핑방지관세 부과,1.2
00001690,2021-02-22,H형강,중국,종료재심사,재심사 판정,2021-01-21,긍정,"현대제철(주), 동국제강(주)",,"라이우스틸, 르자오스틸, 안타이스틸 가격약속 유지, 기타 공급자 28.23%～32.72%",5년,Y,상하 및 좌우 대칭 형태이며 한국산업표준에 따라 측정한 높이가 80mm 이상,1차 종료재심(덤핑방지관세 및 가격약속). 보도일 2021-01-22로 등록일과 다름,00000716,구제23-2020-1호,중국산 H형강 덤핑방지관세 부과 및 가격약속 종료 재심사,1.4
00001690,2021-02-22,인쇄제판용 평면모양 사진플레이트(옵셋인쇄판),중국,종료재심사,재심사 판정,2021-01-21,긍정,제일씨앤피(주),,"코닥, 화광, 보시카 등 10.32%, 기타 공급자 8.78%",5년,N,각 변의 길이가 255mm를 초과하는 것(감광면이 1개층인 싱글레이어만 대상이며 2개층인 더블레이어는 제외),"1차 종료재심. 조사개시일이 본문 '20.5.3, 붙임 '20.5.7로 다름",00000720,구제 23-2020-2호,중국산 인쇄제판용 평명모양 사진플레이트에 대한 덤핑방지관세 부과,1.2
00001690,2021-02-22,폴리에스테르 장섬유 완전연신사(FDY),중국,원심,조사개시,2021-01-21,해당 없음,한국화학섬유협회,,,,불명,FDY와 폴리에스테르 장섬유 부분연신사(POY)가 직방사와 동시에 혼합된 제품을 포함함,,00000728,구제 23-2020-5호,중국산 폴리에스테르 장섬유 완전연신사의 덤핑사실 및 국내산업피해 유무 조사,1.4
00001691,2021-02-22,스테인리스강 평판압연 제품,"중국, 인도네시아, 대만",원심,예비판정,2021-02-18,긍정,(주)포스코,9.20~49.04%,,,불명,두께가 8㎜를 초과하는 제품과 미국재료시험협회 규격 S31254 및 N08367 강종의 제품을 제외함,"덤핑률은 예비덤핑률(중국 49.04, 인니 29.68, 대만 9.20~9.51). 잠정관세 건의 여부 미기재",00000726,구제 23-2020-3호,"중국, 인도네시아 및 대만산 스테인리스강 평판압연 제품의 덤핑사실 및 국내산업피해 유무 조사",1.4
00001701,2021-05-21,스테인리스강 평판압연제품,"중국, 인도네시아, 대만",원심,기타,2021-05-20,해당 없음,(주)포스코,,,,불명,두께가 8㎜를 초과하는 제품과 미국재료시험협회 규격 S31254 및 N08367 강종의 제품을 제외,"산업피해 공청회. 예비덤핑률 9.20~49.04%. 조사개시 '20.9.25, 예비판정 날짜는 추출에서 깨짐",00000726,구제 23-2020-3호,"중국, 인도네시아 및 대만산 스테인리스강 평판압연 제품의 덤핑사실 및 국내산업피해 유무 조사",1.4
00001713,2021-07-26,스테인리스강 평판압연 제품,"중국, 인도네시아, 대만",원심,최종판정,2021-07-22,긍정,(주)포스코,7.17~29.68%,7.17~25.82%; 5개 수출자 가격약속 수락 건의,5년,Y,두께가 8㎜를 초과하는 제품과 미국재료시험협회 규격 S31254 및 N08367 강종의 제품을 제외. 200계 등 일부 품목 관세부과 제외 건의,"부제목은 '7.17%'로만 적음. 부과제외 세부품목(200계, 열연 폭 2,000㎜ 이상, 일부 316/316L, STS 420, 304L 강종). 표 일부 깨짐; 예비덤핑률 중국을 본문은 49.4%, 표는 49.04%로 적음",00000726,구제 23-2020-3호,"중국, 인도네시아 및 대만산 스테인리스강 평판압연 제품의 덤핑사실 및 국내산업피해 유무 조사",1.4
00001722,2021-11-08,폴리에스테르 장섬유 완전연신사(FDY),중국,원심,예비판정,2021-06-17,긍정,한국화학섬유협회,,,,N,FDY와 폴리에스테르 장섬유 부분연신사(POY)가 직방사와 동시에 혼합된 제품을 포함함,예비긍정이나 잠정관세 건의 여부·덤핑률은 적혀 있지 않음. 보도시점 2021-06-18(입력 등록일과 다름),00000728,구제 23-2020-5호,중국산 폴리에스테르 장섬유 완전연신사의 덤핑사실 및 국내산업피해 유무 조사,1.4
00001722,2021-11-08,수산화알루미늄 일반제품,"중국, 호주",원심,조사개시,2021-06-17,해당 없음,케이씨(주),,,,불명,"평균 입도(Dp50) 45㎛ 이상, 백색도 95 미만. 다만, 알루미나 제품이나 수산화알루미늄 특수(건조, 미분 및 초미분)제품 생산용 원료는 제외",,00000734,구제 23-2021-3호,중국 및 호주산 수산화알루미늄 일반제품,1.27
00001722,2021-11-08,PET 필름,"대만, 태국, UAE",종료재심사,기타,2021-06-17,해당 없음,"코오롱인더스트리(주), 에스케이씨(주), 효성화학(주), (주)화승케미칼, 도레이첨단소재(주)",,,,불명,코팅 두께의 합이 0.25㎛(이하). 다만 금속으로 증착된 물품 또는 유채색 물품은 제외,산업피해 공청회(1차 종료재심). 범위 문장이 추출 과정에서 일부 깨짐. 요청인 제시 덤핑률 18.71%∼51.48%,00000727,구제 23-2020-4호,"대만, 태국 및 아랍에미리트연합산 PET필름에 대한 덤핑방지관세부과 종료재심사(1)",1.4
00001723,2021-11-08,PET 필름,"대만, 태국, UAE",종료재심사,재심사 판정,2021-09-16,긍정,"코오롱인더스트리(주), 에스케이씨(주), 효성화학(주), ㈜화승케미칼, 도레이첨단소재(주)",,3.19%~60.95%,5년,불명,PET 필름 중 코팅되지 않은 물품 및 코팅 두께의 합이 0.25㎛(이하 텍스트 누락)인 물품; 금속으로 증착된 물품 또는 유채색 물품은 제외,범위 문장 일부가 텍스트에서 깨짐. 원심 '18.4.30~'21.4.29 3.67~60.95%. 본문 배포일 2021-09-16으로 입력 등록일과 다름,00000727,구제 23-2020-4호,"대만, 태국 및 아랍에미리트연합산 PET필름에 대한 덤핑방지관세부과 종료재심사(1)",1.4
00001723,2021-11-08,더블레이어 인쇄제판용 평면모양 사진플레이트(더블레이어 옵셋인쇄판),중국,원심,예비판정,2021-09-16,긍정,제일씨앤피(주),3.54~4.13%,,,불명,"감광재를 2회 도포한 감광성 인쇄용 판으로 각 변의 길이가 255㎜를 초과하고 감광면이 2개층인 것; 포토폴리머 바이올렛 인쇄판, 재생판은 제외",덤핑률은 예비덤핑률. 잠정관세 건의 여부 미기재. 싱글레이어 옵셋인쇄판은 '17.9.7부터 별도 부과중,00000732,구제 23-2021-1호,중국산 더블레이어 인쇄제판용 평면모양 사진플레이트에 대한 덤핑방지관세 부과,1.3
00001723,2021-11-08,폴리에스테르 장섬유 완전연신사,중국,원심,기타,2021-09-16,해당 없음,한국화학섬유협회,,,,불명,FDY와 폴리에스테르 장섬유 부분연신사(POY)가 직방사와 동시에 혼합된 제품을 포함함,산업피해 공청회. 조사경과 날짜가 텍스트에서 깨짐,00000728,구제 23-2020-5호,중국산 폴리에스테르 장섬유 완전연신사의 덤핑사실 및 국내산업피해 유무 조사,1.4
00001768,2024-01-22,스테인리스 스틸바,"일본, 인도, 스페인",종료재심사,기타,2024-01-22,해당 없음,"세아창원특수강㈜, ㈜세아특수강",,,,불명,횡단면이 전체를 통하여 균일하고 중공(中空)이 없는 원형강ㆍ각강ㆍ육각강ㆍ평강인 제품,재심사 미요청으로 덤핑방지관세 부과 종료(판정 아님). 신청인은 직전 4차 재심 요청인. 4차 재심 관세 3.51~15.39%(3년),00000760,구제 23-2023-1호,일본산 스테인리스스틸 후판에 대한 덤핑방지관세부과 3차 종료재심사,1.07
00001768,2024-01-22,스테인리스 스틸바,"대만, 이탈리아",원심,기타,2024-05-16,해당 없음,"㈜세아창원특수강, ㈜세아특수강, 동일제강㈜",,,,불명,횡단면이 전체를 통하여 균일하고 중공(中空)이 없는 원형강ㆍ각강ㆍ육각강ㆍ평강인 제품,"재심사 미요청으로 '24.5.16 부과 종료 예정(판정 아님). 원심 관세 9.47~18.56%(5년, '19.5.16~)",00000780,구제 23-2024-4호,"중국, 인도네시아 및 대만산 스테인리스강 평판압연 제품에 대한 덤핑방지관세부과 및 가격약속 종료재심사(1차)",0.68
00001770,2024-03-03,백시멘트,이집트,원심,최종판정,2024-02-22,긍정,㈜유니온,,60.83%,5년,불명,산화철(Fe2O3) 성분 함량이 1.0% 이하인 제품,"최종 덤핑률은 따로 적지 않음. 예비판정 '23.9.21, 잠정관세 72.23%('23.11.15~'24.3.14). 불공정무역행위 건은 행 만들지 않음",00000753,구제 23-2022-5호,이집트산 백시멘트의 덤핑사실 및 국내산업피해 유무 조사,1.4
00001771,2024-04-23,합판,중국,종료재심사,재심사 판정,2024-04-18,긍정,(사)한국합판보드협회,,3.30%~27.21%,5년,N,"두께가 6mm 이상인 후판(厚板) 제품. 다만, 두께 6㎜이상, 너비 220㎜이하, 길이 2,000㎜이하로 측면을 요철(Tongue and Groove) 가공한 사각형태의 물품은 제외",3차 재심. 본문 세율 문구가 추출에서 깨져 붙임 표에서 범위 확인(그 밖의 공급자 18.85%). 요청인 표기 앞 라벨 누락,00000773,구제 23-2023-6호,중국산 합판에 대한 덤핑방지관세부과 종료재심사(3차),1.4
00001771,2024-04-23,침엽수 합판,중국,종료재심사,재심사 판정,2024-04-18,긍정,(사)한국합판보드협회,,7.15%,5년,N,"두께가 6mm 이상인 후판(厚板) 제품. 다만, 두께 6㎜이상, 너비 220㎜이하, 길이 2,000㎜이하로 측면을 요철(Tongue and Groove) 가공한 사각형태의 물품은 제외",2차 재심,00000771,구제 23-2023-7호,중국산 침엽수 합판에 대한 덤핑방지관세부과 종료재심사(2차),1.4
00001771,2024-04-23,합판,베트남,종료재심사,재심사 판정,2024-04-18,긍정,(사)한국합판보드협회,,9.78~31.28%,5년,N,"두께가 6mm 이상인 후판(厚板) 제품. 다만, 두께 6㎜이상, 너비 220㎜이하, 길이 2,000㎜이하로 측면을 요철(Tongue and Groove) 가공한 사각형태의 물품은 제외",1차 재심,00000772,구제 23-2023-5호,베트남산 합판에 대한 덤핑방지관세부과 종료재심사(1차),1.4
00001771,2024-04-23,합판,말레이시아,종료재심사,재심사 판정,2024-04-18,긍정,(사)한국합판보드협회,,4.73~38.10%,5년,N,"두께가 6mm 이상인 후판(厚板) 제품. 다만, 두께 6㎜이상, 너비 220㎜이하, 길이 2,000㎜이하로 측면을 요철(Tongue and Groove) 가공한 사각형태의 물품은 제외",4차 재심. 개시 공고번호가 베트남 건과 같은 2023-134호로 적혀 있음,00000770,구제 23-2023-4호,말레이시아산 합판에 대한 덤핑방지관세 부과 종료재심사(4차),1.4
00001771,2024-04-23,스티렌모노머,중국,원심,조사개시,2024-04-09,해당 없음,"한화토탈에너지스㈜, 여천NCC㈜",,,,불명,화학식 C8H8(시성식 C6H5CH=CH2)을 가지는 방향족 탄화수소,날짜는 관보 공고일. 신청인 주장 덤핑률 14.0%,00000776,구제 23-2024-2호,중국산 스티렌모노머의 덤핑사실 및 국내산업피해 유무 조사,1.4
00001776,2024-06-03,스테인리스강 냉간압연 제품,베트남,원심,조사개시,2024-05-30,해당 없음,㈜포스코,,,,불명,"모든 강종, 형태, 모든 폭, 길이 및 두께의 제품을 포함하고, 표면처리 및 트리밍 여부를 불문함",신청인 주장 덤핑률 37.62%,00000781,구제 23-2024-5호,베트남산 스테인리스강 냉간압연 제품의 덤핑사실 및 국내산업피해 유무 조사,1.4
00001776,2024-06-03,스테인리스강 평판압연 제품,"중국, 인도네시아, 대만",불명,조사개시,2024-05-17,해당 없음,㈜포스코,,,,불명,두께 8㎜ 이하인 스테인리스강 평판압연제품,'1차 재심'이라고만 적어 재심 종류 미기재. 개시일은 참고의 '재심사 개시('24.5.17.)'; 본문은 5.30 회의에서 개시되었다고 적음. 원심 '21.9.15~'24.9.14 7.17~25.82%,00000780,구제 23-2024-4호,"중국, 인도네시아 및 대만산 스테인리스강 평판압연 제품에 대한 덤핑방지관세부과 및 가격약속 종료재심사(1차)",1.2
00001776,2024-06-03,폴리프로필렌 연신필름(OPP 필름),"중국, 인도네시아, 태국",불명,조사개시,2024-04-26,해당 없음,"㈜ 필맥스, ㈜화승케미칼, ㈜ 삼영, 제이케이머트리얼즈(주)",,,,불명,두께가 10마이크로미터(㎛) 이상인 폴리프로필렌 연신필름,'2차 재심'이라고만 적어 재심 종류 미기재. 요청인은 '등 4개사'로 표기. 요청인 주장 덤핑률 6.15~15.73%,00000777,구제 23-2024-3호,중국 인도네시아 및 태국산 폴리프로필렌 연신(OPP)필름에 대한 덤핑방지관세부과 종료재심사(2차),1.1
00001776,2024-06-03,PET 수지,중국,원심,예비판정,2024-05-30,긍정,㈜티케이케미칼,6.62~7.83%,6.62%~7.83%(잠정),,불명,고유 점도 0.7㎗/g 이상 또는 점도 번호 78㎖/g 이상의 PET 수지,덤핑률은 예비덤핑률(그 밖의 공급자 7.12%),00000775,구제 23-2024-1호,중국산 폴리에틸렌 테레프탈레리트 수지(PET 수지)의 덤핑사실 및 국내산업피해 유무 조사,1.4
00001845,2024-07-25,스테인리스강 평판압연 제품,"중국, 인도네시아, 대만",불명,기타,2024-07-24,해당 없음,㈜포스코,,,,불명,두께 8㎜ 이하인 스테인리스강 평판압연제품,산업피해 공청회. '1차 재심'이라고만 적어 재심 종류 미기재,00000780,구제 23-2024-4호,"중국, 인도네시아 및 대만산 스테인리스강 평판압연 제품에 대한 덤핑방지관세부과 및 가격약속 종료재심사(1차)",1.2
00001845,2024-07-25,스테인리스강 냉간압연 제품,베트남,원심,기타,2024-07-24,해당 없음,㈜포스코,,,,불명,"모든 강종, 형태, 모든 폭, 길이 및 두께의 제품을 포함하고, 표면처리 및 트리밍 여부를 불문함",산업피해 공청회. 불공정무역행위 조사개시 건은 행 만들지 않음,00000781,구제 23-2024-5호,베트남산 스테인리스강 냉간압연 제품의 덤핑사실 및 국내산업피해 유무 조사,1.4
00001891,2024-09-30,스테인리스스틸 후판,중국,원심,조사개시,2024-09-26,해당 없음,주식회사 디케이씨,,,,불명,"열간압연한 강판 형태로 두께 4.75㎜이상, 폭 600㎜이상인 완제품. 반제품인 스테인리스 Black Plate는 제외","본문은 9.26 회의에서 개시 결정, 참고1은 조사개시 '24.9.6으로 적음. 신청인 주장 덤핑률 6.32%",00000798,구제 23-2024-7호,중국산 스테인리스 스틸 후판의 덤핑사실 및 국내산업피해 유무 조사,1.4
00001896,2024-10-18,PET 수지,중국,원심,최종판정,2024-10-17,긍정,㈜티케이케미칼,,7.00~7.98%,5년,N,고유 점도 0.7㎗/g 이상 또는 점도 번호 78㎖/g 이상의 PET 수지,표 제목은 '공급자별 덤핑률'이나 열 이름은 '덤핑방지관세율',00000775,구제 23-2024-1호,중국산 폴리에틸렌 테레프탈레리트 수지(PET 수지)의 덤핑사실 및 국내산업피해 유무 조사,1.4
00001896,2024-10-18,스테인리스강 냉간압연 제품,베트남,원심,예비판정,2024-10-17,긍정,㈜포스코,3.66~11.37%,3.66~11.37%,,N,"모든 강종, 형태, 모든 폭, 길이 및 두께의 제품을 포함하고, 표면처리 및 트리밍 여부를 불문함",잠정덤핑방지관세 건의; 그 밖의 공급자 예비덤핑률 4.79%,00000781,구제 23-2024-5호,베트남산 스테인리스강 냉간압연 제품의 덤핑사실 및 국내산업피해 유무 조사,1.4
00001896,2024-10-18,탄소강 및 그 밖의 합금강 열간압연 후판,중국,원심,조사개시,2024-10-17,해당 없음,현대제철㈜,,,,N,"두께가 4.75밀리미터 이상, 폭이 600밀리미터 이상이고, 코일모양이 아니며, 냉간압연을 하지 않은 것으로 한정","본문은 10.17 회의에서 개시 결정, 참고자료는 조사개시 '24.10.4.",00000799,구제 23-2024-8호,중국산 탄소강 및 그 밖의 합금강 열간압연 후판제품,1.4
00001896,2024-10-18,폴리프로필렌 연신필름(OPP 필름),"중국, 인도네시아, 태국",불명,기타,2024-10-17,해당 없음,"㈜필맥스, ㈜화승케미칼, ㈜삼영, 제이케이머티리얼즈(주)",,,,N,두께가 10마이크로미터(㎛) 이상인 폴리프로필렌 연신필름,'2차 재심' 공청회; 재심 종류 미기재,00000777,구제 23-2024-3호,중국 인도네시아 및 태국산 폴리프로필렌 연신(OPP)필름에 대한 덤핑방지관세부과 종료재심사(2차),1.1
00001910,2024-12-20,석유수지,"중국, 대만",원심,예비판정,2024-12-19,긍정,코오롱인더스트리㈜,4.45~18.52%,잠정덤핑방지관세 4.45~18.52%,,N,다만 연화점(녹는점)이 130℃ 이상인 C9 석유수지는 조사신청물품에서 제외,,00000795,구제 23-2024-6호,중국 및 대만산 석유수지의 덤핑사실 및 국내산업피해 유무 조사,1.4
00001910,2024-12-20,차아황산소다,중국,원심,조사개시,2024-12-19,해당 없음,㈜한솔케미칼,,,,불명,"Na2S2O4의 화학식을 가진 백색 결정성 분말 입자. 단, 차아황산소다의 농도는 불문함",신청인 주장 덤핑률 34%,00000800,구제23-2024-9호,중국산 차아황산소다에 대한 덤핑사실 및 국내산업피해 유무 조사,1.4
00001910,2024-12-20,파티클보드,태국,원심,조사개시,2024-12-19,해당 없음,사단법인 한국합판보드협회,,,,불명,성형·열압한 판(보드) 또는 성형·열압한 후 연마가공 이하 수준으로 가공한 판(보드),"국내생산자 동화기업(주), 성창보드(주). 신청인 주장 덤핑률 25.36%",00000801,구제 23-2024-10호,태국산 파티클보드의 덤핑사실 및 국내산업피해 유무 조사,1.4
00001910,2024-12-20,스테인리스강 평판압연 제품,"중국, 인도네시아, 대만",종료재심사,기타,2024-12-19,해당 없음,㈜포스코,,,,불명,두께 8㎜ 이하인 스테인리스강 평판압연제품,2차 공청회 보도(1차 재심). 재심사 유형이 '1차 재심'으로만 적혀 종료재심사로 기록. 요청인 주장 덤핑률 7.17%~25.82%,00000780,구제 23-2024-4호,"중국, 인도네시아 및 대만산 스테인리스강 평판압연 제품에 대한 덤핑방지관세부과 및 가격약속 종료재심사(1차)",1.4
00001910,2024-12-20,스테인리스강 냉간압연 제품,베트남,원심,기타,2024-12-19,해당 없음,㈜포스코,,,,불명,"모든 강종, 형태, 모든 폭, 길이 및 두께의 제품을 포함하고, 표면처리 및 트리밍 여부를 불문함",2차 공청회 보도. 예비판정('24.10.17) 예비덤핑률 3.66~11.37%,00000781,구제 23-2024-5호,베트남산 스테인리스강 냉간압연 제품의 덤핑사실 및 국내산업피해 유무 조사,1.4
00001938,2025-04-23,스테인리스스틸 후판,중국,원심,예비판정,2025-01-16,긍정,주식회사 디케이씨,21.62%,잠정덤핑방지관세 21.62%,,N,열간압연한 강판 형태로 두께가 4.75㎜ 이상이고 폭이 600㎜ 이상인 완제품,보도시점 2025-01-16으로 입력 등록일(2025-04-23)과 다름,00000798,구제 23-2024-7호,중국산 스테인리스 스틸 후판의 덤핑사실 및 국내산업피해 유무 조사,1.4
00001939,2025-04-23,탄소강 및 그 밖의 합금강 열간압연 후판,중국,원심,예비판정,2025-02-20,긍정,현대제철㈜,27.91%~38.02%,27.91%~38.02%(잠정),,불명,"두께 4.75밀리미터 이상, 폭 600밀리미터 이상이고, 코일모양이 아니며, 냉간압연을 하지 않은 것으로 한정",보도일 2025-02-20으로 등록일과 다름,00000799,구제 23-2024-8호,중국산 탄소강 및 그 밖의 합금강 열간압연 후판제품,1.4
00001939,2025-04-23,스테인리스강 평판압연 제품,"중국, 인도네시아, 대만",종료재심사,재심사 판정,2025-02-20,긍정,㈜포스코,,"산시타이강·리스코·인니청산·유스코·왈신 가격약속 연장, 그 밖의 공급자 9.07%~25.82%",5년,Y,두께 8㎜ 이하인 스테인리스강 평판압연제품,"1차 재심. 가격약속 원심 3년에서 재심 5년으로 연장 건의. 그 밖의 공급자 중국 24.83%, 인니 25.82%, 대만 9.07%",00000780,구제 23-2024-4호,"중국, 인도네시아 및 대만산 스테인리스강 평판압연 제품에 대한 덤핑방지관세부과 및 가격약속 종료재심사(1차)",1.4
00001939,2025-04-23,폴리프로필렌 연신(OPP)필름,"중국, 인도네시아, 태국",종료재심사,재심사 판정,2025-02-20,긍정,"㈜삼영, ㈜필맥스, 제이케이머티리얼즈㈜, ㈜화승케미칼",,2.50%~25.04%,,N,두께가 10마이크로미터(㎛) 이상인 폴리프로필렌 연신필름. 원심 미소마진으로 재심사 대상에서 제외된 롯데 패키징은 0% 적용,2차 재심. 부과 기간이 적혀 있지 않음,00000777,구제 23-2024-3호,중국 인도네시아 및 태국산 폴리프로필렌 연신(OPP)필름에 대한 덤핑방지관세부과 종료재심사(2차),1.4
00001953,2025-06-02,스테인리스강 냉간압연 제품,베트남,원심,최종판정,2025-04-24,긍정,㈜포스코,11.37~18.81%,11.37~18.81%,5년,N,"모든 강종, 형태, 모든 폭, 길이 및 두께의 제품을 포함하고, 표면처리 및 트리밍 여부를 불문함",,00000781,구제 23-2024-5호,베트남산 스테인리스강 냉간압연 제품의 덤핑사실 및 국내산업피해 유무 조사,1.4
00001953,2025-06-02,차아황산소다,중국,원심,예비판정,2025-04-24,긍정,㈜한솔케미칼,15.15~33.97%,15.15~33.97%,,N,"Na2S2O4의 화학식을 가진 백색 결정성 분말 입자. 단, 차아황산소다의 농도는 불문함",잠정덤핑방지관세 건의,00000800,구제23-2024-9호,중국산 차아황산소다에 대한 덤핑사실 및 국내산업피해 유무 조사,1.4
00001953,2025-06-02,파티클보드,태국,원심,예비판정,2025-04-24,긍정,사단법인 한국합판보드협회,11.82~17.19%,11.82~17.19%,,N,"배향성 있는 스트랜드 보드, 웨이퍼보드, MDF 및 표면을 피복한 파티클보드는 조사신청물품에 포함되지 않음",잠정덤핑방지관세 건의; 그 밖의 공급자 14.80%,00000801,구제 23-2024-10호,태국산 파티클보드의 덤핑사실 및 국내산업피해 유무 조사,1.4
00001953,2025-06-02,PET 필름,중국,중간재심사,조사개시,2025-04-09,해당 없음,"코오롱인더스트리, 에스케이마이크로웍스, 효성화학, 화승케미칼",,,,N,"PET 필름으로 증착 여부를 불문함. 단, 현행 부과제외 품목(홀로그램 PET 필름 등 6종)은 재심사 범위에서 제외","덤핑률 상황변동 중간재심, 대상 공급자 캉훼이·천진완화 한정; 4.24 위원회에 개시 보고",00000839,구제 23-2025-3호,중국산 PET 필름에 대한 덤핑방지관세 부과 중간재심사,1.4
00001953,2025-06-02,스테인리스스틸 후판,중국,원심,기타,2025-04-24,해당 없음,주식회사 디케이씨,,,,N,"열간압연한 강판(plate)의 형태로, 두께가 4.75㎜ 이상이고 폭이 600㎜ 이상인 완제품","공청회; 예비판정(2025-01-16) 예비덤핑률 21.62%, 잠정관세 부과 중",00000798,구제 23-2024-7호,중국산 스테인리스 스틸 후판의 덤핑사실 및 국내산업피해 유무 조사,1.4
00001981,2025-08-18,스테인리스스틸 후판,중국,원심,최종판정,2025-06-26,긍정,주식회사 디케이씨,21.62%,21.62%,5년,N,"스테인리스강 중 열간압연한 강판(plate) 형태로 두께 4.75㎜ 이상, 폭 600㎜ 이상인 완제품",보도일 2025-06-27로 등록일과 다름,00000798,구제 23-2024-7호,중국산 스테인리스 스틸 후판의 덤핑사실 및 국내산업피해 유무 조사,1.4
00001981,2025-08-18,차아황산소다,중국,원심,기타,2025-06-26,해당 없음,주식회사 한솔케미칼,,,,불명,"Na2S2O4의 화학식을 가진 백색 결정성 분말 입자. 단, 차아황산소다의 농도는 불문함","산업피해 공청회. 예비판정 '25.4.24, 잠정관세 15.15~33.97% 부과 중('25.6.21~10.20)",00000800,구제23-2024-9호,중국산 차아황산소다에 대한 덤핑사실 및 국내산업피해 유무 조사,1.4
00001981,2025-08-18,파티클보드,태국,원심,기타,2025-06-26,해당 없음,(사)한국합판보드협회,,,,불명,"배향성 있는 스트랜드 보드, 웨이퍼보드, MDF 및 표면을 피복한 파티클보드는 조사신청물품에 포함되지 않음","산업피해 공청회. 예비판정 '25.4.24, 건의한 잠정관세 11.82~17.19%는 기재부 검토 중",00000801,구제 23-2024-10호,태국산 파티클보드의 덤핑사실 및 국내산업피해 유무 조사,1.4
00001982,2025-08-18,탄소강 및 그 밖의 합금강 열간압연 제품,"일본, 중국",원심,예비판정,2025-07-24,긍정,현대제철㈜,28.16~33.57%,잠정덤핑방지관세 28.16~33.57%,,N,"다만, 열연 후판 제품, 열연 제품에 클래드, 도금 또는 도포한 제품, 스테인리스강 제품은 포함하지 않음",보도시점 2025-07-24로 입력 등록일과 다름. 무역상사 확인 일본 4개사는 생산자 예비덤핑률 적용,00000831,구제23-2024-11호,일본 및 중국산 탄소강 및 그 밖의 합금강 열간압연 제품의 덤핑사실 및 국내산업피해 유무 조사,1.3
00001982,2025-08-18,단일모드 광섬유,중국,원심,예비판정,2025-07-24,긍정,LS전선㈜,43.35%,잠정덤핑방지관세 43.35%,,N,"G.652 A~D, G.657 A1ㆍA2 규격 제품. 광섬유 다발, 광섬유 케이블 및 G.657.D중 Low Loss 제품은 제외",보도시점 2025-07-24로 입력 등록일과 다름,00000833,구제23-2025-1,중국산 단일모드 광섬유에 대한 덤핑사실 및 국내산업피해 유무 조사,1.3
00001985,2025-08-29,탄소강 및 그 밖의 합금강 열간압연 후판 제품,중국,원심,최종판정,2025-08-28,긍정,현대제철㈜,,가격약속 수락 건의(중국 9개 수출자); 미참여 업체 34.10%,5년,Y,"두께 4.75밀리미터 이상, 폭 600밀리미터 이상이고, 코일모양이 아니며, 냉간압연을 하지 않은 것으로 한정","최종 덤핑방지관세 부과 수준 27.91~34.10%로 산정(덤핑률 별도 표기 없음). 본문은 9개 수출자, 표는 3개사+그 밖의 공급자 6개사. 잠정관세 27.91~38.02% 부과중",00000799,구제 23-2024-8호,중국산 탄소강 및 그 밖의 합금강 열간압연 후판제품,1.34
00001985,2025-08-29,폴리염화비닐 페이스트 수지,"독일, 프랑스, 노르웨이, 스웨덴",원심,조사개시,2025-08-06,해당 없음,한화솔루션 주식회사,,,,불명,"단, Suspension PVC(S-PVC)는 제외함",stage_date는 개시 관보게재일. 위원회는 8.28에 개시 보고를 받음,00000843,구제23-2025-6호,"독일, 프랑스, 노르웨이 및 스웨덴산 폴리염화비닐 페이스트 수지",1.4
00002080,2025-12-22,PVC 페이스트 수지,"독일, 프랑스, 노르웨이, 스웨덴",원심,예비판정,2025-12-18,긍정,한화솔루션 주식회사,25.79~42.81%,25.79~42.81%,,N,,잠정덤핑방지관세 건의,,,,
00002080,2025-12-22,아연 및 아연합금 표면처리 냉간압연 제품,중국,원심,조사개시,2025-11-28,해당 없음,"동국씨엠(주), 케이지스틸(주), (주)세아씨엠",,,,N,"아연 및 아연합금 표면처리 냉간압연 제품으로 전기아연도금 강판, 합금화 아연도금(자동차용)은 제외",stage_date는 관보게재일; 위원회는 12.18 개시 보고,00000856,구제23-2025-9호,중국산 아연 및 아연합금 표면처리 냉간압연 제품의 덤핑사실 및 국내산업피해 유무 조사,1.32
00002080,2025-12-22,H형강,중국,종료재심사,조사개시,2025-12-01,해당 없음,"현대제철, 동국제강",,,,N,이축대칭 단면이 H형상을 한 물품으로 높이가 80밀리미터 이상인 것,2차 종료재심사; stage_date는 관보게재일; 현행 조치에 3개사 가격약속 포함,00000852,구제23-2025-12호,중국산 에이치(H) 형강,1.2
00002080,2025-12-22,산업용로봇,"일본, 중국",원심,기타,2025-12-18,해당 없음,에이치디현대로보틱스㈜,,,,N,"가반중량이 6kg에서 600kg까지인 4축 이상의 수직다관절 구조를 가진 산업용 로봇. 단, 소형고속로봇과 도장전용로봇, 협동로봇은 제외",공청회; 예비판정(2025-09-25) 후 잠정관세 21.17~43.60% 부과 중; 조사개시 3건 중 1건은 내용 없음,00000819,구제23-2025-2호,일본 및 중국산 산업용로봇(4축이상 수직다관절형)에 대한 덤핑사실 및 국내산업피해 유무 조사,1.3
00002094,2026-01-23,단일모드 광섬유,중국,원심,최종판정,2026-01-22,긍정,LS전선(주),43.35%,43.35%,5년,N,광섬유 다발과 광섬유 케이블 및 단일모드 광섬유 G.652.D중 Low Loss 제품은 부과대상물품에 포함되지 않음,,00000833,구제23-2025-1,중국산 단일모드 광섬유에 대한 덤핑사실 및 국내산업피해 유무 조사,1.3
00002094,2026-01-23,이음매없는 동관,태국,원심,예비판정,2026-01-22,긍정,"능원금속공업, 엘에스메탈",3.64~8.41%,3.64~8.41%,,N,"정제한 구리로 만든 외경 66.68㎜ 이하, 두께 0.20㎜ 이상 2.50㎜ 이하인 이음매가 없는 관",잠정덤핑방지관세 건의; 정의 문장이 텍스트에서 뒤섞임,00000844,구제23-2025-7호,태국산 이음매 없는 동관,1.4
00002094,2026-01-23,인쇄제판용 평면모양 사진플레이트,중국,종료재심사,조사개시,2026-01-08,해당 없음,제일씨앤피(주),,,,N,"포토폴리머 바이올렛판(Photopolymer Violet Plate), 재생판, 더블레이어판(Double-layer Plate)은 제외",2차 재심; stage_date는 관보게재일,00000859,구제 23-2025-13호,중국산 인쇄제판용 평면모양 사진플레이트에 대한 덤핑방지관세 부과 종료재심사(2차),1.4
00002109,2026-03-27,4축이상 수직다관절형 산업용로봇,"일본, 중국",원심,최종판정,2026-03-26,긍정,에이치디현대로보틱스㈜,,15.96~19.85%,,N,"가반중량이 6kg에서 600kg까지인 4축 이상의 수직다관절 구조. 단, 소형고속로봇과 도장전용로봇, 협동로봇은 제외","본문 표기 'HD현대로보틱스'. 일본 17.45~18.64%, 중국 15.96~19.85%(부제목 기준; 표의 그 밖의 공급자 일본 18.08%, 중국 17.77%). 부과 기간 적혀 있지 않음. 잠정관세 21.17~43.6% 부과중",00000819,구제23-2025-2호,일본 및 중국산 산업용로봇(4축이상 수직다관절형)에 대한 덤핑사실 및 국내산업피해 유무 조사,1.4
00002109,2026-03-27,폴리(에틸렌 테레프탈레이트),중국,중간재심사,조사개시,2026-03-19,해당 없음,주식회사 티케이케미칼,,,,불명,점도번호 78㎖/g 이상 또는 고유 점도 0.7㎗/g 이상의 PET 수지,재심사개시일(재정경제부) '26.3.19; 위원회는 3.26 보고받음. 덤핑률 상향 조정 요청. 현재 7.00~7.98% 부과중,00000862,구제 23-2026-3호,중국산 폴리(에틸렌 테레프탈레이트)에 대한 덤핑방지관세부과 중간재심사,1.4
00002109,2026-03-27,폴리염화비닐 페이스트 수지,"독일, 프랑스, 노르웨이, 스웨덴",원심,기타,2026-03-26,해당 없음,한화솔루션 주식회사,,,,불명,,산업피해 공청회 보도. 잠정관세 25.79~42.81% 부과중('26.2.25~6.24),00000843,구제23-2025-6호,"독일, 프랑스, 노르웨이 및 스웨덴산 폴리염화비닐 페이스트 수지",1.4
00002113,2026-04-16,아연 및 아연합금 표면처리 냉간압연 제품,중국,원심,예비판정,2026-04-16,긍정,"동국씨엠㈜, 케이지스틸㈜, ㈜세아씨엠",,22.34~33.67%,,N,"두께 4.75밀리미터 미만... 다만, 아연을 전해도금하거나 도포한 제품과 소둔과정을 통해 합금화 아연도금한 제품은 포함하지 않음","잠정덤핑방지관세 건의; 본문은 신청인을 동국CM, KG스틸, 세아CM으로 표기",00000856,구제23-2025-9호,중국산 아연 및 아연합금 표면처리 냉간압연 제품의 덤핑사실 및 국내산업피해 유무 조사,1.32
00002113,2026-04-16,고체 수산화나트륨,"중국, 대만",원심,조사개시,2026-04-07,해당 없음,주식회사 영진,,,,N,"액체 수산화나트륨을 고농도로 농축ㆍ가공하여 제조한 백색의 고체 수산화나트륨으로, NaOH의 화학식을 가진 것",stage_date는 관보게재일,00000860,구제23-2026-2호,중국 및 대만산 고체 수산화나트륨,1.4
00002113,2026-04-16,이음매 없는 동관,태국,원심,기타,2026-04-16,해당 없음,"능원금속공업, 엘에스메탈",,,,N,"다만, 플라스틱 코팅이나 엠보, 고무발포 등의 부착물이 결합된 동관은 제외함",공청회; IGT·LWC·팬케이크코일·직관 모두 포함,00000844,구제23-2025-7호,태국산 이음매 없는 동관,1.4
00002113,2026-04-16,부틸 아크릴레이트,중국,원심,기타,2026-04-16,해당 없음,주식회사 엘지화학,,,,N,,공청회; 예비판정(2026-02-12) 잠정관세 9.53~19.17% 건의 수준 기재,00000846,구제23-2025-8호,중국산 부틸 아크릴레이트,1.4
00002128,2026-07-03,폴리염화비닐 페이스트 수지(PSR),"독일, 프랑스, 노르웨이, 스웨덴",원심,최종판정,2026-05-21,긍정,한화솔루션 주식회사,,25.79~31.55%,5년,N,,보도시점 2026-05-21로 입력 등록일과 다름. 잠정관세 25.79~42.81% 부과중,00000843,구제23-2025-6호,"독일, 프랑스, 노르웨이 및 스웨덴산 폴리염화비닐 페이스트 수지",1.4
00002128,2026-07-03,봉강,중국,원심,조사개시,2026-05-07,해당 없음,"세아베스틸, 세아창원특수강",,,,불명,"철, 탄소강 및 스테인리스강 이외의 합금강을 압연 또는 단조한 봉강. 철근, 형강, 중공드릴봉, 스테인리스강, 평판압연제품 등은 제외",stage_date는 개시 관보게재일. 위원회는 5.21에 개시 보고를 받음,00000847,구제 23-2025-10호,중국산 봉강의 덤핑사실 및 국내산업피해 유무 조사,1.4
00002129,2026-07-03,이음매 없는 동관,태국,원심,최종판정,2026-06-18,긍정,"능원금속공업 주식회사, 엘에스메탈 주식회사",,4.93~8.41%,5년,불명,"정제한 구리로 만든 외경 66.68㎜ 이하, 두께 0.20㎜ 이상 2.50㎜ 이하인 이음매가 없는 관",건의 대상은 재정경제부장관. 잠정관세 3.64~8.41%('26.3.30~'26.7.29). 본문 배포일 2026-06-18,00000844,구제23-2025-7호,태국산 이음매 없는 동관,1.4
00002147,2026-07-24,부틸 아크릴레이트,중국,원심,최종판정,2026-07-23,긍정,㈜엘지화학,,8.32~19.17%,,N,아크릴산과 부탄올의 에스테르화 반응을 통해 제조되는 유기 화합물,부과 기간 적혀 있지 않음. 잠정관세 9.53~19.17% 부과중,00000846,구제23-2025-8호,중국산 부틸 아크릴레이트,1.4
00002147,2026-07-24,석도강판,중국,원심,조사개시,2026-07-10,해당 없음,"(주)티씨씨스틸, (주)신화다이나믹스",,,,불명,"블랙플레이트 표면에 주석 또는 크롬 및 크롬산화물을 도금, 도포한 평판압연제품(주석도금강판, 크롬도금강판)",stage_date는 개시 관보게재일. 위원회는 7.23에 개시 보고를 받음,00000868,구제23-2026-5호,중국산 석도강판의 덤핑사실 및 국내산업피해 유무,1.4
00002147,2026-07-24,폴리염화비닐 서스펜션 수지,중국,원심,조사개시,2026-07-08,해당 없음,한화솔루션(주),,,,불명,동일 HSK 3904.10.0000이라도 유화중합 또는 미세현탁중합 방식의 폴리염화비닐 페이스트 수지(PSR)는 조사범위에 포함되지 않음,stage_date는 개시 관보게재일. 위원회는 7.23에 개시 보고를 받음,00000867,구제 23-2026-4호,중국산 폴리염화비닐 서스펜션 수지의 덤핑사실 및 국내산업피해 유무,1.4
00002147,2026-07-24,아연 및 아연합금 표면처리 냉간압연제품,중국,원심,기타,2026-07-23,해당 없음,"동국씨엠㈜, 케이지스틸㈜, ㈜세아씨엠",,,,불명,두께 4.75mm 미만. 물결 모양·도장 제품 포함. 다만 아연 전해도금·도포 제품과 합금화 아연도금 제품은 포함하지 않음,산업피해 공청회 보도. 잠정관세 22.34~33.67% 부과중('26.6.12~10.11),00000856,구제23-2025-9호,중국산 아연 및 아연합금 표면처리 냉간압연 제품의 덤핑사실 및 국내산업피해 유무 조사,1.32
00002147,2026-07-24,에이치(H) 형강,중국,종료재심사,기타,2026-07-23,해당 없음,"현대제철(주), 동국제강(주)",,,,불명,이축대칭(상하 및 좌우대칭) 단면이 H형상을 한 구조용 형강으로 높이가 80밀리미터 이상인 것,산업피해 공청회 보도(2차 재심). 재심 유형이 '2차 재심'으로만 적힘. 원심·1차 재심에서 가격약속 시행(7개사→3개사),00000852,구제23-2025-12호,중국산 에이치(H) 형강,1.2
00002157,2026-08-21,고체 수산화나트륨,"중국, 대만",원심,예비판정,2026-08-20,긍정,주식회사 영진,,"중국 3.66~22.21%, 대만 38.89%",,N,"액체 수산화나트륨을 고농도로 농축‧가공하여 제조한 백색의 고체 수산화나트륨으로, NaOH의 화학식을 가진 것",잠정덤핑방지관세 건의,00000860,구제23-2026-2호,중국 및 대만산 고체 수산화나트륨,1.4
00002157,2026-08-21,인쇄제판용 평면모양 사진플레이트,중국,종료재심사,기타,2026-08-20,해당 없음,제일씨앤피,,,,N,"포토폴리머 바이올렛판(Photopolymer Violet Plate), 재생판, 더블레이어판(Double-layer Plate)은 제외",2차 종료재심 공청회,00000859,구제 23-2025-13호,중국산 인쇄제판용 평면모양 사진플레이트에 대한 덤핑방지관세 부과 종료재심사(2차),1.4
00002167,2026-09-18,H형강,중국,종료재심사,재심사 판정,2026-09-17,긍정,"현대제철㈜, 동국제강㈜",,28.23~32.72%; 라이우스틸·르자오스틸 가격약속,5년,Y,구조용 형강 중 단면이 H형상을 한 물품으로 높이가 80밀리미터 이상인 것,2차 종료재심사,00000852,구제23-2025-12호,중국산 에이치(H) 형강,1.2
00002167,2026-09-18,봉강,중국,원심,예비판정,2026-09-17,긍정,"㈜세아베스틸, ㈜세아창원특수강",,25.08~27.96%,,N,"철, 탄소강 및 스테인리스강 이외의 합금강을 압연 또는 단조하여 생산되는 봉강제품",잠정덤핑방지관세 건의,00000847,구제 23-2025-10호,중국산 봉강의 덤핑사실 및 국내산업피해 유무 조사,1.4
00002167,2026-09-18,초산에틸,중국,원심,조사개시,2026-08-18,해당 없음,㈜한국알콜산업,,,,N,원료와 제조공법 여부를 불문하고 화학식이 CH3COOC2H5인 액체상태의 화학물질,stage_date는 관보게재일,00000869,구제23-2026-6호,중국산 초산에틸,1.4
00002167,2026-09-18,PET필름,"대만, 태국, UAE",불명,조사개시,2026-08-26,해당 없음,"㈜도레이첨단소재, ㈜마이크로웍스, ㈜효성화학, ㈜화승케미칼",,,,N,"PET 필름 중 코팅되지 않은 물품 및 코팅 두께 합이 0.25㎛ 이하인 것. 다만, 금속 증착/유채색(흰색 제외) 물품은 제외","'2차재심'으로만 표기, 재심 종류 미기재; stage_date는 관보게재일",00000870,구제23-2026-7호,"대만, 태국, 아랍에미리트연합산 PET 필름 종료재심사(2차)",1.2
00002167,2026-09-18,폴리에스테르 장섬유 완전연신사(FDY),중국,불명,조사개시,2026-09-03,해당 없음,한국화학섬유협회,,,,N,방사단계에서 완전연신사(FDY)와 장섬유 부분연신사(POY)를 직방사로 제조한 제품도 포함,"'1차재심'으로만 표기, 재심 종류 미기재; stage_date는 관보게재일",00000872,구제 23-2026-8호,중국산 폴리에스테르 장섬유 완전연신사에 대한 덤핑방지관세 부과 종료재심사(1차),1.2
