book_no,countries,product,review,action,duty_rate,period_start,period_end,period_text,note
1,"일본, 대만",D.C.P,,가격약속,,1989-01-01,1989-12-31,1989.1.1~1989.12.31 (1년),
2,프랑스,알루미나시멘트,,가격약속,,1989-09-01,1991-08-30,1989.9.1~1991.8.30 (2년),
3,"미국, 일본",폴리아세탈수지,,관세,4.0,1991-09-30,1993-08-30,1991.9.30~1993.8.30 (2년),
4,중국,정제인산,,관세,40.46~54.28,1993-02-20,1996-02-19,1993.2.20~1996.2.19 (3년),
4,중국,정제인산,1차 재심,관세,18.66~57.55,1996-02-20,1998-02-19,1996.2.20~1998.2.19 (2년),printed '(1차재심)'
5,태국,볼베어링,,관세,6.27,1993-01-28,1998-01-27,1993.1.28~98.1.27 (5년),"*관세청 덤핑률 재심사. Case table (row 7) lists 볼베어링 against 중국, terminated 1995.3.4 after review"
6,"미국, 일본",리튬1차전지,,관세,5.25~49.69,1996-09-02,1999-09-01,1996.9.2~1999.9.1 (3년),
7,"러시아, 불가리아",소다회,,관세,15.69~18.75,1997-01-24,2000-01-23,1997.1.24~2000.1.23 (3년),Case table (row 25) gives 15.69~16.94% and '1997.1.24부터 5년'
8,리히텐쉬타인,산업용공기조절기,,수출중지약속,,1997-07-21,2000-07-20,1997.7.21~2000.7.20 (3년),
9,"미국, 일본, 대만",유리장섬유,,관세,10.3~58.7,1994-04-12,1999-04-11,1994.4.12~1999.4.11 (5년),
9,"미국, 일본, 대만",유리장섬유,1차 재심,관세,10.3~58.7,1996-02-19,1999-04-11,1996.2.19~1999.4.11 (3년),*재심결과 일부품목 제외. Case table (row 16) gives 96.2.29~99.4.11
9,"미국, 일본",유리장섬유,2차 재심,관세,10.3~58.7,1996-02-19,1999-04-11,1996.2.19~1999.4.11 (3년),Same period as 1차 재심; consistent with case row 19 (1996.8.26 현행 AD관세 유지결정)
9,"미국, 일본",유리장섬유,3차 재심,관세,10.3~58.7,1999-04-12,2001-04-11,1999.4.12~2001.4.11 (2년),
10,미국,에탄올아민,,관세,20.07~33.84,1996-07-10,2001-07-09,1996.7.10~2001.7.9 (5년),
11,"미국, 중국",염화코린,,관세,33.83~49.6,1996-09-02,2001-09-01,1996.9.2~2001.9.1 (5년),
12,"네덜란드, 독일, 중국, 일본",전기면도기,,관세,23.14~45.68,1996-12-20,2001-12-19,1996.12.20~2001.12.19 (5년),
13,말레이시아,중질섬유판,,관세,19.31~39.54,1998-01-17,2001-01-16,1998.1.17~2001.1.16 (3년),Case table (row 31) gives 19.31~39.54 as the recommended rate and 7.02~33.11% as imposed on 1998.1.17
14,"싱가폴, 중국, 프랑스",전기다리미,,관세,10.43~43.77,1998-04-06,2001-04-05,1998.4.6~01.4.5 (3년),
15,중국,소다회,,관세,66.11,1993-12-31,1996-12-30,1993.12.31~96.12.30 (3년),
15,중국,소다회,1차 재심,관세,23.43,1997-05-17,2000-05-16,1997.5.17~2000.5.16 (3년),
15,중국,소다회,2차 재심,가격약속,,2000-12-04,2002-12-03,2000.12.4~02.12.3 (2년),Case table (row 47) gives 가격약속(일부) with 25.61~26.47%
16,"독일, 영국",셀프복사지,,관세,14.82 ~15.38,1998-03-10,2001-03-09,1998.3.10~2001.3.9 (3년),Rate and period cells are merged across the original and 1차 재심 lines; rate assigned to both. Case table gives 12.26~15.38% (row 32)
16,독일,셀프복사지,1차 재심,관세,14.82 ~15.38,2001-08-21,2004-08-20,2001.8.21~2004.8.20 (3년),Rate from merged cell. Case table (row 52) gives 14.83~15.38%
17,일본,복합호제,,가격약속,,2000-01-18,2005-01-17,2000.1.18~2005.1.17 (5년),
18,네덜란드,PS인쇄판,,가격약속,,2000-01-18,2005-01-17,2000.1.18~2005.1.17 (5년),
19,일본,PS인쇄판,,관세,24.51~38.16,1993-11-08,1998-01-07,1993.11.8~1998.1.7 (5년),BOOK ERROR (probable): end date 1998.1.7 does not give 5 years; case row 9 says '1993.11.8부터 5년' and 1차 재심 ends 1998.11.7
19,일본,PS인쇄판,1차 재심,관세,24.51~38.16,1996-12-03,1998-11-07,1996.12.3~1998.11.7,No duration printed. Case table (row 21) gives 1993.12.3~1998.11.7
19,일본,PS인쇄판,2차 재심,관세,24.51~38.16,1999-01-07,2002-01-06,1999.1.7~2002.1.6 (3년),
19,일본,PS인쇄판,3차 재심,일부품목제외,,1999-01-07,2002-01-06,1999.1.7~2002.1.6 (3년),Same period as 2차 재심
19,일본,PS인쇄판,4차 재심,관세,24.51~38.16,2002-01-06,2005-01-07,2002.1.6~2005.1.7 (3년),
20,러시아,H형강,,관세,15.13~15.18,1997-04-15,2005-04-14,1997.4.15~05.4.14 (5년),"BOOK ERROR (probable): 1997.4.15~2005.4.14 is 8 years, not 5; the end year is probably 02 (1차 재심 starts 2002.7.3)"
20,러시아,H형강,1차 재심,관세,15.95,2002-07-03,2005-07-02,2002.7.3~05.7.2 (3년),
21,중국,일회용포켓형라이타,,관세,32.84,1997-11-08,2002-11-07,1997.11.8~2002.11.7 (5년),
21,중국,일회용포켓형라이타,1차 재심,덤핑률조정,,1999-12-01,2002-11-07,1999.12.1~2002.11.7 (3년),"Case table (row 43) gives 38.84%→72.41~100.1%, 1999.11.8~02.11.7"
21,중국,일회용포켓형라이타,2차 재심,덤핑률조정,,2002-03-14,2002-11-07,2002.3.14~2002.11.7 (3년),"BOOK ERROR: 2002.3.14~2002.11.7 is under 8 months, not 3년. Case table (row 59, 상황변동) gives 72.41%→36.42% on 2002.2.7"
21,중국,일회용포켓형라이타,3차 재심,관세,36.42~63.51,2003-05-23,2006-05-22,2003.5.23~2006.5.22 (3년),Case table (row 65) gives 36.42~65.31%
22,일본,폴리비닐알콜,,관세,27.0~37.75,1998-04-10,2003-04-09,1998.4.10~2003.4.9 (5년),
22,일본,폴리비닐알콜,1차 재심,관세,17.6,2003-12-03,2006-12-02,2003.12.3~2006.12.2 (3년),printed '(1차재심)'
23,중국,페로실리코망간,,관세,17.95~24.68,1998-04-10,2003-04-09,1998.4.10~2003.4.9 (5년),
23,중국,페로실리코망간,1차 재심,관세·가격약속,15.66,2003-12-03,2008-12-02,2003.12.3~2008.12.2 (5년),printed '15.66(가격약속)'
24,대만,EVA(에틸렌초산비닐),,가격약속,,1997-08-05,2002-08-04,1997.8.5~2002.8.4 (5년),printed '(가격약속)'
24,대만,EVA(에틸렌초산비닐),1차 재심,가격약속,,2003-01-15,2006-01-14,2003.1.15~2006.1.14 (3년),printed '가격약속 (내용변경 및 기간연장)'
25,인니,일회용포켓형라이터,,관세,54.17~86.36,2003-09-09,2006-09-08,2003.9.9~2006.9.8 (3년),
26,"싱가폴, 중국, 일본",알칼리망간건전지,,관세,26.7,2000-04-15,2003-04-14,2000.4.15~2003.4.14 (3년),Case table (row 46) adds 미국 and a 싱가폴 가격약속
26,"싱가폴, 중국, 일본",알칼리망간건전지,1차 재심,관세·가격약속,8.76~24.97,2003-12-03,2006-12-02,2003.12.3~2006.12.2 (3년),printed '8.76~24.97(가격약속)'
27,대만,CD-R,,관세,51.72,2002-01-21,2007-01-20,2002.1.21~2007.1.20 (5년),
28,"일본, 미국",리튬1차전지,,관세,18.19,2004-07-30,2007-07-29,2004.7.30~2007.7.29 (3년),"Case table (row 86) records 2005.6.15 관세부과 철회결정 (재경부직권조사), before this end date"
29,일본,수산화알루미늄,,관세,40.33,2003-07-18,2008-07-17,2003.7.18~2008.7.17 (5년),
30,일본,염화비닐중합체후판(PVC-plate),,관세·가격약속,27.91~29.70,2004-12-20,2009-12-19,2004.12.20~2009.12.19 (5년),Product printed on two lines: '염화비닐중합체 / 후판(PVC-plate)'; rate printed '27.91~29.70 (가격약속)'
31,일본,자동가이드홀 펀칭기,,관세,4.92,2006-11-23,2009-11-22,2006.11.23~2009.11.22 (3년),
32,"중국, 싱가폴, 미국",폴리비닐 알코올,,관세,11.11~35.17,2006-12-12,2009-12-11,2006.12.12~2009.12.11 (3년),
33,"중국, 인니",정보용지 및 백상지,,관세,중) 5.50~8.99 / (인) 2.80~8.22,2003-11-07,2006-11-06,2003.11.7~2006.11.6 (3년),"Rate printed on two lines, '중) 5.50~8.99' missing its opening parenthesis. Case table (row 69) gives 2.80~8.99%"
33,"중국, 인니",정보용지 및 백상지,1차 재심,관세,(중) 2.22~7.39 / (인) 7.72,2007-06-01,2010-05-31,2007.6.1~2010.5.31 (3년),
34,일본,산업용로봇,,관세,4.51~10.00,2005-04-18,2010-04-17,2005.4.18~2010.4.17 (5년),Country printed '일 본'
35,중국,이산화티타늄,,관세,4.82~23.08,2005-03-02,2008-03-01,2005.3.2~2008.3.1 (3년),
35,중국,이산화티타늄,1차 재심,관세,4.86~23.08,2008-08-25,2011-03-01,2008.8.25~2011.3.1 (3년),About 2.5 years though labelled 3년 (same in case row 99)
36,중국,과산화벤조일,,관세·가격 상승,7.72,2008-05-16,2011-05-15,2008.5.16~2011.5.15 (3년),"Rate printed '7.72, 가격 상승'. Case table (row 96) gives 9.72%"
37,중국,차아황산소다,,관세,11.78~21.07,2004-06-23,2007-06-22,2004.6.23~2007.6.22 (3년),
37,중국,차아황산소다,1차 재심,관세,12.11~36.18,2008-01-31,2010-01-30,2008.1.31~2010.1.30 (2년),
37,중국,차아황산소다,2차 재심,관세,12.25~36.18,2010-08-06,2012-08-05,2010.8.6~2012.8.5 (2년),
38,"태국, 말레이시아",파티클보드,,관세,7.67,2009-04-24,2012-04-23,2009.4.24~2012.4.23 (3년),
39,"대만, 중국",POY,,관세,6.26,2012-07-25,2014-07-24,2012.7.25∼2014.7.24(2년),
40,"러시아, 미국, 캐나다, 중국, 인도네시아",크라프트지,,관세,4.03~10.79,2008-10-27,2011-10-26,2008.10.27~2011.10.26(3년),
40,"러시아, 미국, 캐나다, 중국, 인도네시아",크라프트지,1차 재심,관세,4.03~10.79,2012-04-10,2015-04-09,2012.4.10~2015.4.9(3년),
41,일본,알루미늄 보틀캔,,관세,4.59,2013-01-03,2016-01-02,2013.1.3~2016.1.2(3년),No matching application in the case table (pp. 300-310)
42,"미국, 인도, 중국, 캐나다",염화콜린,,관세,10.28~27.55,2004-10-20,2009-10-19,2004.10.20~v09.10.19(5년),BOOK ERROR: end date printed 'v09.10.19' (stray 'v'); read as 2009.10.19. Start 2004.10.20 differs from the 2004.7.30 imposition in case row 79
42,"미국, 인도, 중국, 캐나다",염화콜린,2차 재심,관세,10.28~27.55,2010-01-29,2013-01-29,2010.1.29~2013.1.29(3년),No 1차 재심 line printed. Case table (row 107) gives an evidently wrong outcome for this review
42,"미국, 인도, 중국, 캐나다",염화콜린,3차 재심,관세,22.19~27.32,2013-08-22,2016-08-21,2013.8.22~2016.8.21(3년),
43,"중국, 대만, 말레이시아",폴리에스테르 장섬유 연신가공사,,관세,2.60~8.69,2006-10-20,2009-10-20,2006.10.20~2009.10.20(3년),
43,"중국, 대만, 말레이시아",폴리에스테르 장섬유 연신가공사,1차 재심,관세·가격약속,2.37~8.69,2010-05-18,2013-05-17,2010.5.18~2013.5.17(3년),printed '(1차재심)'; rate printed '2.37~8.69(가격약속)'
43,"중국, 대만, 말레이시아",폴리에스테르 장섬유 연신가공사,2차 재심,관세,2.22~8.69,2013-12-20,2016-12-19,2013.12.20~2016.12.19(3년),
