bbs_id,date,title,file_name,file,text_chars,error
00001166,2008-11-09,반덤핑 제소 업체 EU와 대화통로 찾았다,1107 (10일석간) 무역구제정책팀 반덤핑 제소 업체 EU와 대화통로 찾았다.hwp,data/raw/ktc-press/00001166.hwp,2789,
00001170,2008-11-27,한국과 중국의 반덤핑 조사기관간 협력 강화,1127 (28일조간) 무역구제정책팀 한[1].중 반덤핑 조사기관 협력 강화.hwp,data/raw/ktc-press/00001170.hwp,4237,
00001178,2009-02-27,태국ㆍ말레이시아산 파티클보드에 대해 최종긍정판정,PB보도자료.hwp,data/raw/ktc-press/00001178.hwp,1980,
00001181,2009-06-25,중국산 베어링을 한국산으로 위장 수출한 업체에 과징금 부과 판정,0624 (25일석간) 불공정무역조사팀 중국산 베어링을 한국산으로 위장 수출한 업체에 과징금 부과 판정.hwp,data/raw/ktc-press/00001181.hwp,2410,
00001185,2009-08-28,차아황산소다 덤핑방지관세부과 재심사 개시의견 결정,무역위 차아황산소다 덤핑방지관세부과 재심사 개시의견 결정.hwp,data/raw/ktc-press/00001185.hwp,1944,
00001191,2009-11-27,"무역위, 미국.인도.중국.캐나다산 염화콜린에 대해 덤핑방지관세를 3년간 연장 부과하기로",1125 (26일석간) 산업피해조사팀 염화콜린 종료재심사 최종 판정.hwp,data/raw/ktc-press/00001191.hwp,2071,
00001193,2009-12-24,"무역위, 일본.인도.스페인산 스테인레스스틸바에 대해 덤핑방지관세 연장부과 등 결정",1223_(24일석간)_산업피해조사팀_제273차_무역위_결과.hwp,data/raw/ktc-press/00001193.hwp,2157,
00001194,2010-01-21,"무역위, 일본산 프로필렌옥사이드(PO)에 대해 반덤핑 조사개시 결정!",0120 (21일석간) 산업피해조사팀 무역위 일본산 프로필렌옥사이드(PO)에 대해 반덤핑 조사개시 결정.hwp,data/raw/ktc-press/00001194.hwp,2463,
00001196,2010-02-25,"무역위, 말레이시아산 합판에 대해 반덤핑 조사개시 결정",0224 (25일석간) 산업피해조사팀 무역위 말레이시아산 합판에 대해 반덤핑 조사개시 결정.hwp,data/raw/ktc-press/00001196.hwp,4180,
00001198,2010-04-01,중국.대만.말레이시아산 DTY에 대해 덤핑방지관세를 3년간 연장부과하기로,0331 (1일석간) 산업피해조사팀 제276차 무역위 결과(DTY).hwp,data/raw/ktc-press/00001198.hwp,2453,
00001200,2010-04-30,"무역위, 일본산 스테인리스스틸 후판에 대해 반덤핑 조사개시 결정",0428 (29일석간) 산업피해조사팀 일본산 스테인리스스틸 후판에 대해 반덤핑 조사개시 결정.hwp,data/raw/ktc-press/00001200.hwp,1679,
00001201,2010-05-28,"무역위, 중국산 플로트 판유리 덤핑방지관세부과 재심사 개시의견 결정",0526 (27일석간) 산업피해조사팀.hwp,data/raw/ktc-press/00001201.hwp,2121,
00001205,2010-06-17,"무역위『중국산 차아황산소다』반덤핑재심에서 최종긍정판정,『일본산 PO』에 대해서는 예비부정판정",,,0,
00001208,2010-07-15,"무역위, 『말레이시아산 합판』 반덤핑 예비긍정판정",0714 (15일석간) 산업피해조사팀 합판 및 타일 반덤핑 보도자료.hwp,data/raw/ktc-press/00001208.hwp,2933,
00001210,2010-09-16,"무역위, 『일본산 스테인리스스틸 후판』 반덤핑 예비긍정판정",0915 (16일석간) 산업피해조사팀 무역위 일본산 스테인리스스틸 후판 반덤핑 예비긍정판정.pdf,data/raw/ktc-press/00001210.pdf,1748,
00001211,2010-10-21,인도네사아.중국산 백상지 반덤핑 종료재심사 최종판정,1020 (21일석간) 산업피해조사팀 백상지 및 이산회타티늄 반덤핑 종료재심사 최종판정.hwp,data/raw/ktc-press/00001211.hwp,2588,
00001214,2010-11-25,『태국·말레이시아産 파티클보드』에 대한 반덤핑 상황변동 재심사 조사개시여부 의견결정,1125 (참고자료) 산업피해조사팀 태국[1].말레이시아産 파티클보드 반덤핑 상황변동 재심사.pdf,data/raw/ktc-press/00001214.pdf,3481,
00001218,2010-12-16,말레이시아산 합판 반덤핑 최종 판정,1215 (16일석간) 산업피해조사팀 무역위 말레이시아산 합판 반덤핑 최종 판정 결과.pdf,data/raw/ktc-press/00001218.pdf,1983,
00001219,2011-02-24,"""일본산 스테인리스스틸후판""에 대해 덤핑방지관세를 부과하기로 최종 결정",0223 (24일석간) 산업피해조사팀 일본산 스테인리스스틸 후판 반덤핑조사 최종판정.pdf,data/raw/ktc-press/00001219.pdf,174,
00001220,2011-03-24,『중국産 플로트 판유리』에 대해 반덤핑조치를 3년간 연장하기로 최종 판정,0323 (24일석간) 산업피해조사팀 제288차 무역위 결과.hwp,data/raw/ktc-press/00001220.hwp,3182,
00001222,2011-05-26,『중국産 도자기질 타일』에 대한 반덤핑조치를 3년간 연장하기로 최종 판정,290차 무역위.pdf,data/raw/ktc-press/00001222.pdf,5989,
00001223,2011-07-21,『중국産 아나타제형 이산화티타늄』에 대해 덤핑방지관세를 종료하기로,제292차 무역위 결과.pdf,data/raw/ktc-press/00001223.pdf,1841,
00001224,2011-08-29,『 대만 및 중국산産 폴리에스터 장섬유 부분 연신사』에 대한 덤핑방지관세부과 재심사 개시하기로 결정,POY 조사개시.pdf,data/raw/ktc-press/00001224.pdf,2019,
00001228,2012-01-20,중국·싱가포르·일본産 초산에틸』에 대해 반덤핑조치를 3년간 연장하기로 최종 판정,제298차 무역위 결과.pdf,data/raw/ktc-press/00001228.pdf,3384,
00001230,2012-02-23,(보도참고자료)『러시아&#8231;미국&#8231;인도네시아&#8231;중국 및 캐나다産 크라프트지』 반덤핑관세 3년간 연장,제299차 무역위 개최결과.pdf,data/raw/ktc-press/00001230.pdf,1752,
00001231,2012-03-29,『중국 및 인도産 PET필름』에 대해 반덤핑관세 3년간 연장,제300차 무역위 개최(PET필름).pdf,data/raw/ktc-press/00001231.pdf,1859,
00001240,2012-09-27,(보도참고) 염화콜린 및 스테인리스스틸바에 대한 덤핑방지조치 재심사 개시 결정,염화콜린 스텐레스.pdf,data/raw/ktc-press/00001240.pdf,3400,
00001242,2012-11-14,알루미늄 보들캔에 대한 산업피해 유무판정,알루미늄 보들캔에 대한 산업피해 유무판정1.pdf,data/raw/ktc-press/00001242.pdf,1584,
00001243,2012-11-23,"무역위, 3개 기업 FTA 무역조정지원 판정 및 중국산 합판 반덤핑 조사개시 결정",309차 무역위 개최결과.pdf,data/raw/ktc-press/00001243.pdf,4172,
00001246,2013-01-24,폴리프로필렌 연신 필름 반덤핑 및 음향증폭기 영업비밀 침해 조사 개시,OPP 음향증폭기.hwp,data/raw/ktc-press/00001246.hwp,3609,
00001248,2013-02-21,반덤핑조치의 실효성 강화를 위한 덤핑조사 방법 개선,반덤핑 조사기법의 실효성 강화방안.pdf,data/raw/ktc-press/00001248.pdf,1133,
00001249,2013-03-21,『중국산 합판』 덤핑조사 예비 긍정판정,중국산 합판 덤핑조사 예비판정.pdf.pdf,data/raw/ktc-press/00001249.pdf,1642,
00001252,2013-05-23,"『미국, 인도, 중국 및 캐나다산 염화콜린』 최종 판정 및 『중국, 인도네시아 및 태국산 OPP필름』 예비 긍정 판정",염화콜린OPP추가.pdf,data/raw/ktc-press/00001252.pdf,4034,
00001255,2013-07-25,『일본.인도 및 스페인산 스테인리스 스틸바』에 대한 덤핑방지관세 부과를 3년 연장하기로 최종 판정,제317차 무역위원회(스테인리스스틸바).pdf,data/raw/ktc-press/00001255.pdf,2351,
00001256,2013-08-22,(보도참고자료) 『중국산 합판』에 대해 덤핑방지관세 3년 부과하기로 최종 판정 등,보도참고(318차무역위개최결과0821)[1].pdf,data/raw/ktc-press/00001256.pdf,5099,
00001262,2013-11-25,일본산 PET필름에 대한 덤핑방지관세 조사 개시 결정,제322차무역위원회개최결과.pdf,data/raw/ktc-press/00001262.pdf,4929,
00001266,2014-03-04,"제325차 무역위원회 개최결과(2014.02.27, 산업피해조사팀, 덤핑조사팀)",무역위반덤핑조사4건개시.pdf,data/raw/ktc-press/00001266.pdf,8109,
00001273,2014-10-06,"제333차 무역위원회 개최결과(2014.09.25, 산업피해조사팀, 덤핑조사팀)",(20140926 석간 산업피해조사팀) 제333차무역위원회개최결과.hwp,data/raw/ktc-press/00001273.hwp,4885,
00001271,2014-10-06,무역위원회-관세청간 [덤핑방지관세 부과 실효성 제고를 위한 업무협력 양해각서(MOU)] 체결,(20140814 석간 산업피해조사팀)덤핑방지관세업무협약양해각서 체결.hwp,data/raw/ktc-press/00001271.hwp,995,
00001270,2014-10-06,"제330차 무역위원회 개최결과(2014.07.24, 덤핑조사팀, 산업피해조사팀)",(20140725 조간 덤핑조사팀)제330차무역위원회 개최결과.hwp,data/raw/ktc-press/00001270.hwp,4130,
00001269,2014-10-06,"제329차 무역위원회 개최결과(2014.06.26, 산업피해조사팀, 덤핑조사팀)",(20140626 석간 산업피해조사팀)제329차 무역위원회 개최결과.hwp,data/raw/ktc-press/00001269.hwp,1800,
00001281,2015-01-27,"무역위원회,『일본산 공기압 전송용 밸브』에 대한 덤핑방지관세를 5년간 부과하기로 최종 판정",0120 (21일석간) 제338차 무역위원회 개최결과(산피과덤핑과).hwp,data/raw/ktc-press/00001281.hwp,1643,
00001287,2015-05-28,"무역위원회, 가격약속 대상이 아닌『중국산 H형강』에 대해 덤핑방지관세(28.23~32.72%)를 5년간 부과하기로 최종 판정",무역위원회 가격약속 대상이 아닌『중국산 H형강』에 대해 덤핑방지관세(28.23~32.72%)를 5년간 부과하기로 최종 판정.hwp,data/raw/ktc-press/00001287.hwp,2280,
00001289,2015-08-27,"무역위원회,『인도산 초산에틸에 대한 반덤핑사실 및 국내산업 피해 유무』및 『중국, 싱가포르 및 일본산 초산에틸에 대한 덤핑방지관세부과 종료 재심사』최종 긍정판정",★초산에틸 보도자료-최종.hwp,data/raw/ktc-press/00001289.hwp,2348,
00001290,2015-09-24,"무역위원회, 『중국 및 인도산 PET필름에 대한 덤핑방지관세부과 종료 재심사』최종 긍정판정",★PET필름 보도자료-최종.hwp,data/raw/ktc-press/00001290.hwp,1983,
00001294,2016-01-05,가격약속 대상이 아닌『중국산 H형강』에 대해 덤핑방지관세(28.23~32.72%)를 5년간 부과하기로 최종 판정,05.28(조간) 덤핑조사과 가격약속 대상이 아닌『중국산 H형강』에 대해 덤핑방지관세(28.23~32.72%)를 5년간 부과하기로 최종 판정 H형강 판정.hwp,data/raw/ktc-press/00001294.hwp,2280,
00001295,2016-01-05,"무역위원회,「중국산 코팅된 루타일형 이산화티타늄」에 대한 반덤핑조사 개시",12.30(조간)산업피해조사과 이산화티타늄 조사개시.hwp,data/raw/ktc-press/00001295.hwp,2088,
00001296,2016-01-05,"무역위원회,「중국산 침엽수 합판」에 대해 덤핑방지관세를 4년간 부과하기로 최종판정 내려",12.22(석간)산업피해조사과 침엽수합판반덤핑최종판정 등.hwp,data/raw/ktc-press/00001296.hwp,4997,
00001297,2016-04-29,"무역위원회, 미국 및 프랑스산 부틸 글리콜 에테르의 덤핑사실 및 국내산업피해 예비 긍정판정 내려",보도자료_부틸글리콜에테르 예비판정(16.4.28.).pdf,data/raw/ktc-press/00001297.pdf,1892,
00001298,2016-05-24,세계 주요 반덤핑 수장들 공정·투명성 제고에 한 목소리-「2016 무역구제 서울국제포럼」 개최-,★160518_보도자료 최종배포.hwp,data/raw/ktc-press/00001298.hwp,21803,
00001303,2016-08-17,「일본산 스테인리스스틸 후판」에 대한 덤핑방지관세 부과를 3년 연장하기로 최종판정,0625 산업피해조사과일본산 스테인리스스틸 후판 재심 판정.hwp,data/raw/ktc-press/00001303.hwp,1860,
00001339,2017-01-23,"무역위원회, 중국산 옵셋인쇄판에 대해 덤핑 예비긍정 판정 및 잠정관세 부과 건의 결정",★보도자료_중국산 옵셋인쇄판 덤핑 예비판정.pdf,data/raw/ktc-press/00001339.pdf,2409,
00001351,2017-03-09,"무역위원회, 활엽수 합판에 대해덤핑방지관세 계속 부과",170217 무역위원회 개최결과 (긍정).hwp,data/raw/ktc-press/00001351.hwp,3017,
00001358,2017-03-09,"무역위원회, 중국산 옵셋인쇄판에 대해 덤핑 예비긍정 판정",0120 (21일조간) 산업피해조사과 중국산 옵셋인쇄판 덤핑 예비판정.hwp,data/raw/ktc-press/00001358.hwp,2421,
00001357,2017-03-09,"무역위원회,「베트남, 우크라이나 및 인도산 페로실리코망간」에 대해 반덤핑 조사 개시 결정",1208(9일 조간) 산업피해조사과 덤핑조사과 페로실리코망간 조사개시.hwp,data/raw/ktc-press/00001357.hwp,1713,
00001355,2017-03-09,미국 및 프랑스산 부틸 글리콜 에테르에 대해 덤핑 최종판정,0728 (29일조간) 산업피해조사과 부틸글리콜에테르 최종판정.hwp,data/raw/ktc-press/00001355.hwp,1765,
00001354,2017-03-09,"무역위원회, 가격약속 대상이 아닌『중국산 H형강』에 대해 덤핑방지관세(28.23~32.72%)를 5년간 부과하기로 최종 판정",0528(29일조간) 산업피해조사팀 H형강 판정.hwp,data/raw/ktc-press/00001354.hwp,2280,
00001363,2017-03-20,"무역위원회, 일본·인도·스페인산 스테인리스스틸바에 대해 덤핑방지관세 계속 부과키로",0317 (18일조간) 산업피해조사과 무역위 개최결과.hwp,data/raw/ktc-press/00001363.hwp,3971,
00001366,2017-04-28,"무역위원회, 베트남․우크라이나․인도산 페로실리코망간에 대해 덤핑 예비긍정 판정",0421 (22일조간) 산업피해조사과 페로실리코망간 예비판정 등.hwp,data/raw/ktc-press/00001366.hwp,2802,
00001367,2017-05-22,"무역위원회, 중국산 옵셋인쇄판에 덤핑 최종긍정 판정",★보도자료_중국산 옵셋인쇄판 최종판정.pdf,data/raw/ktc-press/00001367.pdf,2735,
00001372,2017-07-10,"무역위원회, 「일본, 중국 및 핀란드산 도공(Coated) 인쇄용지」에 대해 반덤핑조사 개시 결정",0707 (10일조간) 산업피해조사과 덤핑조사과 도공(Coated) 인쇄용지 조사개시.hwp,data/raw/ktc-press/00001372.hwp,1595,
00001373,2017-07-31,"무역위원회, 「중국산 아연도금철선」에 대해 반덤핑조사 개시 결정",0731 (1일조간) 산업피해조사과 덤핑조사과-중국산 아연도금철선 반덤핑 조사개시.hwp,data/raw/ktc-press/00001373.hwp,1693,
00001434,2017-09-26,"무역위원회, 베트남·우크라이나·인도산 페로실리코망간에 5년간 4.06~19.06%의 덤핑방지관세 최종판정",★170914(15일조간)-긍정-산업피해조사과 페로실리코망간 최종판정.hwp,data/raw/ktc-press/00001434.hwp,3812,
00001433,2017-09-26,"무역위원회, 대만․태국․UAE산 PET 필름에 대해 잠정덤핑방지관세 부과 건의",0825 (26일조간) 산업피해조사과 대만 태국 UAE산 PET 필름에 대해 잠정담핑방지관세 부과 건의.hwp,data/raw/ktc-press/00001433.hwp,2210,
00001441,2017-11-08,"무역위, 교환렌즈 영업비밀 침해 판정해 6개월간 수출중지 명령무역위, 교환렌즈 영업비밀 침해 판정해 6개월간 수출중지 명령",보도자료(무역위) 교환렌즈 영업비밀 침해판정에 6개월간 수출중지 명령.hwp,data/raw/ktc-press/00001441.hwp,2256,
00001444,2017-11-16,"무역위원회, 일본․중국․핀란드산 도공 인쇄용지에 대해 4.64~56.30%의 잠정덤핑방지관세 부과 건의",1116 (17일조간) 산업피해조사과 일본 중국 핀란드산 도공 인쇄용지에 대해 잠정담핑방지관세 부과 건의.hwp,data/raw/ktc-press/00001444.hwp,2903,
00001448,2017-12-19,한-중간 반덤핑 등 무역구제 분야 협력회의 개최,@(19일석간) 제17차 한-중 무역구제 협력회의 개최.hwp,data/raw/ktc-press/00001448.hwp,2804,
00001450,2017-12-29,"무역위원회, 중국산 아연도금철선에 대해 4.43~15.71%의 잠정덤핑방지관세 부과 건의",1221 (22일조간) 산업피해조사과 중국산 아연도금철선-긍정판정시(잠정관세).hwp,data/raw/ktc-press/00001450.hwp,2692,
00001456,2018-01-18,"무역위원회, 대만․태국․UAE산 PET 필름에 대해 5년간 3.67~60.95% 덤핑방지관세 부과 최종판정",0118 (19일조간) 산업피해조사과 대만 태국 UAE산 PET 필름.hwp,data/raw/ktc-press/00001456.hwp,5073,
00001463,2018-03-23,"무역위원회, 미국․말련․태국․일본산 에탄올아민 반덤핑방지관세 부과기간 연장 관련 공청회 개최",0322 (23일조간) 산업피해조사과 미국 말련 태국 및 일본산 에탄올아민 공청회 개최.hwp,data/raw/ktc-press/00001463.hwp,2257,
00001465,2018-04-13,"WTO 한-일 공기압 밸브 반덤핑 분쟁, 주요 쟁점에서 한국승소",(참고자료)WTO 한-일 공기압 밸브 반덤핑 분쟁 주요 쟁점에서 한국 승소.hwp,data/raw/ktc-press/00001465.hwp,4305,
00001472,2018-07-04,투명․공정한 반덤핑 조사로 보호무역 파고 넘는다,(보도자료)_2018 _무역구제 서울국제포럼_기관장간담회+기술협의회.hwp,data/raw/ktc-press/00001472.hwp,7615,
00001475,2018-07-23,중국산 타일에 대한 반덤핑관세를 연장하기로 결정,0719 (20일조간) 산업피해조사과 도자기질타일 무역위 판정.hwp,data/raw/ktc-press/00001475.hwp,1777,
00001482,2018-09-20,대만․이탈리아산 스테인리스 스틸바에 대해 9.68~18.56%의 잠정덤핑방지관세 부과 건의,0920 (21일조간) 산업피해조사과 대만 이탈리아산 스테인리스 스틸바에 대해 잠정담핑방지관세 부과 건의.hwp,data/raw/ktc-press/00001482.hwp,2941,
00001483,2018-10-15,"「중국, 인도네시아 및 브라질산 비도공지(Uncoated Paper)」에 대해 반덤핑조사 개시 결정",1012 (16일조간) 산업피해조사과 비도공지 조사개시.hwp,data/raw/ktc-press/00001483.hwp,2611,
00001498,2018-12-27,"무역위원회, 중국, 싱가포르 및 일본산 초산에틸 반덤핑조사 산업피해 공청회 개최",★보도자료_1227 (28일조간)중국 싱가포르 일본산 초산에틸 산업피해 공청회 개최.pdf,data/raw/ktc-press/00001498.pdf,1985,
00001497,2018-12-27,"무역위원회, 인도산 초산에틸 반덤핑조사 산업피해 공청회 개최",★보도자료_1227 (28일조간)인도산 초산에틸 산업피해 공청회 개최.pdf,data/raw/ktc-press/00001497.pdf,1632,
00001517,2019-02-21,"제385차 무역위원회, 2건의 반덤핑 판정(대만․이탈리아산 스테인리스 스틸바,중국․인도네시아․브라질산 비도공지)",0221 (22일조간) 산업피해조사과 385차 무역위원회 개최결과(2건 긍정판정.hwp,data/raw/ktc-press/00001517.hwp,4018,
00001519,2019-03-21,"제386차 무역위원회, 2건의 반덤핑 판정(중국․싱가포르․일본산 초산에틸(3차재심)/ 인도산 초산에틸(1차재심))",0321 (22일조간) 산업피해조사과 386차 무역위원회 개최결과.hwp,data/raw/ktc-press/00001519.hwp,3154,
00001520,2019-03-26,"무역위원회, 「대만, 중국, 일본 및 이탈리아산 글라신지」에 대해 반덤핑조사 개시 결정",0325(27일 조간) 산업피해조사과 덤핑조사과 글라신지 조사개시.pdf,data/raw/ktc-press/00001520.pdf,2190,
00001523,2019-04-25,"무역위원회, 중국, 인니 및 태국산 OPP필름 반덤핑조사 산업피해 공청회 개최",19.4.25(목) 무역위원회 중국 인니 및 태국산 OPP 필름 반덤핑조사 산업피해 공청회 개최.hwp,data/raw/ktc-press/00001523.hwp,2121,
00001522,2019-04-25,"무역위원회, 중국 및 인도산 PET필름 반덤핑조사 산업피해 공청회 개최",19.4.25(목) 무역위원회 중국 및 인도산 PET 필름 반덤핑조사 산업피해 공청회 개최.hwp,data/raw/ktc-press/00001522.hwp,2730,
00001532,2019-05-17,"각국 무역구제 기관장,『투명․공정한 반덤핑 조사』공감",0516 (17일석간) 산업피해조사과 무역구제 서울국제포럼 기관장간담회.pdf,data/raw/ktc-press/00001532.pdf,5835,
00001560,2019-11-28,"무역위원회, 일본산 ‘스테인리스스틸 후판’ 반덤핑조사 산업피해 공청회 개최",1127 (29일조간) 산업피해조사과 일본산 스테인리스스틸 후판 반덤핑.pdf,data/raw/ktc-press/00001560.pdf,2155,
00001562,2019-12-03,"무역위원회,「베트남산 합판」에 대해 반덤핑조사 개시 결정 공고",1129 (3일조간) 산업피해조사과 덤핑조사과 합판 조사개시.pdf,data/raw/ktc-press/00001562.pdf,2179,
00001614,2020-04-16,"제399차 무역위원회, 반덤핑 예비판정",제399차 무역위원회 반덤핑 예비판정.pdf,data/raw/ktc-press/00001614.pdf,2586,
00001654,2020-06-22,베트남산 합판 등 반덤핑조사(4건) 관련 산업피해조사 공청회 개최,보도자료_20.6.18(목) 무역위원회 합판 반덤핑조사 산업피해 공청회 개최.hwp,data/raw/ktc-press/00001654.hwp,6747,
00001668,2020-09-18,제404차 무역위원회 개최 및 반덤핑 판정,0917(18조간)산업피해조사과 베트남산 합판에 대한 반덤핑 조사 최종 판정 등(수정).hwp,data/raw/ktc-press/00001668.hwp,4420,
00001691,2021-02-22,"중국, 인도네시아 및 대만산 스테인리스강 평판압연 제품 반덤핑조사 예비판정","(참고자료)산업피해조사과, 중국, 인도네시아 및 대만산 스테인리스강 평판압연 제품 반덤핑조사 예비 판정.pdf",data/raw/ktc-press/00001691.pdf,2741,
00001690,2021-02-22,"제 408차 무역위원회 개최(중국산 H형강 및 중국산 옵셋인쇄판 최종판정, 중국산 FDY 조사개시 등)","0121(22조간)산업피해조사과, 제408차 무역위원회 개최결과(최종송부).hwp",data/raw/ktc-press/00001690.hwp,4612,
00001689,2021-02-22,"일본, 인도 및 스페인산 스테인리스스틸바에 대한 덤핑방지관세 부과 종료재심사 최종 판정 및 산업피해조사 공청회 개최",제406차 무역위원회 및 공청회 개최_보도자료(20201113).hwp,data/raw/ktc-press/00001689.hwp,3845,
00001701,2021-05-21,"무역위원회, STS 평판압연 반덤핑조사 산업피해 공청회 개최","보도자료_21.5.20(목) 무역위원회, STS 평판압연 반덤핑조사 산업피해 공청회 개최 v2.hwp",data/raw/ktc-press/00001701.hwp,2885,
00001713,2021-07-26,"중국, 인도네시아 및 대만산 스테인리스강 평판압연 제품 반덤핑조사 최종 판정",★(보도자료) 제413차 무역위원회 반덤핑 최종판정(STS 평판압연)-제출본(수정).hwp,data/raw/ktc-press/00001713.hwp,4755,
00001723,2021-11-08,"대만, 태국 및 UAE산 PET 필름에 대한 덤핑방지관세 부과 종료재심사(1차) 최종 판정","★210914 0819(20조간 13시엠바고)산업피해조사과, 무역위원회, 제414차 회의 개최.hwp",data/raw/ktc-press/00001723.hwp,6131,
00001722,2021-11-08,"대만, 태국 및 UAE산 PET 필름 반덤핑 1차 재심 산업피해공청회 개최","★0617(18조간)산업피해조사과, 제412차 무역위원회 개최결과_중국산 FDY_수산화알루미늄_PET 공청회.hwp",data/raw/ktc-press/00001722.hwp,5913,
00001768,2024-01-22,일본산 스테인리스 스틸바 덤핑방지관세 부과 20년만에 종료,"240119 - (22조간) 산업피해조사과, 일본산 스테인리스 스틸바 덤핑방지관세 부과 종료.hwp",data/raw/ktc-press/00001768.hwp,2417,
00001770,2024-03-03,"무역위원회, 이집트산 백시멘트 덤핑 판정","20240223 무역위원회, 이집트산 백시멘트 덤핑 판정.pdf",data/raw/ktc-press/00001770.pdf,5601,
00001771,2024-04-23,"무역위원회, 수입합판 반덤핑관세 연장","240419 (0419조간) 무역위원회, 합판 최종판정 등.hwp",data/raw/ktc-press/00001771.hwp,7823,
00001776,2024-06-03,"무역위, 스테인리스강 냉간압연 및 평판압연 반덤핑조사 개시",무역위 스테인리스강 냉간압연 및 평판압연 반덤핑조사 개시.hwpx,data/raw/ktc-press/00001776.hwpx,4917,
00001783,2024-06-21,기업에 우회덤핑방지를 위한 새로운 제도 소개,"0305(6석간)덤핑조사과, 기업에 우회덤핑방지를 위한 새로운 제도 소개.pdf",data/raw/ktc-press/00001783.pdf,2240,
00001845,2024-07-25,"무역위, 스테인리스강 반덤핑 조사 공청회 열어",0724(25조간)산업피해조사과 무역위 스테인리스강 반덤핑 조사 공청회 열어.pdf,data/raw/ktc-press/00001845.pdf,4673,
00001891,2024-09-30,"무역위원회, 제452차 무역위원회 개최 - 중국산 스테인리스스틸 후판 반덤핑조사 등 2건 조사 개시","0926(27조간, 배포즉시)산업피해조사과, 무역위원회, 제452차 무역위원회 개최.hwpx",data/raw/ktc-press/00001891.hwpx,3317,
00001895,2024-10-16,우회덤핑 방지제도 본격 시행을 위한 기업 의견 수렴,"1014(15석간)덤핑조사과, 우회덤핑 방지제도 본격 시행을 위한 기업 의견 수렴.pdf",data/raw/ktc-press/00001895.pdf,2268,
00001896,2024-10-18,"무역위원회, 중국산 PET 수지 덤핑 판정","1017(18조간, 17일(목) 16시엠바고)산업피해조사과, 무역위원회, 중국산 PET 수지 덤핑 판정.pdf",data/raw/ktc-press/00001896.pdf,5331,
00001910,2024-12-20,"무역위원회, 석유수지 잠정 덤핑방지관세 부과","1219(20조간, 19일(목) 13시30분엠바고)무역구제정책과, 무역위원회, 석유수지 잠정 덤핑방지관세 부과.pdf",data/raw/ktc-press/00001910.pdf,8174,
00001939,2025-04-23,"무역위, 열간압연 후판 잠정 덤핑방지관세 부과 건의","0220(21조간, 20(목) 18시엠바고)무역구제정책과, 무역위, 열간압연 후판 잠정 덤핑방지관세 부과.pdf",data/raw/ktc-press/00001939.pdf,5449,
00001938,2025-04-23,"무역위, 스테인리스스틸 후판 잠정 덤핑방지관세 부과","0116(17조간, 16일(목) 16시엠바고)무역구제정책과, 스테인리스스틸 후판 잠정 덤핑방지관세 부과.pdf",data/raw/ktc-press/00001938.pdf,2873,
00001953,2025-06-02,"무역위, 베트남산 스테인리스강 냉간압연 덤핑방지관세 부과 건의","0424(25조간, 24(목) 14시엠바고)무역구제정책과, 무역위, 베트남산 스테인리스강 냉간압연 덤핑방지관세 부과 건의.pdf",data/raw/ktc-press/00001953.pdf,7371,
00001982,2025-08-18,"무역위, 일(日)‧중(中) 열간압연에 잠정 덤핑방지관세 부과 건의","0724(25조간)무역구제정책과, 무역위, 일(日)‧중(中) 열간압연에 잠정 덤핑방지관세 부과 건의.pdf",data/raw/ktc-press/00001982.pdf,4010,
00001981,2025-08-18,"무역위, 중국산 스테인리스스틸 후판 21.62% 덤핑방지관세 부과 건의","0626(27조간)무역구제정책과, 무역위, 중국산 스테인리스스틸 후판 21.62% 덤핑방지관세 부과 건의.pdf",data/raw/ktc-press/00001981.pdf,3526,
00001985,2025-08-29,"무역위, 중국산 열연후판에 가격약속 건의","0828 무역구제정책과, 무역위, 중국산 열연후판에 가격약속 건의.pdf",data/raw/ktc-press/00001985.pdf,5416,
00001988,2025-09-15,덤핑수입 차단위해 무역위원회와 관세청 손잡고 나선다,"무역구제정책과, 저가제품의 덤핑-우회덤핑 차단 위해 관세청과 무역위가 손잡고 나선다.pdf",data/raw/ktc-press/00001988.pdf,2793,
00002064,2025-11-13,"무역위원회-관세청, 덤핑행위 차단 위한 협의체 본격 가동","1112 무역구제정책과, 무역위원회-관세청, 덤핑행위 차단 위한 협의체 본격 가동.pdf",data/raw/ktc-press/00002064.pdf,1554,
00002080,2025-12-22,독일·프랑스·노르웨이·스웨덴산 PVC 페이스트 수지 잠정덤핑방지관세 부과 건의 의결,"무역구제정책과, 독･프･노･스웨덴 산 PVC 페이스트 수지 잠정덤핑방지관세 부과 건의 의결.pdf",data/raw/ktc-press/00002080.pdf,4481,
00002092,2026-01-20,우회덤핑 방지제도 확대로 무역구제 실효성 제고,"0120(21조간)덤핑조사지원과, 우회덤핑 방지제도 확대로 무역구제 실효성 제고.pdf",data/raw/ktc-press/00002092.pdf,2022,
00002094,2026-01-23,중국산 단일모드 광섬유 ･ 태국산 이음매없는 동관 덤핑사실 및 국내산업피해 긍정 판정,"0122(23조간)무역구제정책과, 중국산 단일모드 광섬유･태국산 이음매없는 동관 덤핑사실 및 국내산업피해 긍정 판정.pdf",data/raw/ktc-press/00002094.pdf,11949,
00002109,2026-03-27,일본･중국산 산업용로봇 덤핑방지관세 부과 건의 의결,"0326(27조간)무역구제정책과, 일본 및 중국산 산업용로봇에 대한 덤핑방지관세 부과건의 의결.pdf",data/raw/ktc-press/00002109.pdf,4621,
00002113,2026-04-16,중국산 아연 표면처리 냉연제품에 잠정 덤핑방지관세 부과 건의 의결 새글,"0416(17조간)무역구제정책과, 중국산 아연 표면처리 냉연제품에 잠정 덤핑방지관세 부과 건의 의결.pdf",data/raw/ktc-press/00002113.pdf,4748,
00002131,2026-07-03,"무역위원회-관세청, 덤핑대응 위해 맞손","0629(30석간)무역구제정책과, 무역위원회-관세청, 덤핑대응 위해 맞손.pdf",data/raw/ktc-press/00002131.pdf,1984,
00002129,2026-07-03,"무역위, 태국산 이음매 없는 동관에 덤핑방지관세 부과 건의","0618(19조간)무역구제정책과, 무역위, 태국산 이음매 없는 동관에 덤핑방지관세 부과 건의.pdf",data/raw/ktc-press/00002129.pdf,1533,
00002128,2026-07-03,"무역위, 유럽 4개국산 PVC 페이스트 수지(PSR)에 덤핑방지관세 부과건의 의결","0521(22조간)무역구제정책과, 무역위, 유럽 4개국산 PVC 페이스트 수지(PSR)에 덤핑방지관세 부과건의 의결.pdf",data/raw/ktc-press/00002128.pdf,4329,
00002147,2026-07-24,"무역위, 중국산 부틸 아크릴레이트에 덤핑방지관세 부과 건의","0723(24조간)무역구제정책과, 무역위, 중국산 부틸 아크릴레이트에 덤핑방지관세 부과 건의.pdf",data/raw/ktc-press/00002147.pdf,7091,
00002157,2026-08-21,중국 및 대만산 고체 수산화나트륨에 최대 38.89% 잠정덤핑방지관세 부과 건의,0820(21조간)중국 및 대만산 고체 수산화나트륨에 최대 38.89% 잠정덤핑방지관세 부과 건의.pdf,data/raw/ktc-press/00002157.pdf,2807,
00002167,2026-09-18,"중국산 H형강, 봉강 덤핑조사 판정","0917(18조간)무역구제정책과, 무역위, 중국산 H형강 및 봉강 덤핑조사 판정.pdf",data/raw/ktc-press/00002167.pdf,6270,
