master_id,case_no,title,case_type,petitioners,outcome_type,final_determination,prelim_determination,duty_rate,dumping_margin,duty_period,price_undertaking,scope_note,sources,press_ids,book_rows
00000217,,리튬1차전지 덤핑수입으로 인한 국내 산업피해 조시,재심(종류 미상),산요전기(주),재심사 불개시,,,,,,N,,30년사,,38
00000216,,대두유 덤핑수입으로 인한 국내 산업피해 조사,원심,대두가공협회,신청철회,,,,,,N,,30년사,,37
00000228,대무 35-6-2000-1,중국산 일반용자전거 및 동 부품의 덤핑수입으로 인한 국내산업피해유무 조사,원심,자전거공업협회,신청기각,,,,,,N,,30년사,,49
00000227,대무 35-6-2000-2,일본산 인쇄제판용평면상사진플레이트 덤핑방지관세부과 재심사,재심(종류 미상),에이에스잉크,재심사 불개시,,,,,,N,,30년사,,48
00000203,대무 40-6-96-5,스위스산 산업용 공기조절기 덤핑수입으로 인한 국내산업피해조사,원심,서번산업(주),신청철회,,,,,,N,,30년사,,24
00000180,,디쿠밀퍼록사이드 덤핑수입으로 인한 산업피해조사,재심(종류 미상),대화정밀화학(주),가격약속,,,,,1989.1.1~1989.12.31,Y,,30년사,,1
00000181,대무 40-6-90-1,알루미나시멘트 뎀핑수입으로 인한 산압피해조사,원심,(주)유니온,가격약속,,,,,1989.9.1~1991.8.30(2년),Y,,30년사,,2
00000182,대무 40-6-90-2,폴리아크릴아미드 덤핑수입으로 인한 산업피해조사,원심,이양화학(주),피해부정판정,,,,,,N,,30년사,,3
00000183,대무 40-6-90-2,폴리아세탈수지 덤핑수입으로 인한 산업피해조사,원심,한국엔지니어링플라스틱,AD관세 부과,,,4%,,1991.9.30부터 2년,N,,30년사,,4
00000184,,H-산 덤핑수입으로 인한 산업피해조사,원심,풍국정유공업(주),신청철회,,,,,,N,,30년사,,5
00000185,대무 40-6-92-2,중국산 정제인산 덤핑 수입으로 인한 산업피해조사,원심,한국정밀화학공업진흥회,AD관세 부과,,,"공업용40.96~54.28%, 식품용40.46~46.78%",,1993. 2.20부터 3년,N,,30년사,,6
00000187,대무 40-6-93-1,중국으로부터의 소다회 덤핑수입으로 인한 산업피해조사,원심,동양화학공업(주),AD관세 부과·가격약속,,,66.11%,,1993.12.31부터 3년,Y,,30년사,,8
00000188,,PS 인쇄판 덤핑수입으로 인한 산업피해조사,원심,훽스트산업(주),AD관세 부과,,,24.51~38.16%,,1993.11. 8부터 5년,N,,30년사,,9
00000191,대무 40-6-94-1,"미국, 중국, 벨기에 및 프랑스로부터의 액체가소성소다 덤핑수입으로 인한 산업피해조사",원심,한국소다공업협회,피해부정판정,,,,,,N,,30년사,,12
00000189,대무 40-6-93-3,"미국, 일본 및 대만산 유리장섬유 덤핑수입으로 인한 산업피해조사",원심,한국베트로텍스(주),AD관세 부과·가격약속,,,10.3~58.7%,,1994.4.12부터 5년,Y,,30년사,,10
00000190,대무 40-6-93-4,러시아로 부터의 소성인산석회 덤핑수입에 의한 산업피해조사,원심,한국특수사료(주),피해부정판정,,,,,,N,,30년사,,11
00000192,대무 40-6-94-2,"중국 러시아, 카자흐스탄 및 우즈베키스탄으로부터의 아연괴 덤핑수입으로 인한 산업피해조사",원심,고려아연(주),피해부정판정,,,,,,N,,30년사,,13
00000193,대무 40-6-95-1,일본산 동박 덤핑수입으로 인한 산업피해조사,원심,(주)덕산금속,신청철회,,,,,,N,,30년사,,14
00000194,,정제인산 덤핑수입으로 인한 산업피해 조사,재심(종류 미상),동부쁘레용(주),AD관세 부과,,,18.66~57.55%,,1996.2.20부터 2년,N,,30년사,,15
00000195,대무 40-6-95-3,일본산 유리장섬유 덤핑방지관세부과 재심사,재심(종류 미상),한국오리베스트(주),AD관세 부과,,,10.3~58.7%,,96.2.29~99.4.11,N,,30년사,,16
00000196,대무 40-6-96-1,미국산 에탄올아민 덤핑수입으로 인한 산업피해조사,원심,한국포리올(주),AD관세 부과,,,20.07~33.84%,,96.7.10부터 5년,N,,30년사,,17
00000197,대무 40-6-96-2,"일본, 미국산 리튬1차전지의 덤핑수입으로 인한 산업피해조사",원심,(주)테크라프,AD관세 부과,,,5.25~49.69%,,1996.9.2부터 3년,N,,30년사,,18
00000198,,유리장섬유 덤핑수입으로 인한 산업피해조사,재심(종류 미상),(주)한국화이바,AD관세 부과,,,,,,N,,30년사,,19
00000199,대무 40-6-96-3,미국 및 중국산 염화코린 덤핑수입으로 인한 국내산업피해조사,원심,코린화학(주),AD관세 부과,,,33.83~49.62%,,1996. 9. 2부터 5년,N,,30년사,,20
00000200,대무-XXXX,일본산 인쇄제판용 평면상 사진플레이트(PS인쇄판) 덤핑관세부과 재심사,재심(종류 미상),(주)우일신상,AD관세 부과,,,24.51~38.16%,,1993.12.3~1998.11.7,N,,30년사,,21
00000201,대무 40-6-96-4,"일본, 독일, 네덜란드 및 중국산 전기면도기의 덤핑수입으로 인한 국내산업피해 조사",원심,(주)우림전자,AD관세 부과·가격약속,,,23.14~45.68%,,1996.12.20부터 5년,Y,,30년사,,22
00000202,대무 40-6-96-8,중국산 소다회의 덤핑방지관세부과 및 약속 재심사,재심(종류 미상),동양화학공업(주),AD관세 부과·가격약속,,,23.43%,,1997.5.17부터 3년,Y,,30년사,,23
00000204,대무 40-6-96-8,불가리아 및 러시아산 소다회의 덤핑수입으로 인한 국내산업피해조사,원심,동양화학공업(주),AD관세 부과,,,15.69~16.94%,,1997.1.24부터 5년,N,,30년사,,25
00000205,대무 40-6-96-9,러시아산 H형강 덤핑수입으로 인한 국내산업피해유무 조사,원심,강원산업(주),AD관세 부과·가격약속,,,15.13~15.18%,,1997.4.15부터 5년,Y,,30년사,,26
00000208,대무 40-6-97-3,대만산 에틸렌-초산비닐공중합체에멀젼타입 덤핑수입으로 인한 국내산업피해유무 조사,원심,태영화학(주),가격약속,,,,,,Y,,30년사,,29
00000207,대무 40-6-97-2,중국산 일회용 포켓형 라이터 덤핑수입으로 인한 국내산업피해유무 조사,원심,라이타공업협동조합,AD관세 부과,,,32.84%,,1997.11.8부터 5년,N,,30년사,,28
00000209,대무 35-6-97-4,중국산 푸르푸릴알콜 덤핑수입으로 인한 국내산업피해 조사,원심,삼성정밀화학(주),신청철회,,,,,,N,,30년사,,30
00000210,대무 35-6-97-5,말레이시아 및 미국산 중질섬유판 덤핑수입으로 인한 국내산업피해 조사,원심,한솔포렘(주) 외 4,AD관세 부과,,,7.02~33.11%(미국제외),,,N,,30년사,,31
00000211,대무 35-6-97-6,독일 및 영국산 셀프복사지의 덤핑수입으로 인한 국내산업피해유무 조사,원심,한솔파텍(주) 외 2,AD관세 부과·가격약속,,,12.26~15.38%,,1998. 3.10부터 3년,Y,,30년사,,32
00000212,대무 35-6-97-7,H-메틸셀룰로스 덤핑수입으로 인한 국내산업피해 조사,원심,삼성정밀화학(주),피해부정판정,,,,,,N,,30년사,,33
00000213,대무 35-6-97-8,"싱가포르, 중국 및 프랑스산 가정용 전기다리미 덤핑수입으로 인한 산업피해유무 조사",원심,코발트전기공업(주) 외,AD관세 부과,,,10.43~43.77%,,1998.4.6부터 3년,N,,30년사,,34
00000215,대무 35-6-97-10,폴리비닐알코올 덤핑수입으로 인한 국내 산업피해 조사,원심,동양화학공업(주),AD관세 부과,,,27.0~37.75%,,1998.4.10부터 5년,N,,30년사,,36
00000214,대무 35-6-97-9,중국산 페로실리코망간 덤핑수입으로 인한 국내 산업피해 조사,원심,동부건설 외 2,AD관세 부과·가격약속,,,17.95~24.68%,,1998.4.10부터 5년,Y,,30년사,,35
00000218,대무 35-6-98-1,일본산 인쇄제판용 평면상 사진플레이트(PS인쇄판) 덤핑수입으로 인한 국내산업피해 조사,재심(종류 미상),한국아그파,AD관세 부과,,,24.51~38.16%,,1999. 1. 7부터 3년,N,,30년사,,39
00000220,대무 35-6-98-4,"미국, 일본 및 대만산 유리장섬유 덤핑방지관세부과 재심사",재심(종류 미상),한국베트로텍스,AD관세 부과,,,10.30~58.70%,,1999. 4.12~01. 4.11,N,,30년사,,41
00000219,대무 35-6-98-3,"말레이시아, 인도네시아, 타이산 파티클보드 덤핑 및 산업피해 조사",원심,한솔포렘,신청철회,,,,,,N,,30년사,,40
00000221,대무 35-6-99-1,일본산 방적사용 복합호제 덤핑 및 산업피해 조사,원심,공영화학 외 1,가격약속,,,,,2000.1.18부터 5년,Y,,30년사,,42
00000222,대무 35-6-99-3,중국산 포켓형일회용라이터 덤핑방지관세부과율 재심사,재심(종류 미상),한국라이터공업협동조합,AD관세 부과,,,38.84%→72.41~100.1%,,1999.11.8~02.11.7,N,,30년사,,43
00000224,대무 35-6-99-3,대만산 알루미늄 공관 및 뚜껑의 덤핑수입으로 인한 국내산업피해유무 조사,원심,대한제강공업협동조합,피해부정판정,,,,,,N,,30년사,,45
00000225,대무 35-6-99-5,"싱가포르, 중국, 일본 및 미국산 알칼리망간건전지의 덤핑수입으로 인한 국내산업피해유무 조사",원심,서통 외 1,AD관세 부과·가격약속,,,"중국, 일본 26.7%",,2000.4.15부터 3년,Y,,30년사,,46
00000226,대무 35-6-99-6,중국산 소다회 덤핑방지관세부과 및 가격약속 재심사,재심(종류 미상),동양화학,AD관세 부과·가격약속,,,25.61~26.47%,,,Y,,30년사,,47
00000230,대무 35-6-2000-4,말세이시아산 중질섬유판의 덤핑방지관세부과 재심사,재심(종류 미상),합판보드협회,피해부정판정,,,,,,N,,30년사,,51
00000229,대무 35-6-2000-3,타이 및 인도네시아산 중질섬유판의 덤핑수입으로 인한 국내산업피해유무 조사,원심,합판보드협회,피해부정판정,,,,,,N,,30년사,,50
00000234,대무 35-6-2000-5,독일산 셀프복사지 덤핑방지관세부과 및 가격약속 종료 재심사,종료재심사,"한솔파텍, 계성제지",신청철회,,,,,,N,,30년사,,55
00000231,대무 35-6-2000-5,독일산 셀프복사지 덤핑수입으로 인한 국내산업피해유무 조사,재심(종류 미상),"한솔파텍, 계성제지",AD관세 부과·가격약속,,,14.83~15.38%,,3년,Y,,30년사,,52
00000232,대무 35-6-2000-*,"싱가포르, 중국 및 프랑스산 가정용 전기다리미 덤핑수입으로 인한 산업피해유무 조사",재심(종류 미상),부방테크론,신청철회,,,,,,N,,30년사,,53
00000233,대무 35-6-2000-6,"인도, 파키스탄 및 인도네시아산 코우머사의 덤핑수입으로 인한 국내산업피해유무 조사",원심,대한방직협회,신청철회,,,,,,N,,30년사,,54
00000236,구제 23-2001-2,일본산 인쇄제판용평면상사진플레이트 덤핑방지관세부과 재심사,재심(종류 미상),(주)유럽그래픽,기타,,,,,,N,,30년사,,57
00000235,구제 23-2001-1,대만산 CD-R의 덤핑수입으로 인한 국내산업피해유무 조사,원심,SKC,AD관세 부과,,,51.72%,,2002.1.21부터 5년,N,,30년사,,56
00000237,구제 23-2001-3,일본산 인쇄제판용평면상사진플레이트 덤핑방지관세부과 재심사,재심(종류 미상),한국아그파(주),AD관세 부과,,,24.51%~38.16%,,2002.1.6부터 3년,N,,30년사,,58
00000238,구제 23-2001-4,중국산 일회용포켓형라이타의 덤핑방지관세부과에 대한 재심사,재심(종류 미상),신하이사,상황변동재심,,,72.41%→36.42%,,,N,,30년사,,59
00000239,구제 23-2001-5,러시아산 H형강 덤핑방지관세부과 및 가격약속 재심사,재심(종류 미상),INI Steel,AD관세 부과,,,15.95%,,3년,N,,30년사,,60
00000240,구제 23-2001-6,중국산 백시멘트 덤핑수입사실 및 국내산업피해유무 조사,원심,유니온,피해부정판정,,,,,,N,,30년사,,61
00000241,구제 23-2002-1,중국산 시약급 소다회의 덤핑방지관세 부과대상 제외여부 조사,중간재심사(부과대상 제외),지원상사,상황변동재심,,,,,,N,,30년사,,62
00000242,구제 23-2002-2,대만산 에틸렌-초산비닐공중합체에멀젼타입 가격약속종료시 덤핑수입 및 국내산업피해 지속 또는 재발가능성 유무 조사,재심(종류 미상),한국에어프러덕트,가격약속,,,,,2003.1.15부터 3년,Y,,30년사,,63
00000243,구제 23-2002-3,알카리망간건전지 덤핑수입사실 및 국내산업피해유무 조사,재심(종류 미상),에너자이저차이나,상황변동재심,,,26.7%,,,N,,30년사,,64
00000244,구제 23-2002-4,중국산 일회용포켓형라이타의 덤핑방지관세부과 종료시 덤핑수입 및 국내산업 피해의 지속 또는 재발가능성 조사,재심(종류 미상),라이터공업협동조합,AD관세 부과,,,36.42~65.31%,,3년,N,,30년사,,65
00000245,구제 23-2002-5,일본산 수산화알루미늄의 덤핑수입사실 및 국내산업피해유무 조사,원심,한국화학,AD관세 부과·가격약속,,,,,5년,Y,,30년사,,66
00000246,구제 23-2002-6,"미국, 독일, 폴란드 및 프랑스산의 2-헥실알콜 덤핑수입사실 및 국내산업피해유무 조사",원심,"엘지화학, 한국석유화학",피해부정판정,,,,,,N,,30년사,,67
00000247,구제 23-2002-7,베트남 및 인도네시아산 일회용포켓형라이타의 덤핑수입사실 및 국내산업피해유무 조사,원심,라이터공업협동조합,AD관세 부과,,,54.17~86.36%,,3년,N,,30년사,,68
00000250,구제 23-2002-10,일본산 폴리비닐알콜 덤핑방지관세부과 종료시 덤핑수입 및 국내산업피해의 지속 또는 재발 유무에 대한 조사,재심(종류 미상),동양제철화학,AD관세 부과,,,17.6%,,3년,N,,30년사,,71
00000248,구제 23-2002-8,"인도네시아, 중국산 정보용지 및 백상지의 덤핑수입사실 및 국내산업피해유무 조사",원심,"신호제지, 한솔제지",AD관세 부과,,,2.80~8.99%,,3년,N,,30년사,,69
00000249,구제 23-2002-9,중국산 페로실리코망간 덤핑방지관세부과 및 가격약속종료시 덤핑수입 및 국내산업 피해의 지속 또는 재발 유무에 대한 조사,재심(종류 미상),동양한농,AD관세 부과·가격약속,,,15.66%,,,Y,,30년사,,70
00000251,구제 23-2002-11,"싱가포르, 중국 및 일본산 알칼리망간건전지의 덤핑방지관세부과 및 가격약속 종료시 덤핑수입 및 국내산업피해의 지속 또는 재발 유무에 대한 조사",재심(종류 미상),"서통, 로케트건전지",AD관세 부과·가격약속,,,8.76~24.97%,,3년,Y,,30년사,,72
00000252,구제 23-2003-2,"벨기에, 스페인 및 이태리산 파티클보드의 덤핑수입사실 및 국내산업피해유무 조사",원심,(사)한국합판보드협회,신청철회,,,,,,N,,30년사,,73
00000253,"구제 23-2003-1, 4","일본, 인도 및  스페인산 스테인레스스틸바의 덤핑수입사실 및 국내산업피해유무 조사",원심,"금강공업(주), 동방산업(주), (주)배명금속, 세아특수강, 창워특수강",AD관세 부과·가격약속,,,15.39%,,,Y,,30년사,,74
00000254,구제 23-2003-3,중국산 규산나트륨의 덤핑수입사실 및 국내산업피해유무 조사,원심,"(주)로디, 아실리카코리아",신청기각,,,,,,N,,30년사,,75
00000255,구제 23-2003-5,중국산 차아황산소다의 덤핑수입사실 및 국내산업피해유무 조사,원심,"한솔케미언스, 부흥산업사",AD관세 부과,,,11.78~21.07%,,,N,,30년사,,76
00000256,구제 23-2003-6,일본산 6축 수직다관절형산업용 로보트에 대한 덤핑수입사실 및 국내산업피해유무 조사,원심,현대중공업(주),신청철회,,,,,,N,,30년사,,77
00000257,구제 23-2003-7,"일본, 미국산 리튬1차전지 덤핑수입사실 및 국내산업피해유무 조사",원심,비츠로셀,AD관세 부과,,,18.19%,,,N,,30년사,,78
00000258,구제 23-2003-8,"미국, 인도, 중국 및 캐나다산 염화콜린의 덤핑수입사실 및 국내산업피해유무 조사",원심,"코파벤스, 페셜, 코린화학",AD관세 부과,,,10.28~27.55%,,5년,N,,30년사,,79
00000259,구제 23-2004-1,중국산 아나타제형 이산화티타늄 덤핑수입사실 및 국내산업피해유무 조사,원심,코스모화학(주),AD관세 부과,,,4.82~23.08%,,3년,N,,30년사,,80
00000260,구제 23-2004-2,일본산  PVC Plate 덤핑수입사실 및 국내산업피해유무 조사,원심,크라운(주),AD관세 부과·가격약속,,,27.91~29.70%,,2004.12.20부터 5년,Y,,30년사,,81
00000261,구제 23-2004-3,일본산 인쇄제판용평면상사진플레이트의 덤핑방지관세부과 및 종료재심사 조사,종료재심사,한국아그파산업,기타,,,,,,N,,30년사,,82
00000262,구제 23-2004-4,일본산 6축 수직다관절형 산업용 로보트의 덤핑수입사실 및 국내산업피해유무 조사,원심,현대중공업(주),AD관세 부과,,,4.51~10.00%,,2005.4.18부터 5년,N,,30년사,,83
00000263,구제 23-2004-5,러시아산 H형강 덤핑방지관세부과 종료시 덤핑수입 및 국내산업피해의 지속 또는 재발 유무 조사,재심(종류 미상),INI스틸,기타,,,,,,N,,30년사,,84
00000265,구제 23-2005-2,"일본, 미국산 리튬 1차전지에 대한 덤핑방지관세 부과조치 철회여부 조사",원심,,종료,,,,,,N,,30년사,,86
00000264,구제 23-2005-1,중국산 도자기질 타일 덤핑수입사실 및 국내산업피해유무 조사,재심(종류 미상),,AD관세 부과,,,2.76~29.41%,,5년,N,,30년사,,85
00000266,구제 23-2005-3,"대만, 말레이시아, 중국산 폴리에스테르 장섬유 연신가공사의 덤핑수입사실 및 국내산업피해유무 조사",원심,"동국무역(주), (주)HK",AD관세 부과,,,2.60~8.69%,,3년,N,,30년사,,87
00000267,구제 23-2005-4,일본산 자동가이드홀펀칭기에 대한 덤핑수입사실 및 국내산업피해유무 조사,원심,세호로보트산업주식회사,AD관세 부과,,,4.92%,,3년,N,,30년사,,88
00000268,구제 23-2006-1,"미국, 중국, 싱가폰산 폴리비닐알콜의 덤핑수입사실 및 국내산업피해유무 조사",원심,동양제철화학,AD관세 부과,,,11.11~35.17%,,3년,N,,30년사,,89
00000269,구제 23-2006-2,"인도네시아, 중국산 백상지에 대한 덤핑방지관세부과 종료시 덤핑수입 및 국내산업피해의 지속 또는 재발가능성 조사",재심(종류 미상),"한국제지, 이앤페이퍼, 한솔제지, 동아제지",AD관세 부과,,,2.22~7.72%,,3년,N,,30년사,,90
00000270,구제 23-2006-4,"싱가포르, 중국 및 일본산 알카리망간건전지 덤핑방지관세부과 및 종료재심사",종료재심사,"로케트전기, 벡셀",신청철회,,,,,,N,,30년사,,91
00000271,구제 23-2006-5,"아프헨티나, 브라질, 미국산 대두유의 덤핑수입사실 및 국내산업피해유무 조사",원심,"CJ, 신동방, 삼양유지",신청철회,,,,,,N,,30년사,,92
00000272,구제 23-2006-6,"미국, 캐나다, 뉴질랜드산 라이너지에 대한 덤핑수입사실 및 국내산업피해유무 조사",원심,"아세아제지, 아세아페이퍼텍",기타,,,,,,N,,30년사,,93
00000273,구제 23-2006-7,중국산 치아황산소다 덤핑방지관세부과 종료재심사,종료재심사,한솔케미칼,AD관세 부과,,,12.11~36.18%,,2년,N,,30년사,,94
00000281,구제 23-2007-8,대만 중국산 폴리에스터 장섬유부분연신사의 덤핑수입사실 및 국내산업피해유무 조사,원심,"동국무역(주), 성안합섬(주)",AD관세 부과,,,2.97~6.26%,,3년,N,,30년사,,102
00000274,구제 23-2007-1,중국산 플로트 판유리의 덤핑수입사실 및 국내산업피해유무 조사,원심,"(주)케이씨씨, 한국유리",AD관세 부과,,,12.73~36.01%,,3년,N,,30년사,,95
00000275,구제 23-2007-2,중국산 과산화벤조일의 덤핑수입사실 및 국내산업피해유무 조사,원심,(주)한국케미칼,AD관세 부과,,,9.72%,,3년,N,,30년사,,96
00000276,구제 23-2007-4,"일본, 인도 및 스페인산 스테인레스 스틸바의 덤핑방지관세 부과대상 제외 결정 조사",중간재심사(부과대상 제외),(주)디케이씨에스,상황변동재심,,,,,,N,,30년사,,97
00000277,구제 23-2007-3,"중국, 싱가포르 및 일본산 초산에틸의 덤핑수입사실 및 국내산업피해유무 조사",원심,한국알콜산업(주),AD관세 부과,,,5.81~14.17%,,3년,N,,30년사,,98
00000279,구제 23-2007-5,"중국, 인도산 PET필름의 덤핑수입사실 및 국내산업피해유무 조사",원심,(주)코오롱,AD관세 부과,,,5.67~25.32%,,3년,N,,30년사,,100
00000278,구제 23-2007-6,중국산 아나타제형 이산화티타늄의 덤핑방지관세부과 종료재심사,종료재심사,코스모화학(주),AD관세 부과,,,4.86~23.08%,,2008.8.25~11.3.1. 3년,N,,30년사,,99
00000280,구제 23-2007-7,"인도네시아,캐나다,미국,중국산 크라프트지의 덤핑수입사실 및 국내산업피해유무",원심,"(주)이엔페이퍼, (주)쌍용제지",AD관세 부과,,,4.03~10.79%,,3년,N,,30년사,,101
00000282,구제 23-2008-1,타이 및 말레이시아산 파티클보드의 덤핑수입사실 및 국내산업피해유무,원심,(사)한국합판보드협회,AD관세 부과,긍정,,7.67%,,5년,불명,각종 목재를 미세하게 파쇄한 칩(chip)등의 주원료에 접착제를 첨가하여 성형ㆍ열압한 후 연마가공이하의 수준으로 가공한 보드,보도자료+30년사,00001178,103
00000283,구제 25-2008-2,중국산 도자기질타일 상황변동재심사,중간재심사,(주)케이티세라믹,AD관세 부과·가격약속,,,2.37~8.69%,,3년,Y,,30년사,,104
00000284,구제 23-2008-3,미국산 아디프산에 대한 덤핑수입사실 및 국내산업피해유무,원심,로리아폴리아마이드(주),기타,,,,,,N,,30년사,,105
00000000,구제 23-2009-1,일본.인도.스페인산 스테인레스스틸바 덤핑방지관세 및 약속의 종료재심사,종료재심사,"포스코특수강(주), (주)세아특수강, (주)동일제강, 세아특수강, 동일제강(주)",AD관세 부과·가격약속,긍정,,"일본 산요사 가격약속, 인도 비라즈사 3.33%, 그 외 업체 15.39%",,3년,Y,원형·사각·육각·평강의 봉(Bar),보도자료+30년사,00001193,106
00000001,구제 23-2009-5,미국. 인도. 중국. 캐나다산 염화콜린의 덤핑방지관세 종료재심사,종료재심사,"(주)코파벧스페셜, (주)코린화학, (주)코파벤스페셜",AD관세 부과·가격약속,긍정,,10.28~27.55%,,3년,Y,,보도자료+30년사,00001191,107
00000002,구제 23-2009-6,"중국, 대만, 말레이시아산 폴리에스테르 장섬유 연신가공사의 덤핑방지관세 종료재심사",종료재심사,"(주)티케이케미칼, 성안합섬(주)",AD관세 부과·가격약속,긍정,,2.37~8.69%,,3년,Y,,보도자료+30년사,00001198,108
00000003,구제 23-2009-7,중국산 차아황산소다의 덤핑방지관세 종료재심사,종료재심사,"(주)한솔케미칼, (주)한솔케미컬",AD관세 부과,,,12.25~36.18%,,2년,불명,,보도자료+30년사,00001185,109
00000005,구제 23-2009-9,일본산 프로필렌옥사이드의 덤핑수입사실 및 국내산업피해 유무,원심,"SKC(주), SKC",기타,,,,,,N,,보도자료+30년사,00001194,111
00000004,구제 23-2009-8,"인도네시아,중국산 백상지의 덤핑방지관세 종료재심사",종료재심사,"한국제지(주), 홍원제지(주), 한국제지, 홍원제지",기타,부정,,덤핑방지관세 및 가격약속 종료 건의,,,N,,보도자료+30년사,00001211,110
00000006,구제 23-2010-1,말레이시아산 합판의 덤핑수입사실 및 국내산업피해유무,원심,"(사)한국합판보드협회, 한국합판보드협회",AD관세 부과,긍정,긍정,5.12~38.10%,,3년,N,"목재를 얇은 단판으로 만들어 방향이 직교토록 접착시킨 적층판으로, 두께 6mm 이상인 후판(厚板) 제품 / 목재를 얇은 단판으로 만들어 방향이 직교토록 접착시킨 적층판으로, 두께 6mm 이상인 후판(厚板) 제품 / 목재를 얇은 단판으로 만들어 방향이 직교토록 접착시킨 적층판으로, 두께 6mm 이상인 후판(厚板) 제품",보도자료+30년사,00001196;00001208;00001218,112
00000007,구제 23-2010-2,일본산 스테인리스스틸 후판의 덤핑수입사실 및 국내 피해유무,원심,"(주)디케이씨, DKC(주)",AD관세 부과,긍정,긍정,13.17%,,5년,N,"스테인리스스틸 후판으로서 두께가 8mm이상 80mm이하이고 너비가 1,000mm이상 3,270mm이하인 제품 / 두께가 8mm 이상 80mm 이하이고 너비가 1,000mm 이상 3,270mm 이하인 제품",보도자료+30년사,00001200;00001210;00001219,113
00000008,구제 23-2010-3,중국산 플로트 판유리의 덤핑방지관세 종료재심사,종료재심사,"(주)케이씨씨, 한국유리공업(주), (주)KCC, 한국유리공업㈜",AD관세 부과,긍정,,12.04~36.01%,,3년,N,,보도자료+30년사,00001201;00001220,114
00000009,구제 23-2010-4,중국산 도자기질 타일의 덤핑방지관세 종료재심사,종료재심사,"(주)대동산업, (주)대보세라믹스, (주)한보요업, 성일요업(주), 성일요업주)",AD관세 부과,긍정,,9.14~29.41%,,3년,N,한 변의 길이가 70mm～1300mm의 사각형판 형태의 제품,보도자료+30년사,00001208;00001222,115
00000010,구제 23-2010-5,중국산 아나타제형 이산화티타늄의 덤핑방지관세 부과 종료재심사,종료재심사,"코스모화학(주), (주)코스모화학",기타,부정,,,,,불명,"루타일형은 Mn, Si, Al, Zn 등의 코팅이 되어 있으나 아나타제형은 코팅이 되어 있지 않다는 점에서 차이 / 아나타제형 이산화티타늄(섬유용은 제외)",보도자료+30년사,00001211;00001223,116
00000011,구제 23-2011-1,"중국, 싱가포르 및 일본산 초산에틸의 덤핑방지관세 부과 종료재심사",종료재심사,한국알콜산업(주),AD관세 부과,긍정,,3.14~14.17%,,3년,N,,보도자료+30년사,00001220;00001228,118
00000012,구제 23-2011-2,"중국, 인도산 PET필름의 덤핑방지 관세 부과 종료재심사",종료재심사,"도레이첨단소재(주), 코오롱인더스트리(주), (주)효성, (주)화승인더스트리, (주)도레이첨단소재, (주)코오롱인더스트리, (주)화성인더스트리",AD관세 부과,긍정,,5.87%~25.32%,,3년,N,,보도자료+30년사,00001222;00001231,120
00000118,구제 23-2011-3,"러시아, 미국, 인도네시아, 중국 및 캐나다산 크라프트지의 덤핑방지관세 종료재심사",종료재심사,"쌍용제지(주), 케이지피(주)",AD관세 부과,긍정,,4.03~10.79%,,3년,N,,보도자료+30년사,00001222;00001230,119
00000013,구제 23-2011-4,대만 및 중국산 폴리에스터 장섬유 부분연신사의 덤핑방지관세 종료재심사,종료재심사,"(주)티케이케미칼, 성안합섬(주), 성안합성㈜",AD관세 부과,,,6.26%,,2년,불명,,보도자료+30년사,00001224,122
00000014,구제 23-2011-5,"태국, 말레이시아산 파티클보드의 덤핑방지관세 부과 종료재심사",종료재심사,(사)한국합판보드협회,신청철회,,,,,,N,,30년사,,121
00000119,구제 23-2011-4,일본산 알루미늄 보틀캔의 덤핑수입사실 및 국내산업피해유무 조사,원심,"주식회사 테크팩솔루션, (주)테크팩솔루션",,긍정,,4.59%,,3년,N,알루미늄을 주원료로 하는 병모양의 용기(용적 1리터 미만); HSK 7612.90.9010(용적이 1리터 미만인 알루미늄 용기) / 알루미늄을 주원료로 하는 병모양의 용기(용적 1리터 미만),보도자료,00001228;00001242,
00000016,구제 23-2012-1,"미국, 인도, 중국 및 캐나다산 염화콜린에 대한 덤핑방지관세부과 종료재심사",종료재심사,"(주)코파벧스페셜, (주)코린화학, (주)코파벤스페셜",AD관세 부과,긍정,,22.19~27.32%,,3년,N,,보도자료+30년사,00001240;00001252,123
00000017,구제 23-2012-2,"일본, 인도 및 스페인산 스테인리스스틸바에 대한 덤핑방지조치 종료재심사",종료재심사,"(주)세아특수강, 동일제강(주), 동부특수강(주), 동방금속공업(주), 세아특수강, 동일제강, 동부특수강, 대호피앤씨, 세아특수강(주), 대호피엔씨(주)",AD관세 부과,긍정,,2.76~15.39%,,3년,불명,횡단면이 전체를 통하여 균일하고 중공이 없는 원형강·각강·육각강·평강인 제품,보도자료+30년사,00001240;00001255,124
00000018,구제 23-2012-3,중국산 합판의 덤핑사실 및 국내산업피해유무 최종판정,원심,(사)한국합판보드협회,AD관세 부과,긍정,긍정,2.42~27.21%,2.42~27.21%,3년,N,"목재를 얇은 단판으로 만들어 방향이 직교토록 접착시킨 적층판으로, 두께 6mm 이상인 후판(厚板) 제품 / 목재를 얇은 단판으로 만들어 방향이 직교토록 접착시킨 적층판으로, 두께 6mm 이상인 후판(厚板) 제품",보도자료+30년사,00001243;00001249;00001256,125
00000020,구제 23-2012-5,"중국, 대만 및 말레이시아산 폴리에스테르 장섬유 연신가공사에 대한 덤핑방지관세부과 종료재심사",종료재심사,"(주)티케이케미칼, 성안합성(주)",AD관세 부과,,,2.22~8.69%,,3년,N,,30년사,,126
00000120,구제 23-2012-4,"중국, 인도네시아 및 태국산 폴리프로필렌 연신필름(OPP필름)에 대한 덤핑사실 및 국내산업피해유무 조사",원심,"삼영화학공업(주), (주)필맥스, (주)화승인더스트리",AD관세 부과,,긍정,3.48~25.04%,,5년,N,품명: 두께가 10마이크론 이상인 폴리프로필렌 연신 필름 / 두께가 10마이크론 이상인 OPP 연신 필름,보도자료+30년사,00001246;00001252,127
00000138,구제 23-2013-1,말레이시아산 합판에 대한 덤핑방지관세부과 종료재심사,종료재심사,"선창산업(주), 이건산업(주), 성창기업(주)",AD관세 부과,,,3.08~38.10%,,2년,N,,30년사,,128
00000140,구제 23-2013-2,일본산 두꺼운 PET필름,원심,"SKC(주), 도레이첨단소재(주), 코오롱인더스트리(주), 에스케이씨(주)",AD관세 부과,,,5.95%,,3년,N,"두께 105㎛ 이상, 흐림도 15% 이하인 투명한 PET 필름. 다만 두께 1㎛ 이상의 코팅·인쇄·증착·라미네이션 등 추가가공을 거친 가공필름은 제외",보도자료+30년사,00001262,129
00000139,구제 23-2013-3,"미국, 말레이시아, 태국 및 일본산 에탄올아민의 덤핑사실 및 국내산업피해유무 조사",원심,KPX그린케미칼(주),AD관세 부과,긍정,,4.36%~21.79%,,3년,N,"모노에탄올아민(MEA), 디에탄올아민(DEA), 트리에탄올아민(TEA) 3가지 모두를 포함",보도자료+30년사,00001273,130
00000137,구제 23-2013-4,중국산 플로트 판유리 덤핑방지조치 종료재심사,종료재심사,"(주)케이씨씨, 한국유리공업(주)",AD관세 부과,,,12.04~36.08%,,3년,N,,30년사,,131
00000136,구제 23-2013-5,일본산 공기압 전송용 밸브의 덤핑사실 및 국내산업피해유무 조사,원심,"(주)티피씨메카트로닉스, 케이시시정공(주), (주)TPC메카트로닉스, (주)케이시시정공",AD관세 부과,긍정,긍정,11.66%~22.77%,,5년,N,"내경 320㎜ 이하 공압실린더 등 액츄에이터 구동용, 관로상 압력 10bar 미만 압축공기의 방향을 제어하는 공기압 전송용 밸브 및 유사 동종물품 / 내경 320㎜ 이하의 공압실린더 등의 액츄에이터를 구동시키기 위해 관로상의 압력이 10bar 미만인 압축공기의 방향을 제어하는 기계 장치 / 내경 320㎜ 이하의 공압실린더 등의 액츄에이터를 구동시키기 위해 관로상의 압력이 10bar 미만인 압축공기의 방향을 제어하는 기계 장치",보도자료+30년사,00001266;00001269;00001281,132
00000550,구제 23-2014-1,중국산 합판 신규공급자(꿰이강 웨이추앙)에 대한 별도의 덤핑방지관세율 부과여부 조사,재심(종류 미상),"꿰이강 동하이, 꿰이강 웨이추앙, 허저 성화",기타,긍정,,"꿰이강 동하이 4.54%, 꿰이강 웨이추앙(관계사 꿰이강 지에셍) 4.46%, 허저 성화 17.48% 유지",,14.2.28~16.10.17,N,6mm이상인 후판(厚板) 제품 / 6mm 이상인 후판(厚板)제품,보도자료+30년사,00001266;00001270,134;135;136
00000123,구제 23-2014-2,중국산 도자기질 타일 덤핑방지관세 부과 종료재심사,종료재심사,"(주)대동산업, (주)대보세라믹스, (주)한보요업, 성일요업(주)",AD관세 부과,,,9.07~29.41%,,3년,불명,"가로 및 세로의 길이가 70mm～1,300mm이내의 사각판 형태의 제품",보도자료+30년사,00001266,133
00000124,구제 23-2014-3,대만 및 중국산 폴리에스테르 장섬유 부분연신사 덤핑방지관세부과 종료재심사,종료재심사,"(주)티케이케미칼, 성안합섬(주)",기타,,,,,,불명,,보도자료+30년사,00001266,137
00000125,구제 23-2014-4,"말레이시아, 태국 및 인도산 폴리에스테르장섬유부분연신사 덤핑사실 및 국내산업피해조사",원심,"(주)티케이케미칼, 성안합섬(주)",기타,,긍정,,,,불명,,보도자료+30년사,00001273,138
00000134,구제 23-2014-5,중국산 H형강 반덤핑 조사,원심,"현대제철(주), 동국제강(주)",AD관세 부과,긍정,,28.23~32.72%,,5년,Y,구조용 형강 중 좌우대칭형태로 단면이 H형상을 한 물품 중 높이가 80밀리미터 이상인 것 / 구조용 형강 중 좌우대칭형태로 단면이 H형상을 한 것으로 높이가 80밀리미터 이상인 것,보도자료+30년사,00001270;00001287,139
00000135,구제 23-2014-6,"중국, 싱가포르 및 일본산 초산에틸  덤핑방지관세 종료 재심사 조사",종료재심사,한국알콜산업(주),AD관세 부과,긍정,,4.64~17.76%,,3년,N,,보도자료+30년사,00001289,140
00000133,구제 23-2014-7,인도산 초산에틸에 대한 덤핑사실 및 국내산업피해 유무 조사,원심,한국알콜산업(주),AD관세 부과,긍정,,8.56~19.84%,,3년,N,,보도자료+30년사,00001289,141
00000142,구제 23-2014-8,중국 및 인도산 PET필름에 대한 덤핑방지조치의 종료재심사,종료재심사,"도레이첨단소재(주), 코오롱인더스트리(주), (주)효성, (주)화승인더스트리, 코오롱인더스티리(주), 화승인더스트리(주)",AD관세 부과,긍정,,7.42~12.92%,,3년,N,,보도자료+30년사,00001290,142
00000143,구제 23-2015-1,중국산 침엽수 합판에 대한 덤핑사실 및 국내산업피해유무 조사,원심,"(사)한국합판보드협회, 한국합판보드협회",AD관세 부과,긍정,,4.22~7.15%,,4년,N,"양쪽 외면의 단판이 침엽수 목재(대나무, 활엽수 및 열대산 목재가 아닌 것)로 이루어진 두께 6㎜ 이상 후판. 모든 단판의 섬유 방향이 서로 평행한 것은 제외",보도자료+30년사,00001296,143
00000544,구제 23-2015-2,일본산 스테인리스스틸 후판에 대한 덤핑방지조치의 종료재심사,종료재심사,(주)디케이씨,AD관세 부과,긍정,,13.17%,,3년,N,"두께 8mm이상 80mm이하, 너비 1,000mm이상 3,270mm이하 열간압연 강판. 단, 코일형태의 제품 및 원심에서 덤핑방지관세를 부과하지 않은 제품은 제외",보도자료+30년사,00001303,144
00000175,구제23 2015-3,미국 및 프랑스산 부틸 글리콜에테르 반덤핑조사(원심),원심,롯데케미칼(주),AD관세 부과,긍정,긍정,20.10%~25.00%,,5년,N,"에틸렌글리콜 모노부틸에테르와 디에틸렌글리콜 모노부틸에테르를 말함 / 에틸렌글리콜 모노부틸에테르와 디에틸렌글리콜 모노부틸에테르를 말함 / 부탄올과 에틸렌 옥사이드를 가압, 가열하여 반응시킨 후 증류를 거쳐 얻은 유기화합물 중 에틸렌글리콜 모노부틸에테르와 디에틸렌글리콜 모노부틸에테르를 말함",보도자료+30년사,00001296;00001297;00001355,145
00000543,구제 23-2015-4,중국산 루타일형 이산화티타늄에 대한 덤핑사실 및 국내산업피해 유무 조사,원심,코스모화학(주),신청철회,,,,,,불명,염소법으로 제조된 루타일형 이산화티타늄은 황산법 제품보다 고품질로 용도가 다르기 때문에 조사대상에서 제외,보도자료+30년사,00001295,146
00000556,구제 23-2016-1,말레이시아산 합판에 대한 덤핑방지관세 부과 종료재심사,종료재심사,"(사)한국합판보드협회, 한국합판보드협회",AD관세 부과,긍정,,"말레이시아 3.96~38.10%, 중국 4.57~27.21%",,3년,N,두께 6mm 이상인 후판(厚板) 제품 (침엽수합판 제외),보도자료+30년사,00001351,147
00000557,구제 23-2016-2,중국산 합판에 대한 덤핑방지관세 부과 종료재심사,종료재심사,한국합판보드협회,AD관세 부과,,,4.57~27.21%,,,N,,30년사,,148
00000560,구제 23-2016-3,"일본, 인도 및 스페인산 스테인리스스틸 바에 대한 덤핑방지조치의 종료재심사",종료재심사,"세아창원특수강㈜, ㈜세아특수강, 동일제강㈜, 세아창원특수강(주), 세아특수강(주), 동일제강(주)",AD관세 부과,긍정,,3.56~15.39%,,3년,N,횡단면이 전체를 통하여 균일하고 중공(中空)이 없는 원형강·각강·육각강·평강인 제품,보도자료+30년사,00001363,149
00000559,구제23-2016-4,중국산 옵셋 인쇄판에 대한 덤핑사실 및 국내산업피해 유무 조사,원심,제일씨앤피(주),기타,긍정,긍정,5.86~10.21%,,5년,N,"각 변의 길이가 255mm를 초과하는 것. 다만, 포토폴리머 바이올렛판, 재생판, 더블레이어판은 제외함 / 각 변의 길이가 255mm를 초과하는 것. 다만, 포토폴리머 바이올렛판, 재생판, 더블레이어판은 제외함 / 각 변의 길이가 255mm를 초과하는 것. 다만, 포토폴리머 바이올렛판, 재생판, 더블레이어판은 제외함",보도자료+30년사,00001339;00001358;00001367,150
00000619,구제 23-2016-5,"베트남, 우크라이나 및 인도산 페로실리코망간 반덤핑조사",원심,"(주)동부메탈, (주)심팩메탈, (주)심팩메탈로이, 태경산업(주), 동부메탈, 심팩메탈, 심팩메탈로이, 태경산업",기타,긍정,긍정,4.06~19.06%,,5년,불명,,보도자료+30년사,00001357;00001366;00001434,151
00000621,구제 23-2017-1호,"대만, 태국 및 아랍에미리트연합산 PET 필름",원심,"SKC(주), SKC㈜, 도레이첨단소재㈜, 코오롱인더스트리㈜, ㈜효성, ㈜화승인더스트리, 코오롱인더스트리(주), 에스케이씨(주), 도레이첨단소재(주), 효성, 화승",기타,긍정,긍정,3.67~60.95%,3.67~60.95%,5년,N,"단, 코팅 두께가 0.25㎛를 초과하는 것, 금속증착 필름 및 유채색 필름은 제외 / 코팅 두께가 0.25㎛를 초과하는 것, 금속증착 필름 및 유채색 필름은 제외",보도자료+30년사,00001366;00001433;00001456,152
00000625,구제 23-2017-2호,"일본, 중국, 핀란드산 도공(Coated) 인쇄용지의 덤핑사실 및 국내산업피해 유무 조사",원심,"한솔제지㈜, 한국제지㈜, 홍원제지㈜, 한솔제지(주), 한국제지(주), 홍원제지(주)",기타,,긍정,,,,불명,"백상지, 도공 원지에 고령토나 무기물질을 도포한 인쇄용지 중 1제곱미터당 중량이 55그램 초과 110그램 이하인 제품 / 백상지 또는 도공원지에 무기물질을 코팅한 도공 인쇄용지 중 1제곱미터 당 중량이 55그램 초과 110그램 이하인 제품",보도자료+30년사,00001372;00001444,153
00000626,구제 23-2017-3호,중국산 아연도금철선에 대한 덤핑사실 및 국내산업피해유무 조사,원심,"한국선재㈜, ㈜대아선재, 진흥철강㈜, 한일스틸㈜, 대아선재, 진흥철강, 한국선재, 한일스틸",기타,,긍정,,,,N,철이나 비합금강 또는 저합금강에 아연을 용융 또는 전기도금한 것으로 탄소함유량이 전체 중량의 0.25% 미만인 원형 또는 원형에 가까운 철선 / 아연을 용융 또는 전기도금한 것으로 탄소함유량이 전체 중량의 0.25% 미만인 원형의 철선,보도자료+30년사,00001373;00001450,154
00000624,구제 23-2017-4,"미국, 말레이시아, 태국 및 일본산 에탄올아민 덤핑방지관세부과 종료재심사",종료재심사,KPX그린케미칼(주),기타,,,,,,N,,보도자료+30년사,00001463,155
00000629,구제 23-2017-5호,일본산 두꺼운 폴리에틸렌 테레프탈레이트(PET) 필름,재심(종류 미상),코오롱인더스트리(주),기타,,,,,,N,,30년사,,156
00000627,구제23-2017-07호,중국산 도자기질타일에 대한 덤핑방지관세부과 종료재심사,종료재심사,"대동산업(주), ㈜대보세라믹스, ㈜한보요업, 성일요업(주)",,긍정,,9.06~29.41%,,3년,N,"가로 및 세로의 길이가 70mm～1,300mm의 사각판 형태의 제품",보도자료,00001475,
00000641,구제 23-2018-1호,대만 및 이탈리아산 스테인리스 스틸바의 덤핑사실 및 국내산업피해 유무 조사,원심,"㈜세아창원특수강, ㈜세아특수강, 동일제강㈜",,긍정,긍정,9.47~18.56%,,5년,불명,"가운데에 구멍이 있는 것, 일부 직사각형 규격, 자동차 엔진밸브용 내열강 21-4NNbW, 마디 있는 콘크리트 보강용 철근은 부과대상에서 제외 / 국내생산자가 생산하지 않는 자동차부품용 등 9개 품목(23-8N, 21-4N, 21-4NNbW, 21-2N, 440B, 415M, AISI 430F, Magival, 철근)을 부과대상에서 제외",보도자료,00001482;00001517,
00000645,구제 23-2018-2호,"중국, 싱가포르 및 일본산 초산에틸에 대한 덤핑방지관세부과 종료재심사",종료재심사,한국알콜산업 주식회사,,긍정,,4.73~30.18%,,5년,N,원료와 제조공법 여부를 불문하고 화학식이 CH3COOC2H5인 액체상태의 화학물질 / 원료와 제조공법 여부를 불문하고 화학식이 CH3COOC₂H5인 액체상태의 화학물질,보도자료,00001498;00001519,
00000646,구제 23-2018-3호,인도산 초산에틸에 대한 덤핑방지관세부과 종료재심사,종료재심사,한국알콜산업 주식회사,,긍정,,8.56~19.84%,,5년,N,원료와 제조공법 여부를 불문하고 화학식이 CH3COOC2H5인 액체상태의 화학물질 / 원료와 제조공법 여부를 불문하고 화학식이 CH3COOC₂H5인 액체상태의 화학물질,보도자료,00001497;00001519,
00000651,구제 23-2018-4호,"중국, 인도네시아 및 태국산 폴리프로필렌 연신(OPP) 필름에 대한 덤핑방지조치 종료재심사",종료재심사,"필맥스, 삼영화학공업, 화승케미칼, 제이케이머트리얼즈",,,,,,,불명,두께가 10 ㎛이상인 폴리프로필렌 연신필름,보도자료,00001523,
00000652,구제 23-2018-5호,중국 및 인도산 PET(Polyethylene Terephthalate) 필름에 대한 덤핑방지관세부과 종료재심사,종료재심사,"코오롱인더스트리㈜, ㈜효성화학, ㈜화승케미칼, 에쓰케이씨㈜",,,,,,,불명,"제외: 두께 9㎛ 미만 비증착 PET필름, 모터 절연용 두께 125㎛ 이상 흰색 PET필름, 홀로그램 PET필름, 두께 300㎛ 이상 유채색 PET필름",보도자료,00001522,
00000653,구제 23-2018-6호,"중국, 인도네시아 및 브라질산 비도공지의 덤핑사실 및 국내산업피해 유무 조사",원심,한국제지(주),,,긍정,,,,불명,"평량이 60g/㎡ 이상 150g/㎡ 이하인 비도공지로서, A3·A4·B4·B5·원지 규격으로 재단된 것 / 비도공지로써 A3, A4, B4, B5, 복사용원지(850mm*900mm, 780mm*1100mm)의 규격으로 재단된 것",보도자료,00001483;00001517,
00000658,구제 23-2019-1호,"대만, 중국, 일본 및 이탈리아산 글라신지의 덤핑사실 및 국내산업피해 유무 조사",원심,한솔제지주식회사,,,,,,,N,원재료 및 생산공정은 유사하나 공정조건을 달리하여 생산한 그 밖의 투명광택지나 반투명광택지를 포함함,보도자료,00001520,
00000660,구제 23-2019-3,일본산 스테인리스스틸 후판에 대한 덤핑방지조치 2차 종료재심사,종료재심사,,,,,,,,불명,"두께 8mm이상 80mm이하, 너비 1,000mm이상 3,270mm이하 열간압연 강판. 단, 코일형태의 제품 및 원심에서 덤핑방지관세를 부과하지 않은 제품은 제외",보도자료,00001560,
00000674,구제23-2019-4호,중국산 침엽수합판에 대한 덤핑방지관세부과 종료재심사,종료재심사,(사)한국합판보드협회,,,,,,,불명,"양쪽 외면의 단판이 침엽수 목재(대나무, 활엽수 및 열대산 목재가 아닌 것)로 이루어진 것. 다만, 두께 6㎜이상, 너비 220㎜이하, 길이 2,000㎜이하로 측면을 요철(Tongue and Groove) 가공한 사각형태의 물품은 해당되지 않음",보도자료,00001654,
00000675,구제23-2019-5호,중국산 합판에 대한 덤핑방지관세부과 종료재심사(2차),종료재심사,(사)한국합판보드협회,,,,,,,불명,"두께가 6mm 이상인 후판(厚板) 제품. 다만, 두께 6㎜이상, 너비 220㎜이하, 길이 2,000㎜이하로 측면을 요철(Tongue and Groove) 가공한 사각형태의 물품은 해당되지 않음",보도자료,00001654,
00000676,구제23-2019-6호,말레이시아산 합판에 대한 덤핑방지관세부과 종료재심사(3차),종료재심사,(사)한국합판보드협회,,,,,,,불명,"두께가 6mm 이상인 후판(厚板) 제품. 다만, 두께 6㎜이상, 너비 220㎜이하, 길이 2,000㎜이하로 측면을 요철(Tongue and Groove) 가공한 사각형태의 물품은 해당되지 않음",보도자료,00001654,
00000678,구제 23-2019-7호,베트남산 합판의 덤핑사실 및 국내산업피해 유무 조사,원심,(사)한국합판보드협회,,긍정,긍정,9.18~10.65%,9.18~10.65%,5년,N,"두께가 6㎜이상인 후판 제품; 두께 6㎜이상, 너비 220㎜이하, 길이 2,000㎜이하로서 측면을 요철(Tongue and Groove) 가공한 사각형태의 물품은 해당하지 않음 / 다만, 두께 6㎜이상, 너비 220㎜이하, 길이 2,000㎜이하로 측면을 요철(Tongue and Groove) 가공한 사각형태의 물품은 해당되지 않음 / 두께가 6mm 이상인 후판(厚板) 제품. 다만, 두께 6㎜이상, 너비 220㎜이하, 길이 2,000㎜이하로 측면을 요철(Tongue and Groove) 가공한 사각형태의 물품은 해당되지 않음 / 목재를 얇은 단판으로 만들어 인접하는 단판의 섬유방향이 교차하도록 접착시킨 적층판으로, 두께가 6mm 이상인 후판(厚板) 제품",보도자료,00001562;00001614;00001654;00001668,
00000702,구제 23-2019-9호,"일본, 인도 및 스페인산 스테인리스스틸바에 대한 덤핑방지조치의 종료재심사(4차)",종료재심사,"세아창원특수강㈜, ㈜세아특수강",,긍정,,3.51%～15.39%,,3년,N,횡단면이 전체를 통하여 균일하고 중공(中空)이 없는 원형강·각강·육각강·평강인 제품,보도자료,00001689,
00000716,구제23-2020-1호,중국산 H형강 덤핑방지관세 부과 및 가격약속 종료 재심사,종료재심사,"현대제철, 동국제강, 현대제철(주), 동국제강(주)",,긍정,,"라이우스틸, 르자오스틸, 안타이스틸 가격약속 유지, 기타 공급자 28.23%～32.72%",,5년,Y,상하 및 좌우 대칭 형태이며 한국산업표준에 따라 측정한 높이가 80미리 이상 / 상하 및 좌우 대칭 형태이며 한국산업표준에 따라 측정한 높이가 80mm 이상,보도자료,00001689;00001690,
00000720,구제 23-2020-2호,중국산 인쇄제판용 평명모양 사진플레이트에 대한 덤핑방지관세 부과,재심(종류 미상),제일씨앤피(주),,긍정,,"코닥, 화광, 보시카 등 10.32%, 기타 공급자 8.78%",,5년,N,각 변의 길이가 255mm를 초과하는 것(감광면이 1개층인 싱글레이어만 대상이며 2개층인 더블레이어는 제외) / 각 변의 길이가 255mm를 초과하는 것(감광면이 1개층인 싱글레이어만 대상이며 2개층인 더블레이어는 제외),보도자료,00001689;00001690,
00000726,구제 23-2020-3호,"중국, 인도네시아 및 대만산 스테인리스강 평판압연 제품의 덤핑사실 및 국내산업피해 유무 조사",원심,"㈜포스코, (주)포스코",,긍정,긍정,7.17~25.82%; 5개 수출자 가격약속 수락 건의,7.17~29.68%,5년,Y,두께가 8㎜를 초과하는 제품과 ASTM 규격 S31254 및 N08367 강종의 제품을 제외함 / 두께가 8㎜를 초과하는 제품과 미국재료시험협회 규격 S31254 및 N08367 강종의 제품을 제외함 / 두께가 8㎜를 초과하는 제품과 미국재료시험협회 규격 S31254 및 N08367 강종의 제품을 제외 / 두께가 8㎜를 초과하는 제품과 미국재료시험협회 규격 S31254 및 N08367 강종의 제품을 제외. 200계 등 일부 품목 관세부과 제외 건의,보도자료,00001668;00001691;00001701;00001713,
00000727,구제 23-2020-4호,"대만, 태국 및 아랍에미리트연합산 PET필름에 대한 덤핑방지관세부과 종료재심사(1)",종료재심사,"코오롱인더스트리(주), 에스케이씨(주), 효성화학(주), ㈜화승케미칼, 도레이첨단소재(주), (주)화승케미칼",,긍정,,3.19%~60.95%,,5년,불명,PET 필름 중 코팅되지 않은 물품 및 코팅 두께의 합이 0.25㎛(이하 텍스트 누락)인 물품; 금속으로 증착된 물품 또는 유채색 물품은 제외 / 코팅 두께의 합이 0.25㎛(이하). 다만 금속으로 증착된 물품 또는 유채색 물품은 제외,보도자료,00001723;00001722,
00000728,구제 23-2020-5호,중국산 폴리에스테르 장섬유 완전연신사의 덤핑사실 및 국내산업피해 유무 조사,원심,한국화학섬유협회,,,긍정,,,,N,FDY와 폴리에스테르 장섬유 부분연신사(POY)가 직방사와 동시에 혼합된 제품을 포함함 / FDY와 폴리에스테르 장섬유 부분연신사(POY)가 직방사와 동시에 혼합된 제품을 포함함 / FDY와 폴리에스테르 장섬유 부분연신사(POY)가 직방사와 동시에 혼합된 제품을 포함함,보도자료,00001690;00001723;00001722,
00000732,구제 23-2021-1호,중국산 더블레이어 인쇄제판용 평면모양 사진플레이트에 대한 덤핑방지관세 부과,원심,제일씨앤피(주),,,긍정,,,,불명,"감광재를 2회 도포한 감광성 인쇄용 판으로 각 변의 길이가 255㎜를 초과하고 감광면이 2개층인 것; 포토폴리머 바이올렛 인쇄판, 재생판은 제외",보도자료,00001723,
00000734,구제 23-2021-3호,중국 및 호주산 수산화알루미늄 일반제품,원심,케이씨(주),,,,,,,불명,"평균 입도(Dp50) 45㎛ 이상, 백색도 95 미만. 다만, 알루미나 제품이나 수산화알루미늄 특수(건조, 미분 및 초미분)제품 생산용 원료는 제외",보도자료,00001722,
00000753,구제 23-2022-5호,이집트산 백시멘트의 덤핑사실 및 국내산업피해 유무 조사,원심,㈜유니온,,긍정,,60.83%,,5년,불명,산화철(Fe2O3) 성분 함량이 1.0% 이하인 제품,보도자료,00001770,
00000760,구제 23-2023-1호,일본산 스테인리스스틸 후판에 대한 덤핑방지관세부과 3차 종료재심사,종료재심사,"세아창원특수강㈜, ㈜세아특수강",,,,,,,불명,횡단면이 전체를 통하여 균일하고 중공(中空)이 없는 원형강ㆍ각강ㆍ육각강ㆍ평강인 제품,보도자료,00001768,
00000770,구제 23-2023-4호,말레이시아산 합판에 대한 덤핑방지관세 부과 종료재심사(4차),종료재심사,(사)한국합판보드협회,,긍정,,4.73~38.10%,,5년,N,"두께가 6mm 이상인 후판(厚板) 제품. 다만, 두께 6㎜이상, 너비 220㎜이하, 길이 2,000㎜이하로 측면을 요철(Tongue and Groove) 가공한 사각형태의 물품은 제외",보도자료,00001771,
00000772,구제 23-2023-5호,베트남산 합판에 대한 덤핑방지관세부과 종료재심사(1차),종료재심사,(사)한국합판보드협회,,긍정,,9.78~31.28%,,5년,N,"두께가 6mm 이상인 후판(厚板) 제품. 다만, 두께 6㎜이상, 너비 220㎜이하, 길이 2,000㎜이하로 측면을 요철(Tongue and Groove) 가공한 사각형태의 물품은 제외",보도자료,00001771,
00000773,구제 23-2023-6호,중국산 합판에 대한 덤핑방지관세부과 종료재심사(3차),종료재심사,(사)한국합판보드협회,,긍정,,3.30%~27.21%,,5년,N,"두께가 6mm 이상인 후판(厚板) 제품. 다만, 두께 6㎜이상, 너비 220㎜이하, 길이 2,000㎜이하로 측면을 요철(Tongue and Groove) 가공한 사각형태의 물품은 제외",보도자료,00001771,
00000771,구제 23-2023-7호,중국산 침엽수 합판에 대한 덤핑방지관세부과 종료재심사(2차),종료재심사,(사)한국합판보드협회,,긍정,,7.15%,,5년,N,"두께가 6mm 이상인 후판(厚板) 제품. 다만, 두께 6㎜이상, 너비 220㎜이하, 길이 2,000㎜이하로 측면을 요철(Tongue and Groove) 가공한 사각형태의 물품은 제외",보도자료,00001771,
00000775,구제 23-2024-1호,중국산 폴리에틸렌 테레프탈레리트 수지(PET 수지)의 덤핑사실 및 국내산업피해 유무 조사,원심,㈜티케이케미칼,,긍정,긍정,7.00~7.98%,,5년,N,고유 점도 0.7㎗/g 이상 또는 점도 번호 78㎖/g 이상의 PET 수지 / 고유 점도 0.7㎗/g 이상 또는 점도 번호 78㎖/g 이상의 PET 수지,보도자료,00001776;00001896,
00000776,구제 23-2024-2호,중국산 스티렌모노머의 덤핑사실 및 국내산업피해 유무 조사,원심,"한화토탈에너지스㈜, 여천NCC㈜",,,,,,,불명,화학식 C8H8(시성식 C6H5CH=CH2)을 가지는 방향족 탄화수소,보도자료,00001771,
00000777,구제 23-2024-3호,중국 인도네시아 및 태국산 폴리프로필렌 연신(OPP)필름에 대한 덤핑방지관세부과 종료재심사(2차),종료재심사,"㈜ 필맥스, ㈜화승케미칼, ㈜ 삼영, 제이케이머트리얼즈(주), ㈜필맥스, ㈜삼영, 제이케이머티리얼즈(주), 제이케이머티리얼즈㈜",,긍정,,2.50%~25.04%,,,N,두께가 10마이크로미터(㎛) 이상인 폴리프로필렌 연신필름 / 두께가 10마이크로미터(㎛) 이상인 폴리프로필렌 연신필름 / 두께가 10마이크로미터(㎛) 이상인 폴리프로필렌 연신필름. 원심 미소마진으로 재심사 대상에서 제외된 롯데 패키징은 0% 적용,보도자료,00001776;00001896;00001939,
00000780,구제 23-2024-4호,"중국, 인도네시아 및 대만산 스테인리스강 평판압연 제품에 대한 덤핑방지관세부과 및 가격약속 종료재심사(1차)",종료재심사,"㈜세아창원특수강, ㈜세아특수강, 동일제강㈜, ㈜포스코",,긍정,,"산시타이강·리스코·인니청산·유스코·왈신 가격약속 연장, 그 밖의 공급자 9.07%~25.82%",,5년,Y,횡단면이 전체를 통하여 균일하고 중공(中空)이 없는 원형강ㆍ각강ㆍ육각강ㆍ평강인 제품 / 두께 8㎜ 이하인 스테인리스강 평판압연제품 / 두께 8㎜ 이하인 스테인리스강 평판압연제품 / 두께 8㎜ 이하인 스테인리스강 평판압연제품 / 두께 8㎜ 이하인 스테인리스강 평판압연제품,보도자료,00001768;00001776;00001845;00001910;00001939,
00000781,구제 23-2024-5호,베트남산 스테인리스강 냉간압연 제품의 덤핑사실 및 국내산업피해 유무 조사,원심,㈜포스코,,긍정,긍정,11.37~18.81%,11.37~18.81%,5년,N,"모든 강종, 형태, 모든 폭, 길이 및 두께의 제품을 포함하고, 표면처리 및 트리밍 여부를 불문함 / 모든 강종, 형태, 모든 폭, 길이 및 두께의 제품을 포함하고, 표면처리 및 트리밍 여부를 불문함 / 모든 강종, 형태, 모든 폭, 길이 및 두께의 제품을 포함하고, 표면처리 및 트리밍 여부를 불문함 / 모든 강종, 형태, 모든 폭, 길이 및 두께의 제품을 포함하고, 표면처리 및 트리밍 여부를 불문함 / 모든 강종, 형태, 모든 폭, 길이 및 두께의 제품을 포함하고, 표면처리 및 트리밍 여부를 불문함",보도자료,00001776;00001845;00001896;00001910;00001953,
00000795,구제 23-2024-6호,중국 및 대만산 석유수지의 덤핑사실 및 국내산업피해 유무 조사,원심,코오롱인더스트리㈜,,,긍정,,,,N,다만 연화점(녹는점)이 130℃ 이상인 C9 석유수지는 조사신청물품에서 제외,보도자료,00001910,
00000798,구제 23-2024-7호,중국산 스테인리스 스틸 후판의 덤핑사실 및 국내산업피해 유무 조사,원심,주식회사 디케이씨,,긍정,긍정,21.62%,21.62%,5년,N,"열간압연한 강판 형태로 두께 4.75㎜이상, 폭 600㎜이상인 완제품. 반제품인 스테인리스 Black Plate는 제외 / 열간압연한 강판 형태로 두께가 4.75㎜ 이상이고 폭이 600㎜ 이상인 완제품 / 열간압연한 강판(plate)의 형태로, 두께가 4.75㎜ 이상이고 폭이 600㎜ 이상인 완제품 / 스테인리스강 중 열간압연한 강판(plate) 형태로 두께 4.75㎜ 이상, 폭 600㎜ 이상인 완제품",보도자료,00001891;00001938;00001953;00001981,
00000799,구제 23-2024-8호,중국산 탄소강 및 그 밖의 합금강 열간압연 후판제품,원심,현대제철㈜,,긍정,긍정,가격약속 수락 건의(중국 9개 수출자); 미참여 업체 34.10%,,5년,Y,"두께가 4.75밀리미터 이상, 폭이 600밀리미터 이상이고, 코일모양이 아니며, 냉간압연을 하지 않은 것으로 한정 / 두께 4.75밀리미터 이상, 폭 600밀리미터 이상이고, 코일모양이 아니며, 냉간압연을 하지 않은 것으로 한정 / 두께 4.75밀리미터 이상, 폭 600밀리미터 이상이고, 코일모양이 아니며, 냉간압연을 하지 않은 것으로 한정",보도자료,00001896;00001939;00001985,
00000801,구제 23-2024-10호,태국산 파티클보드의 덤핑사실 및 국내산업피해 유무 조사,원심,"사단법인 한국합판보드협회, (사)한국합판보드협회",,,긍정,,,,N,"성형·열압한 판(보드) 또는 성형·열압한 후 연마가공 이하 수준으로 가공한 판(보드) / 배향성 있는 스트랜드 보드, 웨이퍼보드, MDF 및 표면을 피복한 파티클보드는 조사신청물품에 포함되지 않음 / 배향성 있는 스트랜드 보드, 웨이퍼보드, MDF 및 표면을 피복한 파티클보드는 조사신청물품에 포함되지 않음",보도자료,00001910;00001953;00001981,
00000800,구제23-2024-9호,중국산 차아황산소다에 대한 덤핑사실 및 국내산업피해 유무 조사,원심,"㈜한솔케미칼, 주식회사 한솔케미칼",,,긍정,,,,N,"Na2S2O4의 화학식을 가진 백색 결정성 분말 입자. 단, 차아황산소다의 농도는 불문함 / Na2S2O4의 화학식을 가진 백색 결정성 분말 입자. 단, 차아황산소다의 농도는 불문함 / Na2S2O4의 화학식을 가진 백색 결정성 분말 입자. 단, 차아황산소다의 농도는 불문함",보도자료,00001910;00001953;00001981,
00000831,구제23-2024-11호,일본 및 중국산 탄소강 및 그 밖의 합금강 열간압연 제품의 덤핑사실 및 국내산업피해 유무 조사,원심,현대제철㈜,,,긍정,,,,N,"다만, 열연 후판 제품, 열연 제품에 클래드, 도금 또는 도포한 제품, 스테인리스강 제품은 포함하지 않음",보도자료,00001982,
00000833,구제23-2025-1,중국산 단일모드 광섬유에 대한 덤핑사실 및 국내산업피해 유무 조사,원심,"LS전선㈜, LS전선(주)",,긍정,긍정,43.35%,43.35%,5년,N,"G.652 A~D, G.657 A1ㆍA2 규격 제품. 광섬유 다발, 광섬유 케이블 및 G.657.D중 Low Loss 제품은 제외 / 광섬유 다발과 광섬유 케이블 및 단일모드 광섬유 G.652.D중 Low Loss 제품은 부과대상물품에 포함되지 않음",보도자료,00001982;00002094,
00000839,구제 23-2025-3호,중국산 PET 필름에 대한 덤핑방지관세 부과 중간재심사,중간재심사,"코오롱인더스트리, 에스케이마이크로웍스, 효성화학, 화승케미칼",,,,,,,N,"PET 필름으로 증착 여부를 불문함. 단, 현행 부과제외 품목(홀로그램 PET 필름 등 6종)은 재심사 범위에서 제외",보도자료,00001953,
00000819,구제23-2025-2호,일본 및 중국산 산업용로봇(4축이상 수직다관절형)에 대한 덤핑사실 및 국내산업피해 유무 조사,원심,에이치디현대로보틱스㈜,,긍정,,15.96~19.85%,,,N,"가반중량이 6kg에서 600kg까지인 4축 이상의 수직다관절 구조를 가진 산업용 로봇. 단, 소형고속로봇과 도장전용로봇, 협동로봇은 제외 / 가반중량이 6kg에서 600kg까지인 4축 이상의 수직다관절 구조. 단, 소형고속로봇과 도장전용로봇, 협동로봇은 제외",보도자료,00002080;00002109,
00000843,구제23-2025-6호,"독일, 프랑스, 노르웨이 및 스웨덴산 폴리염화비닐 페이스트 수지",원심,한화솔루션 주식회사,,긍정,,25.79~31.55%,,5년,N,"단, Suspension PVC(S-PVC)는 제외함",보도자료,00001985;00002109;00002128,
00000844,구제23-2025-7호,태국산 이음매 없는 동관,원심,"능원금속공업, 엘에스메탈, 능원금속공업 주식회사, 엘에스메탈 주식회사",,긍정,긍정,4.93~8.41%,,5년,N,"정제한 구리로 만든 외경 66.68㎜ 이하, 두께 0.20㎜ 이상 2.50㎜ 이하인 이음매가 없는 관 / 다만, 플라스틱 코팅이나 엠보, 고무발포 등의 부착물이 결합된 동관은 제외함 / 정제한 구리로 만든 외경 66.68㎜ 이하, 두께 0.20㎜ 이상 2.50㎜ 이하인 이음매가 없는 관",보도자료,00002094;00002113;00002129,
00000846,구제23-2025-8호,중국산 부틸 아크릴레이트,원심,"주식회사 엘지화학, ㈜엘지화학",,긍정,,8.32~19.17%,,,N,아크릴산과 부탄올의 에스테르화 반응을 통해 제조되는 유기 화합물,보도자료,00002113;00002147,
00000856,구제23-2025-9호,중국산 아연 및 아연합금 표면처리 냉간압연 제품의 덤핑사실 및 국내산업피해 유무 조사,원심,"동국씨엠(주), 케이지스틸(주), (주)세아씨엠, 동국씨엠㈜, 케이지스틸㈜, ㈜세아씨엠",,,긍정,,,,N,"아연 및 아연합금 표면처리 냉간압연 제품으로 전기아연도금 강판, 합금화 아연도금(자동차용)은 제외 / 두께 4.75밀리미터 미만... 다만, 아연을 전해도금하거나 도포한 제품과 소둔과정을 통해 합금화 아연도금한 제품은 포함하지 않음 / 두께 4.75mm 미만. 물결 모양·도장 제품 포함. 다만 아연 전해도금·도포 제품과 합금화 아연도금 제품은 포함하지 않음",보도자료,00002080;00002113;00002147,
00000852,구제23-2025-12호,중국산 에이치(H) 형강,재심(종류 미상),"현대제철, 동국제강, 현대제철(주), 동국제강(주), 현대제철㈜, 동국제강㈜",,긍정,,28.23~32.72%; 라이우스틸·르자오스틸 가격약속,,5년,Y,이축대칭 단면이 H형상을 한 물품으로 높이가 80밀리미터 이상인 것 / 이축대칭(상하 및 좌우대칭) 단면이 H형상을 한 구조용 형강으로 높이가 80밀리미터 이상인 것 / 구조용 형강 중 단면이 H형상을 한 물품으로 높이가 80밀리미터 이상인 것,보도자료,00002080;00002147;00002167,
00000859,구제 23-2025-13호,중국산 인쇄제판용 평면모양 사진플레이트에 대한 덤핑방지관세 부과 종료재심사(2차),종료재심사,"제일씨앤피(주), 제일씨앤피",,,,,,,N,"포토폴리머 바이올렛판(Photopolymer Violet Plate), 재생판, 더블레이어판(Double-layer Plate)은 제외 / 포토폴리머 바이올렛판(Photopolymer Violet Plate), 재생판, 더블레이어판(Double-layer Plate)은 제외",보도자료,00002094;00002157,
00000862,구제 23-2026-3호,중국산 폴리(에틸렌 테레프탈레이트)에 대한 덤핑방지관세부과 중간재심사,중간재심사,주식회사 티케이케미칼,,,,,,,불명,점도번호 78㎖/g 이상 또는 고유 점도 0.7㎗/g 이상의 PET 수지,보도자료,00002109,
00000860,구제23-2026-2호,중국 및 대만산 고체 수산화나트륨,원심,주식회사 영진,,,긍정,,,,N,"액체 수산화나트륨을 고농도로 농축ㆍ가공하여 제조한 백색의 고체 수산화나트륨으로, NaOH의 화학식을 가진 것 / 액체 수산화나트륨을 고농도로 농축‧가공하여 제조한 백색의 고체 수산화나트륨으로, NaOH의 화학식을 가진 것",보도자료,00002113;00002157,
00000847,구제 23-2025-10호,중국산 봉강의 덤핑사실 및 국내산업피해 유무 조사,원심,"세아베스틸, 세아창원특수강, ㈜세아베스틸, ㈜세아창원특수강",,,긍정,,,,N,"철, 탄소강 및 스테인리스강 이외의 합금강을 압연 또는 단조한 봉강. 철근, 형강, 중공드릴봉, 스테인리스강, 평판압연제품 등은 제외 / 철, 탄소강 및 스테인리스강 이외의 합금강을 압연 또는 단조하여 생산되는 봉강제품",보도자료,00002128;00002167,
00000867,구제 23-2026-4호,중국산 폴리염화비닐 서스펜션 수지의 덤핑사실 및 국내산업피해 유무,원심,한화솔루션(주),,,,,,,불명,동일 HSK 3904.10.0000이라도 유화중합 또는 미세현탁중합 방식의 폴리염화비닐 페이스트 수지(PSR)는 조사범위에 포함되지 않음,보도자료,00002147,
00000868,구제23-2026-5호,중국산 석도강판의 덤핑사실 및 국내산업피해 유무,원심,"(주)티씨씨스틸, (주)신화다이나믹스",,,,,,,불명,"블랙플레이트 표면에 주석 또는 크롬 및 크롬산화물을 도금, 도포한 평판압연제품(주석도금강판, 크롬도금강판)",보도자료,00002147,
00000869,구제23-2026-6호,중국산 초산에틸,원심,㈜한국알콜산업,,,,,,,N,원료와 제조공법 여부를 불문하고 화학식이 CH3COOC2H5인 액체상태의 화학물질,보도자료,00002167,
00000870,구제23-2026-7호,"대만, 태국, 아랍에미리트연합산 PET 필름 종료재심사(2차)",종료재심사,"㈜도레이첨단소재, ㈜마이크로웍스, ㈜효성화학, ㈜화승케미칼",,,,,,,N,"PET 필름 중 코팅되지 않은 물품 및 코팅 두께 합이 0.25㎛ 이하인 것. 다만, 금속 증착/유채색(흰색 제외) 물품은 제외",보도자료,00002167,
00000872,구제 23-2026-8호,중국산 폴리에스테르 장섬유 완전연신사에 대한 덤핑방지관세 부과 종료재심사(1차),종료재심사,한국화학섬유협회,,,,,,,N,방사단계에서 완전연신사(FDY)와 장섬유 부분연신사(POY)를 직방사로 제조한 제품도 포함,보도자료,00002167,
