master_id,case_no,title,case_type,petitioners,prelim_determination,prelim_proposed_duty,final_determination,final_dumping_margin,final_proposed_duty,duty_period,price_undertaking,scope_note,press_ids
00000282,구제 23-2008-1,타이 및 말레이시아산 파티클보드의 덤핑수입사실 및 국내산업피해유무,원심,(사)한국합판보드협회,,,긍정,,7.67%,5년,불명,각종 목재를 미세하게 파쇄한 칩(chip)등의 주원료에 접착제를 첨가하여 성형ㆍ열압한 후 연마가공이하의 수준으로 가공한 보드,00001178
00000000,구제 23-2009-1,일본.인도.스페인산 스테인레스스틸바 덤핑방지관세 및 약속의 종료재심사,종료재심사,"포스코특수강(주), (주)세아특수강, (주)동일제강",,,긍정,,"일본 산요사 가격약속, 인도 비라즈사 3.33%, 그 외 업체 15.39%",3년,Y,원형·사각·육각·평강의 봉(Bar),00001193
00000001,구제 23-2009-5,미국. 인도. 중국. 캐나다산 염화콜린의 덤핑방지관세 종료재심사,종료재심사,"(주)코파벧스페셜, (주)코린화학",,,긍정,,10.28~27.55%,3년,불명,,00001191
00000002,구제 23-2009-6,"중국, 대만, 말레이시아산 폴리에스테르 장섬유 연신가공사의 덤핑방지관세 종료재심사",종료재심사,"(주)티케이케미칼, 성안합섬(주)",,,긍정,,2.37~8.69%,3년,Y,,00001198
00000003,구제 23-2009-7,중국산 차아황산소다의 덤핑방지관세 종료재심사,종료재심사,(주)한솔케미칼,,,,,,,불명,,00001185
00000005,구제 23-2009-9,일본산 프로필렌옥사이드의 덤핑수입사실 및 국내산업피해 유무,원심,SKC(주),,,,,,,N,,00001194
00000004,구제 23-2009-8,"인도네시아,중국산 백상지의 덤핑방지관세 종료재심사",종료재심사,"한국제지(주), 홍원제지(주)",,,부정,,덤핑방지관세 및 가격약속 종료 건의,,N,,00001211
00000006,구제 23-2010-1,말레이시아산 합판의 덤핑수입사실 및 국내산업피해유무,원심,(사)한국합판보드협회,긍정,,긍정,,5.12~38.10%,3년,N,"목재를 얇은 단판으로 만들어 방향이 직교토록 접착시킨 적층판으로, 두께 6mm 이상인 후판(厚板) 제품 / 목재를 얇은 단판으로 만들어 방향이 직교토록 접착시킨 적층판으로, 두께 6mm 이상인 후판(厚板) 제품 / 목재를 얇은 단판으로 만들어 방향이 직교토록 접착시킨 적층판으로, 두께 6mm 이상인 후판(厚板) 제품",00001196;00001208;00001218
00000007,구제 23-2010-2,일본산 스테인리스스틸 후판의 덤핑수입사실 및 국내 피해유무,원심,(주)디케이씨,긍정,,긍정,,13.17%,,N,"스테인리스스틸 후판으로서 두께가 8mm이상 80mm이하이고 너비가 1,000mm이상 3,270mm이하인 제품 / 두께가 8mm 이상 80mm 이하이고 너비가 1,000mm 이상 3,270mm 이하인 제품",00001200;00001210;00001219
00000008,구제 23-2010-3,중국산 플로트 판유리의 덤핑방지관세 종료재심사,종료재심사,"(주)케이씨씨, 한국유리공업(주)",,,긍정,,12.04~36.01%,3년,N,,00001201;00001220
00000009,구제 23-2010-4,중국산 도자기질 타일의 덤핑방지관세 종료재심사,종료재심사,"(주)대동산업, (주)대보세라믹스, (주)한보요업, 성일요업(주)",,,긍정,,9.14~29.41%,3년,N,한 변의 길이가 70mm～1300mm의 사각형판 형태의 제품,00001208;00001222
00000010,구제 23-2010-5,중국산 아나타제형 이산화티타늄의 덤핑방지관세 부과 종료재심사,종료재심사,"코스모화학(주), (주)코스모화학",,,부정,,,,불명,"루타일형은 Mn, Si, Al, Zn 등의 코팅이 되어 있으나 아나타제형은 코팅이 되어 있지 않다는 점에서 차이 / 아나타제형 이산화티타늄(섬유용은 제외)",00001211;00001223
00000011,구제 23-2011-1,"중국, 싱가포르 및 일본산 초산에틸의 덤핑방지관세 부과 종료재심사",종료재심사,한국알콜산업(주),,,긍정,,3.14~14.17%,3년,N,,00001220;00001228
00000012,구제 23-2011-2,"중국, 인도산 PET필름의 덤핑방지 관세 부과 종료재심사",종료재심사,"도레이첨단소재(주), 코오롱인더스트리(주), (주)효성, (주)화승인더스트리",,,긍정,,5.87%~25.32%,3년,N,,00001222;00001231
00000118,구제 23-2011-3,"러시아, 미국, 인도네시아, 중국 및 캐나다산 크라프트지의 덤핑방지관세 종료재심사",종료재심사,"쌍용제지(주), 케이지피(주)",,,긍정,,4.03~10.79%,3년,N,,00001222;00001230
00000013,구제 23-2011-4,대만 및 중국산 폴리에스터 장섬유 부분연신사의 덤핑방지관세 종료재심사,종료재심사,"(주)티케이케미칼, 성안합섬(주)",,,,,,,불명,,00001224
00000119,구제 23-2011-4,일본산 알루미늄 보틀캔의 덤핑수입사실 및 국내산업피해유무 조사,원심,"주식회사 테크팩솔루션, (주)테크팩솔루션",,,긍정,,4.59%,3년,N,알루미늄을 주원료로 하는 병모양의 용기(용적 1리터 미만); HSK 7612.90.9010(용적이 1리터 미만인 알루미늄 용기) / 알루미늄을 주원료로 하는 병모양의 용기(용적 1리터 미만),00001228;00001242
00000016,구제 23-2012-1,"미국, 인도, 중국 및 캐나다산 염화콜린에 대한 덤핑방지관세부과 종료재심사",종료재심사,"(주)코파벧스페셜, (주)코린화학",,,긍정,,22.19~27.32%,3년,N,,00001240;00001252
00000017,구제 23-2012-2,"일본, 인도 및 스페인산 스테인리스스틸바에 대한 덤핑방지조치 종료재심사",종료재심사,"(주)세아특수강, 동일제강(주), 동부특수강(주), 동방금속공업(주), 세아특수강, 동일제강, 동부특수강, 대호피앤씨",,,긍정,,2.76~15.39%,3년,불명,횡단면이 전체를 통하여 균일하고 중공이 없는 원형강·각강·육각강·평강인 제품,00001240;00001255
00000018,구제 23-2012-3,중국산 합판의 덤핑사실 및 국내산업피해유무 최종판정,원심,(사)한국합판보드협회,긍정,잠정덤핑방지관세 3.75%~35.70%(예비덤핑률만큼),긍정,2.42~27.21%,2.42~27.21%,3년,N,"목재를 얇은 단판으로 만들어 방향이 직교토록 접착시킨 적층판으로, 두께 6mm 이상인 후판(厚板) 제품 / 목재를 얇은 단판으로 만들어 방향이 직교토록 접착시킨 적층판으로, 두께 6mm 이상인 후판(厚板) 제품",00001243;00001249;00001256
00000120,구제 23-2012-4,"중국, 인도네시아 및 태국산 폴리프로필렌 연신필름(OPP필름)에 대한 덤핑사실 및 국내산업피해유무 조사",원심,"삼영화학공업(주), (주)필맥스, (주)화승인더스트리",긍정,,,,,,N,품명: 두께가 10마이크론 이상인 폴리프로필렌 연신 필름 / 두께가 10마이크론 이상인 OPP 연신 필름,00001246;00001252
00000140,구제 23-2013-2,일본산 두꺼운 PET필름,원심,"SKC(주), 도레이첨단소재(주), 코오롱인더스트리(주)",,,,,,,N,"두께 105㎛ 이상, 흐림도 15% 이하인 투명한 PET 필름. 다만 두께 1㎛ 이상의 코팅·인쇄·증착·라미네이션 등 추가가공을 거친 가공필름은 제외",00001262
00000139,구제 23-2013-3,"미국, 말레이시아, 태국 및 일본산 에탄올아민의 덤핑사실 및 국내산업피해유무 조사",원심,KPX그린케미칼(주),,,긍정,,4.36%~21.79%,3년,N,"모노에탄올아민(MEA), 디에탄올아민(DEA), 트리에탄올아민(TEA) 3가지 모두를 포함",00001273
00000136,구제 23-2013-5,일본산 공기압 전송용 밸브의 덤핑사실 및 국내산업피해유무 조사,원심,"(주)티피씨메카트로닉스, 케이시시정공(주)",긍정,,긍정,,11.66%~22.77%,5년,N,"내경 320㎜ 이하 공압실린더 등 액츄에이터 구동용, 관로상 압력 10bar 미만 압축공기의 방향을 제어하는 공기압 전송용 밸브 및 유사 동종물품 / 내경 320㎜ 이하의 공압실린더 등의 액츄에이터를 구동시키기 위해 관로상의 압력이 10bar 미만인 압축공기의 방향을 제어하는 기계 장치 / 내경 320㎜ 이하의 공압실린더 등의 액츄에이터를 구동시키기 위해 관로상의 압력이 10bar 미만인 압축공기의 방향을 제어하는 기계 장치",00001266;00001269;00001281
00000550,구제 23-2014-1,중국산 합판 신규공급자(꿰이강 웨이추앙)에 대한 별도의 덤핑방지관세율 부과여부 조사,재심(종류 미상),,,,긍정,,"꿰이강 동하이 4.54%, 꿰이강 웨이추앙(관계사 꿰이강 지에셍) 4.46%, 허저 성화 17.48% 유지",,N,6mm이상인 후판(厚板) 제품 / 6mm 이상인 후판(厚板)제품,00001266;00001270
00000123,구제 23-2014-2,중국산 도자기질 타일 덤핑방지관세 부과 종료재심사,종료재심사,"(주)대동산업, (주)대보세라믹스, (주)한보요업, 성일요업(주)",,,,,,,불명,"가로 및 세로의 길이가 70mm～1,300mm이내의 사각판 형태의 제품",00001266
00000124,구제 23-2014-3,대만 및 중국산 폴리에스테르 장섬유 부분연신사 덤핑방지관세부과 종료재심사,종료재심사,"(주)티케이케미칼, 성안합섬(주)",,,,,,,불명,,00001266
00000125,구제 23-2014-4,"말레이시아, 태국 및 인도산 폴리에스테르장섬유부분연신사 덤핑사실 및 국내산업피해조사",원심,"(주)티케이케미칼, 성안합섬(주)",긍정,,,,,,불명,,00001273
00000134,구제 23-2014-5,중국산 H형강 반덤핑 조사,원심,"현대제철(주), 동국제강(주)",,,긍정,,28.23~32.72%,5년,Y,구조용 형강 중 좌우대칭형태로 단면이 H형상을 한 물품 중 높이가 80밀리미터 이상인 것 / 구조용 형강 중 좌우대칭형태로 단면이 H형상을 한 것으로 높이가 80밀리미터 이상인 것,00001270;00001287
00000135,구제 23-2014-6,"중국, 싱가포르 및 일본산 초산에틸  덤핑방지관세 종료 재심사 조사",종료재심사,한국알콜산업(주),,,긍정,,4.64~17.76%,3년,N,,00001289
00000133,구제 23-2014-7,인도산 초산에틸에 대한 덤핑사실 및 국내산업피해 유무 조사,원심,한국알콜산업(주),,,긍정,,8.56~19.84%,3년,N,,00001289
00000142,구제 23-2014-8,중국 및 인도산 PET필름에 대한 덤핑방지조치의 종료재심사,종료재심사,"도레이첨단소재(주), 코오롱인더스트리(주), (주)효성, (주)화승인더스트리",,,긍정,,7.42~12.92%,3년,N,,00001290
00000143,구제 23-2015-1,중국산 침엽수 합판에 대한 덤핑사실 및 국내산업피해유무 조사,원심,(사)한국합판보드협회,,,긍정,,4.22~7.15%,4년,N,"양쪽 외면의 단판이 침엽수 목재(대나무, 활엽수 및 열대산 목재가 아닌 것)로 이루어진 두께 6㎜ 이상 후판. 모든 단판의 섬유 방향이 서로 평행한 것은 제외",00001296
00000544,구제 23-2015-2,일본산 스테인리스스틸 후판에 대한 덤핑방지조치의 종료재심사,종료재심사,(주)디케이씨,,,긍정,,13.17%,3년,N,"두께 8mm이상 80mm이하, 너비 1,000mm이상 3,270mm이하 열간압연 강판. 단, 코일형태의 제품 및 원심에서 덤핑방지관세를 부과하지 않은 제품은 제외",00001303
00000175,구제23 2015-3,미국 및 프랑스산 부틸 글리콜에테르 반덤핑조사(원심),원심,롯데케미칼(주),긍정,,긍정,,20.10%~25.00%,5년,N,"에틸렌글리콜 모노부틸에테르와 디에틸렌글리콜 모노부틸에테르를 말함 / 에틸렌글리콜 모노부틸에테르와 디에틸렌글리콜 모노부틸에테르를 말함 / 부탄올과 에틸렌 옥사이드를 가압, 가열하여 반응시킨 후 증류를 거쳐 얻은 유기화합물 중 에틸렌글리콜 모노부틸에테르와 디에틸렌글리콜 모노부틸에테르를 말함",00001296;00001297;00001355
00000543,구제 23-2015-4,중국산 루타일형 이산화티타늄에 대한 덤핑사실 및 국내산업피해 유무 조사,원심,코스모화학(주),,,,,,,불명,염소법으로 제조된 루타일형 이산화티타늄은 황산법 제품보다 고품질로 용도가 다르기 때문에 조사대상에서 제외,00001295
00000556,구제 23-2016-1,말레이시아산 합판에 대한 덤핑방지관세 부과 종료재심사,종료재심사,(사)한국합판보드협회,,,긍정,,"말레이시아 3.96~38.10%, 중국 4.57~27.21%",3년,N,두께 6mm 이상인 후판(厚板) 제품 (침엽수합판 제외),00001351
00000560,구제 23-2016-3,"일본, 인도 및 스페인산 스테인리스스틸 바에 대한 덤핑방지조치의 종료재심사",종료재심사,"세아창원특수강㈜, ㈜세아특수강, 동일제강㈜",,,긍정,,3.56~15.39%,3년,N,횡단면이 전체를 통하여 균일하고 중공(中空)이 없는 원형강·각강·육각강·평강인 제품,00001363
00000559,구제23-2016-4,중국산 옵셋 인쇄판에 대한 덤핑사실 및 국내산업피해 유무 조사,원심,제일씨앤피(주),긍정,5.73~10.00%(잠정),긍정,,5.86~10.21%,5년,N,"각 변의 길이가 255mm를 초과하는 것. 다만, 포토폴리머 바이올렛판, 재생판, 더블레이어판은 제외함 / 각 변의 길이가 255mm를 초과하는 것. 다만, 포토폴리머 바이올렛판, 재생판, 더블레이어판은 제외함 / 각 변의 길이가 255mm를 초과하는 것. 다만, 포토폴리머 바이올렛판, 재생판, 더블레이어판은 제외함",00001339;00001358;00001367
00000619,구제 23-2016-5,"베트남, 우크라이나 및 인도산 페로실리코망간 반덤핑조사",원심,"(주)동부메탈, (주)심팩메탈, (주)심팩메탈로이, 태경산업(주), 동부메탈, 심팩메탈, 심팩메탈로이, 태경산업",긍정,6.08~32.21%(잠정),긍정,,4.06~19.06%,5년,불명,,00001357;00001366;00001434
00000621,구제 23-2017-1호,"대만, 태국 및 아랍에미리트연합산 PET 필름",원심,"SKC(주), SKC㈜, 도레이첨단소재㈜, 코오롱인더스트리㈜, ㈜효성, ㈜화승인더스트리",긍정,잠정덤핑방지관세 3.92~51.86%,긍정,3.67~60.95%,3.67~60.95%,5년,N,"단, 코팅 두께가 0.25㎛를 초과하는 것, 금속증착 필름 및 유채색 필름은 제외 / 코팅 두께가 0.25㎛를 초과하는 것, 금속증착 필름 및 유채색 필름은 제외",00001366;00001433;00001456
00000625,구제 23-2017-2호,"일본, 중국, 핀란드산 도공(Coated) 인쇄용지의 덤핑사실 및 국내산업피해 유무 조사",원심,"한솔제지㈜, 한국제지㈜, 홍원제지㈜",긍정,4.64~56.30%(잠정),,,,,불명,"백상지, 도공 원지에 고령토나 무기물질을 도포한 인쇄용지 중 1제곱미터당 중량이 55그램 초과 110그램 이하인 제품 / 백상지 또는 도공원지에 무기물질을 코팅한 도공 인쇄용지 중 1제곱미터 당 중량이 55그램 초과 110그램 이하인 제품",00001372;00001444
00000626,구제 23-2017-3호,중국산 아연도금철선에 대한 덤핑사실 및 국내산업피해유무 조사,원심,"한국선재㈜, ㈜대아선재, 진흥철강㈜, 한일스틸㈜",긍정,4.43~15.71%,,,,,N,철이나 비합금강 또는 저합금강에 아연을 용융 또는 전기도금한 것으로 탄소함유량이 전체 중량의 0.25% 미만인 원형 또는 원형에 가까운 철선 / 아연을 용융 또는 전기도금한 것으로 탄소함유량이 전체 중량의 0.25% 미만인 원형의 철선,00001373;00001450
00000624,구제 23-2017-4,"미국, 말레이시아, 태국 및 일본산 에탄올아민 덤핑방지관세부과 종료재심사",종료재심사,KPX그린케미칼(주),,,,,,,N,,00001463
00000627,구제23-2017-07호,중국산 도자기질타일에 대한 덤핑방지관세부과 종료재심사,종료재심사,"대동산업(주), ㈜대보세라믹스, ㈜한보요업, 성일요업(주)",,,긍정,,9.06~29.41%,3년,N,"가로 및 세로의 길이가 70mm～1,300mm의 사각판 형태의 제품",00001475
00000641,구제 23-2018-1호,대만 및 이탈리아산 스테인리스 스틸바의 덤핑사실 및 국내산업피해 유무 조사,원심,"㈜세아창원특수강, ㈜세아특수강, 동일제강㈜",긍정,9.68~18.56%(잠정),긍정,,9.47~18.56%,5년,불명,"가운데에 구멍이 있는 것, 일부 직사각형 규격, 자동차 엔진밸브용 내열강 21-4NNbW, 마디 있는 콘크리트 보강용 철근은 부과대상에서 제외 / 국내생산자가 생산하지 않는 자동차부품용 등 9개 품목(23-8N, 21-4N, 21-4NNbW, 21-2N, 440B, 415M, AISI 430F, Magival, 철근)을 부과대상에서 제외",00001482;00001517
00000645,구제 23-2018-2호,"중국, 싱가포르 및 일본산 초산에틸에 대한 덤핑방지관세부과 종료재심사",종료재심사,한국알콜산업 주식회사,,,긍정,,4.73~30.18%,5년,N,원료와 제조공법 여부를 불문하고 화학식이 CH3COOC2H5인 액체상태의 화학물질 / 원료와 제조공법 여부를 불문하고 화학식이 CH3COOC₂H5인 액체상태의 화학물질,00001498;00001519
00000646,구제 23-2018-3호,인도산 초산에틸에 대한 덤핑방지관세부과 종료재심사,종료재심사,한국알콜산업 주식회사,,,긍정,,8.56~19.84%,5년,N,원료와 제조공법 여부를 불문하고 화학식이 CH3COOC2H5인 액체상태의 화학물질 / 원료와 제조공법 여부를 불문하고 화학식이 CH3COOC₂H5인 액체상태의 화학물질,00001497;00001519
00000651,구제 23-2018-4호,"중국, 인도네시아 및 태국산 폴리프로필렌 연신(OPP) 필름에 대한 덤핑방지조치 종료재심사",종료재심사,"필맥스, 삼영화학공업, 화승케미칼, 제이케이머트리얼즈",,,,,,,불명,두께가 10 ㎛이상인 폴리프로필렌 연신필름,00001523
00000652,구제 23-2018-5호,중국 및 인도산 PET(Polyethylene Terephthalate) 필름에 대한 덤핑방지관세부과 종료재심사,종료재심사,"코오롱인더스트리㈜, ㈜효성화학, ㈜화승케미칼, 에쓰케이씨㈜",,,,,,,불명,"제외: 두께 9㎛ 미만 비증착 PET필름, 모터 절연용 두께 125㎛ 이상 흰색 PET필름, 홀로그램 PET필름, 두께 300㎛ 이상 유채색 PET필름",00001522
00000653,구제 23-2018-6호,"중국, 인도네시아 및 브라질산 비도공지의 덤핑사실 및 국내산업피해 유무 조사",원심,한국제지(주),긍정,,,,,,불명,"평량이 60g/㎡ 이상 150g/㎡ 이하인 비도공지로서, A3·A4·B4·B5·원지 규격으로 재단된 것 / 비도공지로써 A3, A4, B4, B5, 복사용원지(850mm*900mm, 780mm*1100mm)의 규격으로 재단된 것",00001483;00001517
00000658,구제 23-2019-1호,"대만, 중국, 일본 및 이탈리아산 글라신지의 덤핑사실 및 국내산업피해 유무 조사",원심,한솔제지주식회사,,,,,,,N,원재료 및 생산공정은 유사하나 공정조건을 달리하여 생산한 그 밖의 투명광택지나 반투명광택지를 포함함,00001520
00000660,구제 23-2019-3,일본산 스테인리스스틸 후판에 대한 덤핑방지조치 2차 종료재심사,종료재심사,,,,,,,,불명,"두께 8mm이상 80mm이하, 너비 1,000mm이상 3,270mm이하 열간압연 강판. 단, 코일형태의 제품 및 원심에서 덤핑방지관세를 부과하지 않은 제품은 제외",00001560
00000674,구제23-2019-4호,중국산 침엽수합판에 대한 덤핑방지관세부과 종료재심사,종료재심사,(사)한국합판보드협회,,,,,,,불명,"양쪽 외면의 단판이 침엽수 목재(대나무, 활엽수 및 열대산 목재가 아닌 것)로 이루어진 것. 다만, 두께 6㎜이상, 너비 220㎜이하, 길이 2,000㎜이하로 측면을 요철(Tongue and Groove) 가공한 사각형태의 물품은 해당되지 않음",00001654
00000675,구제23-2019-5호,중국산 합판에 대한 덤핑방지관세부과 종료재심사(2차),종료재심사,(사)한국합판보드협회,,,,,,,불명,"두께가 6mm 이상인 후판(厚板) 제품. 다만, 두께 6㎜이상, 너비 220㎜이하, 길이 2,000㎜이하로 측면을 요철(Tongue and Groove) 가공한 사각형태의 물품은 해당되지 않음",00001654
00000676,구제23-2019-6호,말레이시아산 합판에 대한 덤핑방지관세부과 종료재심사(3차),종료재심사,(사)한국합판보드협회,,,,,,,불명,"두께가 6mm 이상인 후판(厚板) 제품. 다만, 두께 6㎜이상, 너비 220㎜이하, 길이 2,000㎜이하로 측면을 요철(Tongue and Groove) 가공한 사각형태의 물품은 해당되지 않음",00001654
00000678,구제 23-2019-7호,베트남산 합판의 덤핑사실 및 국내산업피해 유무 조사,원심,(사)한국합판보드협회,긍정,잠정덤핑방지관세 9.18~10.65%,긍정,9.18~10.65%,9.18~10.65%,5년,N,"두께가 6㎜이상인 후판 제품; 두께 6㎜이상, 너비 220㎜이하, 길이 2,000㎜이하로서 측면을 요철(Tongue and Groove) 가공한 사각형태의 물품은 해당하지 않음 / 다만, 두께 6㎜이상, 너비 220㎜이하, 길이 2,000㎜이하로 측면을 요철(Tongue and Groove) 가공한 사각형태의 물품은 해당되지 않음 / 두께가 6mm 이상인 후판(厚板) 제품. 다만, 두께 6㎜이상, 너비 220㎜이하, 길이 2,000㎜이하로 측면을 요철(Tongue and Groove) 가공한 사각형태의 물품은 해당되지 않음 / 목재를 얇은 단판으로 만들어 인접하는 단판의 섬유방향이 교차하도록 접착시킨 적층판으로, 두께가 6mm 이상인 후판(厚板) 제품",00001562;00001614;00001654;00001668
00000702,구제 23-2019-9호,"일본, 인도 및 스페인산 스테인리스스틸바에 대한 덤핑방지조치의 종료재심사(4차)",종료재심사,"세아창원특수강㈜, ㈜세아특수강",,,긍정,,3.51%～15.39%,3년,N,횡단면이 전체를 통하여 균일하고 중공(中空)이 없는 원형강·각강·육각강·평강인 제품,00001689
00000716,구제23-2020-1호,중국산 H형강 덤핑방지관세 부과 및 가격약속 종료 재심사,종료재심사,"현대제철, 동국제강, 현대제철(주), 동국제강(주)",,,긍정,,"라이우스틸, 르자오스틸, 안타이스틸 가격약속 유지, 기타 공급자 28.23%～32.72%",5년,Y,상하 및 좌우 대칭 형태이며 한국산업표준에 따라 측정한 높이가 80미리 이상 / 상하 및 좌우 대칭 형태이며 한국산업표준에 따라 측정한 높이가 80mm 이상,00001689;00001690
00000720,구제 23-2020-2호,중국산 인쇄제판용 평명모양 사진플레이트에 대한 덤핑방지관세 부과,재심(종류 미상),제일씨앤피(주),,,긍정,,"코닥, 화광, 보시카 등 10.32%, 기타 공급자 8.78%",5년,N,각 변의 길이가 255mm를 초과하는 것(감광면이 1개층인 싱글레이어만 대상이며 2개층인 더블레이어는 제외) / 각 변의 길이가 255mm를 초과하는 것(감광면이 1개층인 싱글레이어만 대상이며 2개층인 더블레이어는 제외),00001689;00001690
00000726,구제 23-2020-3호,"중국, 인도네시아 및 대만산 스테인리스강 평판압연 제품의 덤핑사실 및 국내산업피해 유무 조사",원심,"㈜포스코, (주)포스코",긍정,,긍정,7.17~29.68%,7.17~25.82%; 5개 수출자 가격약속 수락 건의,5년,Y,두께가 8㎜를 초과하는 제품과 ASTM 규격 S31254 및 N08367 강종의 제품을 제외함 / 두께가 8㎜를 초과하는 제품과 미국재료시험협회 규격 S31254 및 N08367 강종의 제품을 제외함 / 두께가 8㎜를 초과하는 제품과 미국재료시험협회 규격 S31254 및 N08367 강종의 제품을 제외 / 두께가 8㎜를 초과하는 제품과 미국재료시험협회 규격 S31254 및 N08367 강종의 제품을 제외. 200계 등 일부 품목 관세부과 제외 건의,00001668;00001691;00001701;00001713
00000727,구제 23-2020-4호,"대만, 태국 및 아랍에미리트연합산 PET필름에 대한 덤핑방지관세부과 종료재심사(1)",종료재심사,"코오롱인더스트리(주), 에스케이씨(주), 효성화학(주), ㈜화승케미칼, 도레이첨단소재(주), (주)화승케미칼",,,긍정,,3.19%~60.95%,5년,불명,PET 필름 중 코팅되지 않은 물품 및 코팅 두께의 합이 0.25㎛(이하 텍스트 누락)인 물품; 금속으로 증착된 물품 또는 유채색 물품은 제외 / 코팅 두께의 합이 0.25㎛(이하). 다만 금속으로 증착된 물품 또는 유채색 물품은 제외,00001723;00001722
00000728,구제 23-2020-5호,중국산 폴리에스테르 장섬유 완전연신사의 덤핑사실 및 국내산업피해 유무 조사,원심,한국화학섬유협회,긍정,,,,,,N,FDY와 폴리에스테르 장섬유 부분연신사(POY)가 직방사와 동시에 혼합된 제품을 포함함 / FDY와 폴리에스테르 장섬유 부분연신사(POY)가 직방사와 동시에 혼합된 제품을 포함함 / FDY와 폴리에스테르 장섬유 부분연신사(POY)가 직방사와 동시에 혼합된 제품을 포함함,00001690;00001723;00001722
00000732,구제 23-2021-1호,중국산 더블레이어 인쇄제판용 평면모양 사진플레이트에 대한 덤핑방지관세 부과,원심,제일씨앤피(주),긍정,,,,,,불명,"감광재를 2회 도포한 감광성 인쇄용 판으로 각 변의 길이가 255㎜를 초과하고 감광면이 2개층인 것; 포토폴리머 바이올렛 인쇄판, 재생판은 제외",00001723
00000734,구제 23-2021-3호,중국 및 호주산 수산화알루미늄 일반제품,원심,케이씨(주),,,,,,,불명,"평균 입도(Dp50) 45㎛ 이상, 백색도 95 미만. 다만, 알루미나 제품이나 수산화알루미늄 특수(건조, 미분 및 초미분)제품 생산용 원료는 제외",00001722
00000753,구제 23-2022-5호,이집트산 백시멘트의 덤핑사실 및 국내산업피해 유무 조사,원심,㈜유니온,,,긍정,,60.83%,5년,불명,산화철(Fe2O3) 성분 함량이 1.0% 이하인 제품,00001770
00000760,구제 23-2023-1호,일본산 스테인리스스틸 후판에 대한 덤핑방지관세부과 3차 종료재심사,종료재심사,"세아창원특수강㈜, ㈜세아특수강",,,,,,,불명,횡단면이 전체를 통하여 균일하고 중공(中空)이 없는 원형강ㆍ각강ㆍ육각강ㆍ평강인 제품,00001768
00000770,구제 23-2023-4호,말레이시아산 합판에 대한 덤핑방지관세 부과 종료재심사(4차),종료재심사,(사)한국합판보드협회,,,긍정,,4.73~38.10%,5년,N,"두께가 6mm 이상인 후판(厚板) 제품. 다만, 두께 6㎜이상, 너비 220㎜이하, 길이 2,000㎜이하로 측면을 요철(Tongue and Groove) 가공한 사각형태의 물품은 제외",00001771
00000772,구제 23-2023-5호,베트남산 합판에 대한 덤핑방지관세부과 종료재심사(1차),종료재심사,(사)한국합판보드협회,,,긍정,,9.78~31.28%,5년,N,"두께가 6mm 이상인 후판(厚板) 제품. 다만, 두께 6㎜이상, 너비 220㎜이하, 길이 2,000㎜이하로 측면을 요철(Tongue and Groove) 가공한 사각형태의 물품은 제외",00001771
00000773,구제 23-2023-6호,중국산 합판에 대한 덤핑방지관세부과 종료재심사(3차),종료재심사,(사)한국합판보드협회,,,긍정,,3.30%~27.21%,5년,N,"두께가 6mm 이상인 후판(厚板) 제품. 다만, 두께 6㎜이상, 너비 220㎜이하, 길이 2,000㎜이하로 측면을 요철(Tongue and Groove) 가공한 사각형태의 물품은 제외",00001771
00000771,구제 23-2023-7호,중국산 침엽수 합판에 대한 덤핑방지관세부과 종료재심사(2차),종료재심사,(사)한국합판보드협회,,,긍정,,7.15%,5년,N,"두께가 6mm 이상인 후판(厚板) 제품. 다만, 두께 6㎜이상, 너비 220㎜이하, 길이 2,000㎜이하로 측면을 요철(Tongue and Groove) 가공한 사각형태의 물품은 제외",00001771
00000775,구제 23-2024-1호,중국산 폴리에틸렌 테레프탈레리트 수지(PET 수지)의 덤핑사실 및 국내산업피해 유무 조사,원심,㈜티케이케미칼,긍정,6.62%~7.83%(잠정),긍정,,7.00~7.98%,5년,N,고유 점도 0.7㎗/g 이상 또는 점도 번호 78㎖/g 이상의 PET 수지 / 고유 점도 0.7㎗/g 이상 또는 점도 번호 78㎖/g 이상의 PET 수지,00001776;00001896
00000776,구제 23-2024-2호,중국산 스티렌모노머의 덤핑사실 및 국내산업피해 유무 조사,원심,"한화토탈에너지스㈜, 여천NCC㈜",,,,,,,불명,화학식 C8H8(시성식 C6H5CH=CH2)을 가지는 방향족 탄화수소,00001771
00000777,구제 23-2024-3호,중국 인도네시아 및 태국산 폴리프로필렌 연신(OPP)필름에 대한 덤핑방지관세부과 종료재심사(2차),종료재심사,"㈜ 필맥스, ㈜화승케미칼, ㈜ 삼영, 제이케이머트리얼즈(주), ㈜필맥스, ㈜삼영, 제이케이머티리얼즈(주), 제이케이머티리얼즈㈜",,,긍정,,2.50%~25.04%,,N,두께가 10마이크로미터(㎛) 이상인 폴리프로필렌 연신필름 / 두께가 10마이크로미터(㎛) 이상인 폴리프로필렌 연신필름 / 두께가 10마이크로미터(㎛) 이상인 폴리프로필렌 연신필름. 원심 미소마진으로 재심사 대상에서 제외된 롯데 패키징은 0% 적용,00001776;00001896;00001939
00000780,구제 23-2024-4호,"중국, 인도네시아 및 대만산 스테인리스강 평판압연 제품에 대한 덤핑방지관세부과 및 가격약속 종료재심사(1차)",종료재심사,"㈜세아창원특수강, ㈜세아특수강, 동일제강㈜, ㈜포스코",,,긍정,,"산시타이강·리스코·인니청산·유스코·왈신 가격약속 연장, 그 밖의 공급자 9.07%~25.82%",5년,Y,횡단면이 전체를 통하여 균일하고 중공(中空)이 없는 원형강ㆍ각강ㆍ육각강ㆍ평강인 제품 / 두께 8㎜ 이하인 스테인리스강 평판압연제품 / 두께 8㎜ 이하인 스테인리스강 평판압연제품 / 두께 8㎜ 이하인 스테인리스강 평판압연제품 / 두께 8㎜ 이하인 스테인리스강 평판압연제품,00001768;00001776;00001845;00001910;00001939
00000781,구제 23-2024-5호,베트남산 스테인리스강 냉간압연 제품의 덤핑사실 및 국내산업피해 유무 조사,원심,㈜포스코,긍정,3.66~11.37%,긍정,11.37~18.81%,11.37~18.81%,5년,N,"모든 강종, 형태, 모든 폭, 길이 및 두께의 제품을 포함하고, 표면처리 및 트리밍 여부를 불문함 / 모든 강종, 형태, 모든 폭, 길이 및 두께의 제품을 포함하고, 표면처리 및 트리밍 여부를 불문함 / 모든 강종, 형태, 모든 폭, 길이 및 두께의 제품을 포함하고, 표면처리 및 트리밍 여부를 불문함 / 모든 강종, 형태, 모든 폭, 길이 및 두께의 제품을 포함하고, 표면처리 및 트리밍 여부를 불문함 / 모든 강종, 형태, 모든 폭, 길이 및 두께의 제품을 포함하고, 표면처리 및 트리밍 여부를 불문함",00001776;00001845;00001896;00001910;00001953
00000795,구제 23-2024-6호,중국 및 대만산 석유수지의 덤핑사실 및 국내산업피해 유무 조사,원심,코오롱인더스트리㈜,긍정,잠정덤핑방지관세 4.45~18.52%,,,,,N,다만 연화점(녹는점)이 130℃ 이상인 C9 석유수지는 조사신청물품에서 제외,00001910
00000798,구제 23-2024-7호,중국산 스테인리스 스틸 후판의 덤핑사실 및 국내산업피해 유무 조사,원심,주식회사 디케이씨,긍정,잠정덤핑방지관세 21.62%,긍정,21.62%,21.62%,5년,N,"열간압연한 강판 형태로 두께 4.75㎜이상, 폭 600㎜이상인 완제품. 반제품인 스테인리스 Black Plate는 제외 / 열간압연한 강판 형태로 두께가 4.75㎜ 이상이고 폭이 600㎜ 이상인 완제품 / 열간압연한 강판(plate)의 형태로, 두께가 4.75㎜ 이상이고 폭이 600㎜ 이상인 완제품 / 스테인리스강 중 열간압연한 강판(plate) 형태로 두께 4.75㎜ 이상, 폭 600㎜ 이상인 완제품",00001891;00001938;00001953;00001981
00000799,구제 23-2024-8호,중국산 탄소강 및 그 밖의 합금강 열간압연 후판제품,원심,현대제철㈜,긍정,27.91%~38.02%(잠정),긍정,,가격약속 수락 건의(중국 9개 수출자); 미참여 업체 34.10%,5년,Y,"두께가 4.75밀리미터 이상, 폭이 600밀리미터 이상이고, 코일모양이 아니며, 냉간압연을 하지 않은 것으로 한정 / 두께 4.75밀리미터 이상, 폭 600밀리미터 이상이고, 코일모양이 아니며, 냉간압연을 하지 않은 것으로 한정 / 두께 4.75밀리미터 이상, 폭 600밀리미터 이상이고, 코일모양이 아니며, 냉간압연을 하지 않은 것으로 한정",00001896;00001939;00001985
00000801,구제 23-2024-10호,태국산 파티클보드의 덤핑사실 및 국내산업피해 유무 조사,원심,"사단법인 한국합판보드협회, (사)한국합판보드협회",긍정,11.82~17.19%,,,,,N,"성형·열압한 판(보드) 또는 성형·열압한 후 연마가공 이하 수준으로 가공한 판(보드) / 배향성 있는 스트랜드 보드, 웨이퍼보드, MDF 및 표면을 피복한 파티클보드는 조사신청물품에 포함되지 않음 / 배향성 있는 스트랜드 보드, 웨이퍼보드, MDF 및 표면을 피복한 파티클보드는 조사신청물품에 포함되지 않음",00001910;00001953;00001981
00000800,구제23-2024-9호,중국산 차아황산소다에 대한 덤핑사실 및 국내산업피해 유무 조사,원심,"㈜한솔케미칼, 주식회사 한솔케미칼",긍정,15.15~33.97%,,,,,N,"Na2S2O4의 화학식을 가진 백색 결정성 분말 입자. 단, 차아황산소다의 농도는 불문함 / Na2S2O4의 화학식을 가진 백색 결정성 분말 입자. 단, 차아황산소다의 농도는 불문함 / Na2S2O4의 화학식을 가진 백색 결정성 분말 입자. 단, 차아황산소다의 농도는 불문함",00001910;00001953;00001981
00000831,구제23-2024-11호,일본 및 중국산 탄소강 및 그 밖의 합금강 열간압연 제품의 덤핑사실 및 국내산업피해 유무 조사,원심,현대제철㈜,긍정,잠정덤핑방지관세 28.16~33.57%,,,,,N,"다만, 열연 후판 제품, 열연 제품에 클래드, 도금 또는 도포한 제품, 스테인리스강 제품은 포함하지 않음",00001982
00000833,구제23-2025-1,중국산 단일모드 광섬유에 대한 덤핑사실 및 국내산업피해 유무 조사,원심,"LS전선㈜, LS전선(주)",긍정,잠정덤핑방지관세 43.35%,긍정,43.35%,43.35%,5년,N,"G.652 A~D, G.657 A1ㆍA2 규격 제품. 광섬유 다발, 광섬유 케이블 및 G.657.D중 Low Loss 제품은 제외 / 광섬유 다발과 광섬유 케이블 및 단일모드 광섬유 G.652.D중 Low Loss 제품은 부과대상물품에 포함되지 않음",00001982;00002094
00000839,구제 23-2025-3호,중국산 PET 필름에 대한 덤핑방지관세 부과 중간재심사,중간재심사,"코오롱인더스트리, 에스케이마이크로웍스, 효성화학, 화승케미칼",,,,,,,N,"PET 필름으로 증착 여부를 불문함. 단, 현행 부과제외 품목(홀로그램 PET 필름 등 6종)은 재심사 범위에서 제외",00001953
00000819,구제23-2025-2호,일본 및 중국산 산업용로봇(4축이상 수직다관절형)에 대한 덤핑사실 및 국내산업피해 유무 조사,원심,에이치디현대로보틱스㈜,,,긍정,,15.96~19.85%,,N,"가반중량이 6kg에서 600kg까지인 4축 이상의 수직다관절 구조를 가진 산업용 로봇. 단, 소형고속로봇과 도장전용로봇, 협동로봇은 제외 / 가반중량이 6kg에서 600kg까지인 4축 이상의 수직다관절 구조. 단, 소형고속로봇과 도장전용로봇, 협동로봇은 제외",00002080;00002109
00000843,구제23-2025-6호,"독일, 프랑스, 노르웨이 및 스웨덴산 폴리염화비닐 페이스트 수지",원심,한화솔루션 주식회사,,,긍정,,25.79~31.55%,5년,N,"단, Suspension PVC(S-PVC)는 제외함",00001985;00002109;00002128
00000844,구제23-2025-7호,태국산 이음매 없는 동관,원심,"능원금속공업, 엘에스메탈, 능원금속공업 주식회사, 엘에스메탈 주식회사",긍정,3.64~8.41%,긍정,,4.93~8.41%,5년,N,"정제한 구리로 만든 외경 66.68㎜ 이하, 두께 0.20㎜ 이상 2.50㎜ 이하인 이음매가 없는 관 / 다만, 플라스틱 코팅이나 엠보, 고무발포 등의 부착물이 결합된 동관은 제외함 / 정제한 구리로 만든 외경 66.68㎜ 이하, 두께 0.20㎜ 이상 2.50㎜ 이하인 이음매가 없는 관",00002094;00002113;00002129
00000846,구제23-2025-8호,중국산 부틸 아크릴레이트,원심,"주식회사 엘지화학, ㈜엘지화학",,,긍정,,8.32~19.17%,,N,아크릴산과 부탄올의 에스테르화 반응을 통해 제조되는 유기 화합물,00002113;00002147
00000856,구제23-2025-9호,중국산 아연 및 아연합금 표면처리 냉간압연 제품의 덤핑사실 및 국내산업피해 유무 조사,원심,"동국씨엠(주), 케이지스틸(주), (주)세아씨엠, 동국씨엠㈜, 케이지스틸㈜, ㈜세아씨엠",긍정,22.34~33.67%,,,,,N,"아연 및 아연합금 표면처리 냉간압연 제품으로 전기아연도금 강판, 합금화 아연도금(자동차용)은 제외 / 두께 4.75밀리미터 미만... 다만, 아연을 전해도금하거나 도포한 제품과 소둔과정을 통해 합금화 아연도금한 제품은 포함하지 않음 / 두께 4.75mm 미만. 물결 모양·도장 제품 포함. 다만 아연 전해도금·도포 제품과 합금화 아연도금 제품은 포함하지 않음",00002080;00002113;00002147
00000852,구제23-2025-12호,중국산 에이치(H) 형강,재심(종류 미상),"현대제철, 동국제강, 현대제철(주), 동국제강(주), 현대제철㈜, 동국제강㈜",,,긍정,,28.23~32.72%; 라이우스틸·르자오스틸 가격약속,5년,Y,이축대칭 단면이 H형상을 한 물품으로 높이가 80밀리미터 이상인 것 / 이축대칭(상하 및 좌우대칭) 단면이 H형상을 한 구조용 형강으로 높이가 80밀리미터 이상인 것 / 구조용 형강 중 단면이 H형상을 한 물품으로 높이가 80밀리미터 이상인 것,00002080;00002147;00002167
00000859,구제 23-2025-13호,중국산 인쇄제판용 평면모양 사진플레이트에 대한 덤핑방지관세 부과 종료재심사(2차),종료재심사,"제일씨앤피(주), 제일씨앤피",,,,,,,N,"포토폴리머 바이올렛판(Photopolymer Violet Plate), 재생판, 더블레이어판(Double-layer Plate)은 제외 / 포토폴리머 바이올렛판(Photopolymer Violet Plate), 재생판, 더블레이어판(Double-layer Plate)은 제외",00002094;00002157
00000862,구제 23-2026-3호,중국산 폴리(에틸렌 테레프탈레이트)에 대한 덤핑방지관세부과 중간재심사,중간재심사,주식회사 티케이케미칼,,,,,,,불명,점도번호 78㎖/g 이상 또는 고유 점도 0.7㎗/g 이상의 PET 수지,00002109
00000860,구제23-2026-2호,중국 및 대만산 고체 수산화나트륨,원심,주식회사 영진,긍정,"중국 3.66~22.21%, 대만 38.89%",,,,,N,"액체 수산화나트륨을 고농도로 농축ㆍ가공하여 제조한 백색의 고체 수산화나트륨으로, NaOH의 화학식을 가진 것 / 액체 수산화나트륨을 고농도로 농축‧가공하여 제조한 백색의 고체 수산화나트륨으로, NaOH의 화학식을 가진 것",00002113;00002157
00000847,구제 23-2025-10호,중국산 봉강의 덤핑사실 및 국내산업피해 유무 조사,원심,"세아베스틸, 세아창원특수강, ㈜세아베스틸, ㈜세아창원특수강",긍정,25.08~27.96%,,,,,N,"철, 탄소강 및 스테인리스강 이외의 합금강을 압연 또는 단조한 봉강. 철근, 형강, 중공드릴봉, 스테인리스강, 평판압연제품 등은 제외 / 철, 탄소강 및 스테인리스강 이외의 합금강을 압연 또는 단조하여 생산되는 봉강제품",00002128;00002167
00000867,구제 23-2026-4호,중국산 폴리염화비닐 서스펜션 수지의 덤핑사실 및 국내산업피해 유무,원심,한화솔루션(주),,,,,,,불명,동일 HSK 3904.10.0000이라도 유화중합 또는 미세현탁중합 방식의 폴리염화비닐 페이스트 수지(PSR)는 조사범위에 포함되지 않음,00002147
00000868,구제23-2026-5호,중국산 석도강판의 덤핑사실 및 국내산업피해 유무,원심,"(주)티씨씨스틸, (주)신화다이나믹스",,,,,,,불명,"블랙플레이트 표면에 주석 또는 크롬 및 크롬산화물을 도금, 도포한 평판압연제품(주석도금강판, 크롬도금강판)",00002147
00000869,구제23-2026-6호,중국산 초산에틸,원심,㈜한국알콜산업,,,,,,,N,원료와 제조공법 여부를 불문하고 화학식이 CH3COOC2H5인 액체상태의 화학물질,00002167
00000870,구제23-2026-7호,"대만, 태국, 아랍에미리트연합산 PET 필름 종료재심사(2차)",종료재심사,"㈜도레이첨단소재, ㈜마이크로웍스, ㈜효성화학, ㈜화승케미칼",,,,,,,N,"PET 필름 중 코팅되지 않은 물품 및 코팅 두께 합이 0.25㎛ 이하인 것. 다만, 금속 증착/유채색(흰색 제외) 물품은 제외",00002167
00000872,구제 23-2026-8호,중국산 폴리에스테르 장섬유 완전연신사에 대한 덤핑방지관세 부과 종료재심사(1차),종료재심사,한국화학섬유협회,,,,,,,N,방사단계에서 완전연신사(FDY)와 장섬유 부분연신사(POY)를 직방사로 제조한 제품도 포함,00002167
