master_id,status,case_no,title,product,countries,review_type,initiation_date,prelim_date,final_date,hearing_date,steps_all,docs,case_type
00000769,종결,의결 제2023-6호,제3차 무역구제진흥 기본계획(안),해당없음,,원심,,,,,,,원심
00000217,종결,,리튬1차전지 덤핑수입으로 인한 국내 산업피해 조시,리튬1차전지,일본,재심,1900-01-01,,1998-05-25,,최종판정 1998-05-25,,재심(종류 미상)
00000216,종결,,대두유 덤핑수입으로 인한 국내 산업피해 조사,대두유,"아르헨티나,브라질,미국",원심,1900-01-01,,1997-12-19,,최종판정 1997-12-19,,원심
00000754,종결,구제 23-2021-6,중국베트남산 이음매 없는 동관 수출가격 인상약속 제의 수락여부 검토,이음매 없는 동관,"중국,베트남",원심,1900-01-01,,,,,,가격약속 검토
00000228,종결,대무 35-6-2000-1,중국산 일반용자전거 및 동 부품의 덤핑수입으로 인한 국내산업피해유무 조사,일반용자전거 및 동부품,중국,원심,1900-01-01,,2000-09-27,,최종판정 2000-09-27,,원심
00000227,종결,대무 35-6-2000-2,일본산 인쇄제판용평면상사진플레이트 덤핑방지관세부과 재심사,PS인쇄판,일본,재심,1900-01-01,,2000-06-28,,최종판정 2000-06-28,,재심(종류 미상)
00000203,종결,대무 40-6-96-5,스위스산 산업용 공기조절기 덤핑수입으로 인한 국내산업피해조사,산업용공기조절기,스위스,원심,1900-01-01,,1996-10-29,,최종판정 1996-10-29,,원심
00000180,종결,,디쿠밀퍼록사이드 덤핑수입으로 인한 산업피해조사,디쿠밀퍼록사이드,"일본,대만",재심,1988-06-30,,1988-12-06,,조사개시 1988-06-30; 최종판정 1988-12-06,,재심(종류 미상)
00000181,종결,대무 40-6-90-1,알루미나시멘트 뎀핑수입으로 인한 산압피해조사,알루미나 시멘트,프랑스,원심,1989-02-16,,1989-08-17,,조사개시 1989-02-16; 최종판정 1989-08-17,,원심
00000182,종결,대무 40-6-90-2,폴리아크릴아미드 덤핑수입으로 인한 산업피해조사,폴리아크릴아미드,"프랑스,영국,독일",원심,1989-10-20,,1990-11-19,,조사개시 1989-10-20; 최종판정 1990-11-19,,원심
00000183,종결,대무 40-6-90-2,폴리아세탈수지 덤핑수입으로 인한 산업피해조사,폴리아세탈수지,"일본,미국",원심,1990-08-25,,1991-04-24,,조사개시 1990-08-25; 최종판정 1991-04-24,,원심
00000184,종결,,H-산 덤핑수입으로 인한 산업피해조사,H-산,"중국,인도,일본",원심,1992-08-06,,1992-12-15,,조사개시 1992-08-06; 최종판정 1992-12-15,,원심
00000185,종결,대무 40-6-92-2,중국산 정제인산 덤핑 수입으로 인한 산업피해조사,정제인산,중국,원심,1992-08-06,1992-10-05,1993-01-28,1992-12-10,조사개시 1992-08-06; 예비판정 1992-10-05; 공청회 1992-12-10; 최종판정 1993-01-28,,원심
00000186,종결,대무 40-6-92-3,VTR헤드 드럼용 볼 베어링,볼베어링,타이,원심,1992-08-06,1992-10-05,1993-01-28,1992-12-02,조사개시 1992-08-06; 예비판정 1992-10-05; 공청회 1992-12-02; 최종판정 1993-01-28,,원심
00000187,종결,대무 40-6-93-1,중국으로부터의 소다회 덤핑수입으로 인한 산업피해조사,소다회,중국,원심,1993-02-26,1993-05-25,1993-11-17,1993-07-20,조사개시 1993-02-26; 예비판정 1993-05-25; 공청회 1993-07-20; 최종판정 1993-11-17,,원심
00000188,종결,,PS 인쇄판 덤핑수입으로 인한 산업피해조사,PS 인쇄판,"일본,대만",원심,1993-04-09,1993-08-10,1993-11-08,1993-10-08,조사개시 1993-04-09; 예비판정 1993-08-10; 공청회 1993-10-08; 최종판정 1993-11-08,,원심
00000191,종결,대무 40-6-94-1,"미국, 중국, 벨기에 및 프랑스로부터의 액체가소성소다 덤핑수입으로 인한 산업피해조사",엑체가성소다,"벨기에,중국,프랑스,미국",원심,1993-05-03,1993-09-09,1994-12-09,1994-11-01,조사개시 1993-05-03; 예비판정 1993-09-09; 공청회 1994-11-01; 최종판정 1994-12-09,,원심
00000189,종결,대무 40-6-93-3,"미국, 일본 및 대만산 유리장섬유 덤핑수입으로 인한 산업피해조사",유리장섬유,"일본,대만,미국",원심,1993-09-07,1994-01-11,1994-04-12,1994-03-14,조사개시 1993-09-07; 예비판정 1994-01-11; 공청회 1994-03-14; 최종판정 1994-04-12,,원심
00000190,종결,대무 40-6-93-4,러시아로 부터의 소성인산석회 덤핑수입에 의한 산업피해조사,소성인산석회,러시아,원심,1993-11-08,1994-03-14,1994-06-23,1994-06-09,조사개시 1993-11-08; 예비판정 1994-03-14; 공청회 1994-06-09; 최종판정 1994-06-23,,원심
00000192,종결,대무 40-6-94-2,"중국 러시아, 카자흐스탄 및 우즈베키스탄으로부터의 아연괴 덤핑수입으로 인한 산업피해조사",아연괴,"중국,카자흐스탄,러시아,우즈베키스탄",원심,1994-12-20,1995-03-31,1995-06-23,1995-05-23,조사개시 1994-12-20; 예비판정 1995-03-31; 공청회 1995-05-23; 최종판정 1995-06-23,,원심
00000193,종결,대무 40-6-95-1,일본산 동박 덤핑수입으로 인한 산업피해조사,동박,일본,원심,1995-06-23,,1995-10-05,,조사개시 1995-06-23; 최종판정 1995-10-05,,원심
00000194,종결,,정제인산 덤핑수입으로 인한 산업피해 조사,정제인산,중국,재심,1995-09-07,,1996-02-29,,조사개시 1995-09-07; 최종판정 1996-02-29,,재심(종류 미상)
00000195,종결,대무 40-6-95-3,일본산 유리장섬유 덤핑방지관세부과 재심사,유리장섬유,"일본,대만,미국",재심,1995-10-17,,1096-02-29,,조사개시 1995-10-17; 최종판정 1096-02-29,,재심(종류 미상)
00000196,종결,대무 40-6-96-1,미국산 에탄올아민 덤핑수입으로 인한 산업피해조사,에탄올아민,미국,원심,1996-01-26,1996-06-07,1996-09-04,1996-08-13,조사개시 1996-01-26; 예비판정 1996-06-07; 공청회 1996-08-13; 최종판정 1996-09-04,,원심
00000197,종결,대무 40-6-96-2,"일본, 미국산 리튬1차전지의 덤핑수입으로 인한 산업피해조사",리튬1차전지,"일본,미국",원심,1996-02-29,1996-07-09,1996-10-23,1996-09-04,조사개시 1996-02-29; 예비판정 1996-07-09; 공청회 1996-09-04; 최종판정 1996-10-23,,원심
00000198,종결,,유리장섬유 덤핑수입으로 인한 산업피해조사,유리장섬유,"일본,미국",재심,1996-03-11,,1996-08-26,,조사개시 1996-03-11; 최종판정 1996-08-26,,재심(종류 미상)
00000199,종결,대무 40-6-96-3,미국 및 중국산 염화코린 덤핑수입으로 인한 국내산업피해조사,염화코린,"중국,미국",원심,1996-03-29,1996-07-09,1996-10-09,1996-09-23,조사개시 1996-03-29; 예비판정 1996-07-09; 공청회 1996-09-23; 최종판정 1996-10-09,,원심
00000200,종결,대무-XXXX,일본산 인쇄제판용 평면상 사진플레이트(PS인쇄판) 덤핑관세부과 재심사,PS인쇄판,일본,재심,1996-04-30,,1996-10-09,,조사개시 1996-04-30; 최종판정 1996-10-09,,재심(종류 미상)
00000201,종결,대무 40-6-96-4,"일본, 독일, 네덜란드 및 중국산 전기면도기의 덤핑수입으로 인한 국내산업피해 조사",전기면도기,"중국,독일,일본,네덜란드",원심,1996-07-09,1996-11-14,1997-03-14,1997-01-28,조사개시 1996-07-09; 예비판정 1996-11-14; 공청회 1997-01-28; 최종판정 1997-03-14,,원심
00000202,종결,대무 40-6-96-8,중국산 소다회의 덤핑방지관세부과 및 약속 재심사,소다회,중국,재심,1996-07-29,,1997-04-19,1997-02-20,조사개시 1996-07-29; 공청회 1997-02-20; 최종판정 1997-04-19,,재심(종류 미상)
00000204,종결,대무 40-6-96-8,불가리아 및 러시아산 소다회의 덤핑수입으로 인한 국내산업피해조사,소다회,"불가리아,러시아",원심,1996-09-04,1997-01-06,1997-04-03,1997-02-20,조사개시 1996-09-04; 예비판정 1997-01-06; 공청회 1997-02-20; 최종판정 1997-04-03,,원심
00000205,종결,대무 40-6-96-9,러시아산 H형강 덤핑수입으로 인한 국내산업피해유무 조사,H 형강,러시아,원심,1996-11-14,1997-03-14,1997-06-12,1997-05-12,조사개시 1996-11-14; 예비판정 1997-03-14; 공청회 1997-05-12; 최종판정 1997-06-12,,원심
00000206,종결,,산업공공기조절기 덤핑수입으로인한 국내산업피해유무 조사,산업용공기조절기,리히텐슈타인,원심,1997-01-21,1997-04-30,1997-07-21,,조사개시 1997-01-21; 예비판정 1997-04-30; 최종판정 1997-07-21,,원심
00000208,종결,대무 40-6-97-3,대만산 에틸렌-초산비닐공중합체에멀젼타입 덤핑수입으로 인한 국내산업피해유무 조사,에틸렌-초산비닐 공중합체에멀젼타입,대만,원심,1997-02-27,1997-06-27,1997-08-06,,조사개시 1997-02-27; 예비판정 1997-06-27; 최종판정 1997-08-06,,원심
00000207,종결,대무 40-6-97-2,중국산 일회용 포켓형 라이터 덤핑수입으로 인한 국내산업피해유무 조사,일회용포켓형라이터,중국,원심,1997-03-10,1997-05-30,1997-09-26,1997-08-26,조사개시 1997-03-10; 예비판정 1997-05-30; 공청회 1997-08-26; 최종판정 1997-09-26,,원심
00000209,종결,대무 35-6-97-4,중국산 푸르푸릴알콜 덤핑수입으로 인한 국내산업피해 조사,푸르푸릴알콜,중국,원심,1997-04-30,1997-09-05,1998-02-16,1997-11-03,조사개시 1997-04-30; 예비판정 1997-09-05; 공청회 1997-11-03; 최종판정 1998-02-16,,원심
00000210,종결,대무 35-6-97-5,말레이시아 및 미국산 중질섬유판 덤핑수입으로 인한 국내산업피해 조사,중질섬유판,"말레이시아,미국",원심,1997-04-30,1997-09-05,1997-12-05,1997-11-07,조사개시 1997-04-30; 예비판정 1997-09-05; 공청회 1997-11-07; 최종판정 1997-12-05,,원심
00000211,종결,대무 35-6-97-6,독일 및 영국산 셀프복사지의 덤핑수입으로 인한 국내산업피해유무 조사,셀프복사지,"영국,독일",원심,1997-06-12,1997-10-15,1998-02-10,1997-12-17,조사개시 1997-06-12; 예비판정 1997-10-15; 공청회 1997-12-17; 최종판정 1998-02-10,,원심
00000212,종결,대무 35-6-97-7,H-메틸셀룰로스 덤핑수입으로 인한 국내산업피해 조사,H-메틸셀룰로스,"독일,미국",원심,1997-06-12,1997-10-15,1997-10-15,,조사개시 1997-06-12; 예비판정 1997-10-15; 최종판정 1997-10-15,,원심
00000213,종결,대무 35-6-97-8,"싱가포르, 중국 및 프랑스산 가정용 전기다리미 덤핑수입으로 인한 산업피해유무 조사",전기다리미,"중국,프랑스,싱가포르",원심,1997-10-15,1998-02-20,1998-06-17,1998-05-20,조사개시 1997-10-15; 예비판정 1998-02-20; 공청회 1998-05-20; 최종판정 1998-06-17,,원심
00000215,종결,대무 35-6-97-10,폴리비닐알코올 덤핑수입으로 인한 국내 산업피해 조사,폴리비닐알콜,일본,원심,1997-11-07,1998-03-11,1998-07-02,1998-06-15,조사개시 1997-11-07; 예비판정 1998-03-11; 공청회 1998-06-15; 최종판정 1998-07-02,,원심
00000214,종결,대무 35-6-97-9,중국산 페로실리코망간 덤핑수입으로 인한 국내 산업피해 조사,페로실리코망간,중국,원심,1997-11-07,1998-03-11,1998-07-02,1998-06-11,조사개시 1997-11-07; 예비판정 1998-03-11; 공청회 1998-06-11; 최종판정 1998-07-02,,원심
00000218,종결,대무 35-6-98-1,일본산 인쇄제판용 평면상 사진플레이트(PS인쇄판) 덤핑수입으로 인한 국내산업피해 조사,PS인쇄판,일본,재심,1998-06-10,,1998-11-13,1998-09-25,조사개시 1998-06-10; 공청회 1998-09-25; 최종판정 1998-11-13,,재심(종류 미상)
00000220,종결,대무 35-6-98-4,"미국, 일본 및 대만산 유리장섬유 덤핑방지관세부과 재심사",유리장섬유,"일본,대만,미국",재심,1998-10-12,,1999-04-21,1999-03-17,조사개시 1998-10-12; 공청회 1999-03-17; 최종판정 1999-04-21,,재심(종류 미상)
00000219,종결,대무 35-6-98-3,"말레이시아, 인도네시아, 타이산 파티클보드 덤핑 및 산업피해 조사",파티클보드,"인도네시아,말레이시아,타이",원심,1998-11-13,,1999-01-20,,조사개시 1998-11-13; 최종판정 1999-01-20,,원심
00000221,종결,대무 35-6-99-1,일본산 방적사용 복합호제 덤핑 및 산업피해 조사,복합호제,일본,원심,1999-03-12,1999-07-14,1999-11-10,,조사개시 1999-03-12; 예비판정 1999-07-14; 최종판정 1999-11-10,,원심
00000223,종결,대무 35-6-99-2,네델란드산 PS인쇄판 덤핑수입으로 인한 산업피해 조사,PS인쇄판,네덜란드,원심,1999-04-21,1999-08-25,1999-12-08,1999-11-10,조사개시 1999-04-21; 예비판정 1999-08-25; 공청회 1999-11-10; 최종판정 1999-12-08,,원심
00000222,종결,대무 35-6-99-3,중국산 포켓형일회용라이터 덤핑방지관세부과율 재심사,일회용포켓형 라이터,중국,재심,1999-04-22,,1999-10-11,,조사개시 1999-04-22; 최종판정 1999-10-11,,재심(종류 미상)
00000224,종결,대무 35-6-99-3,대만산 알루미늄 공관 및 뚜껑의 덤핑수입으로 인한 국내산업피해유무 조사,알루미늄공관 및 뚜껑,대만,원심,1999-11-10,2000-03-08,2000-03-08,,조사개시 1999-11-10; 예비판정 2000-03-08; 최종판정 2000-03-08,,원심
00000225,종결,대무 35-6-99-5,"싱가포르, 중국, 일본 및 미국산 알칼리망간건전지의 덤핑수입으로 인한 국내산업피해유무 조사",알칼리망간건전지,"중국,일본,싱가포르,미국",원심,1999-11-10,2000-03-15,2000-09-15,2000-05-17,조사개시 1999-11-10; 예비판정 2000-03-15; 공청회 2000-05-17; 최종판정 2000-09-15,,원심
00000226,종결,대무 35-6-99-6,중국산 소다회 덤핑방지관세부과 및 가격약속 재심사,소다회,중국,재심,1999-12-08,,2000-10-16,2000-06-14,조사개시 1999-12-08; 공청회 2000-06-14; 최종판정 2000-10-16,,재심(종류 미상)
00000230,종결,대무 35-6-2000-4,말세이시아산 중질섬유판의 덤핑방지관세부과 재심사,중질섬유판,말레이시아,재심,2000-07-26,,2001-06-08,2001-05-23,조사개시 2000-07-26; 공청회 2001-05-23; 최종판정 2001-06-08,,재심(종류 미상)
00000229,종결,대무 35-6-2000-3,타이 및 인도네시아산 중질섬유판의 덤핑수입으로 인한 국내산업피해유무 조사,중질섬유판,"인도네시아,타이",원심,2000-08-30,,2001-04-18,,조사개시 2000-08-30; 최종판정 2001-04-18,,원심
00000234,종결,대무 35-6-2000-5,독일산 셀프복사지 덤핑방지관세부과 및 가격약속 종료 재심사,셀프복사지,"중국,인도네시아,일본,타이,미국",원심,2000-10-11,,2001-05-14,,조사개시 2000-10-11; 최종판정 2001-05-14,,종료재심사
00000231,종결,대무 35-6-2000-5,독일산 셀프복사지 덤핑수입으로 인한 국내산업피해유무 조사,셀프복사지,독일,재심,2000-10-11,,2001-08-13,,조사개시 2000-10-11; 최종판정 2001-08-13,,재심(종류 미상)
00000232,종결,대무 35-6-2000-*,"싱가포르, 중국 및 프랑스산 가정용 전기다리미 덤핑수입으로 인한 산업피해유무 조사",전기다리미,"중국,프랑스,싱가포르",재심,2000-11-29,,2000-12-08,,조사개시 2000-11-29; 최종판정 2000-12-08,,재심(종류 미상)
00000233,종결,대무 35-6-2000-6,"인도, 파키스탄 및 인도네시아산 코우머사의 덤핑수입으로 인한 국내산업피해유무 조사",코우머사,"인도네시아,인도,파키스탄",원심,2001-02-14,,2001-06-22,,조사개시 2001-02-14; 최종판정 2001-06-22,,원심
00000236,종결,구제 23-2001-2,일본산 인쇄제판용평면상사진플레이트 덤핑방지관세부과 재심사,PS 인쇄판,일본,재심,2001-05-29,,2001-08-13,,조사개시 2001-05-29; 최종판정 2001-08-13,,재심(종류 미상)
00000235,종결,구제 23-2001-1,대만산 CD-R의 덤핑수입으로 인한 국내산업피해유무 조사,CD-R,대만,원심,2001-07-18,2001-12-19,2002-04-25,2002-04-11,조사개시 2001-07-18; 예비판정 2001-12-19; 공청회 2002-04-11; 최종판정 2002-04-25,,원심
00000237,종결,구제 23-2001-3,일본산 인쇄제판용평면상사진플레이트 덤핑방지관세부과 재심사,PS 인쇄판,일본,재심,2001-08-22,,2002-02-07,2002-02-07,조사개시 2001-08-22; 공청회 2002-02-07; 최종판정 2002-02-07,,재심(종류 미상)
00000238,종결,구제 23-2001-4,중국산 일회용포켓형라이타의 덤핑방지관세부과에 대한 재심사,일회용포켓형라이터,중국,재심,2001-08-22,,2002-02-07,,조사개시 2001-08-22; 최종판정 2002-02-07,,재심(종류 미상)
00000239,종결,구제 23-2001-5,러시아산 H형강 덤핑방지관세부과 및 가격약속 재심사,H 형강,러시아,재심,2001-11-27,,2002-05-30,2002-05-09,조사개시 2001-11-27; 공청회 2002-05-09; 최종판정 2002-05-30,,재심(종류 미상)
00000240,종결,구제 23-2001-6,중국산 백시멘트 덤핑수입사실 및 국내산업피해유무 조사,백시맨트,중국,원심,2002-01-23,2002-06-27,2002-10-24,2002-10-10,조사개시 2002-01-23; 예비판정 2002-06-27; 공청회 2002-10-10; 최종판정 2002-10-24,,원심
00000241,종결,구제 23-2002-1,중국산 시약급 소다회의 덤핑방지관세 부과대상 제외여부 조사,소다회,중국,재심,2002-01-26,,2002-03-07,,조사개시 2002-01-26; 최종판정 2002-03-07,,중간재심사(부과대상 제외)
00000242,종결,구제 23-2002-2,대만산 에틸렌-초산비닐공중합체에멀젼타입 가격약속종료시 덤핑수입 및 국내산업피해 지속 또는 재발가능성 유무 조사,EVA,대만,재심,2002-03-28,,2002-12-05,,조사개시 2002-03-28; 최종판정 2002-12-05,,재심(종류 미상)
00000243,종결,구제 23-2002-3,알카리망간건전지 덤핑수입사실 및 국내산업피해유무 조사,알카리망간건전지,중국,재심,2002-05-30,,2002-10-24,,조사개시 2002-05-30; 최종판정 2002-10-24,,재심(종류 미상)
00000244,종결,구제 23-2002-4,중국산 일회용포켓형라이타의 덤핑방지관세부과 종료시 덤핑수입 및 국내산업 피해의 지속 또는 재발가능성 조사,일회용포켓형 라이터,중국,재심,2002-06-20,,2003-04-23,2003-04-02,조사개시 2002-06-20; 공청회 2003-04-02; 최종판정 2003-04-23,,재심(종류 미상)
00000245,종결,구제 23-2002-5,일본산 수산화알루미늄의 덤핑수입사실 및 국내산업피해유무 조사,수산화알루미늄,일본,원심,2002-08-22,2002-12-26,2003-06-11,2003-02-19,조사개시 2002-08-22; 예비판정 2002-12-26; 공청회 2003-02-19; 최종판정 2003-06-11,,원심
00000246,종결,구제 23-2002-6,"미국, 독일, 폴란드 및 프랑스산의 2-헥실알콜 덤핑수입사실 및 국내산업피해유무 조사",2-에틸헥실알콜,"프랑스,독일,폴란드,미국",원심,2002-08-22,,2003-01-22,,조사개시 2002-08-22; 최종판정 2003-01-22,,원심
00000247,종결,구제 23-2002-7,베트남 및 인도네시아산 일회용포켓형라이타의 덤핑수입사실 및 국내산업피해유무 조사,일회용포켓형라이터,"인도네시아,베트남",원심,2002-10-10,2003-02-19,2003-07-23,2003-04-02,조사개시 2002-10-10; 예비판정 2003-02-19; 공청회 2003-04-02; 최종판정 2003-07-23,,원심
00000250,종결,구제 23-2002-10,일본산 폴리비닐알콜 덤핑방지관세부과 종료시 덤핑수입 및 국내산업피해의 지속 또는 재발 유무에 대한 조사,폴리비닐알콜,일본,재심,2002-11-14,,2003-10-11,2003-06-25,조사개시 2002-11-14; 공청회 2003-06-25; 최종판정 2003-10-11,,재심(종류 미상)
00000248,종결,구제 23-2002-8,"인도네시아, 중국산 정보용지 및 백상지의 덤핑수입사실 및 국내산업피해유무 조사",정보용지 및 백상지,"중국,인도네시아",원심,2002-11-14,2003-04-23,2003-09-24,2003-08-27,조사개시 2002-11-14; 예비판정 2003-04-23; 공청회 2003-08-27; 최종판정 2003-09-24,,원심
00000249,종결,구제 23-2002-9,중국산 페로실리코망간 덤핑방지관세부과 및 가격약속종료시 덤핑수입 및 국내산업 피해의 지속 또는 재발 유무에 대한 조사,페로실리코망간,중국,재심,2002-11-14,,2003-10-11,2003-08-06,조사개시 2002-11-14; 공청회 2003-08-06; 최종판정 2003-10-11,,재심(종류 미상)
00000251,종결,구제 23-2002-11,"싱가포르, 중국 및 일본산 알칼리망간건전지의 덤핑방지관세부과 및 가격약속 종료시 덤핑수입 및 국내산업피해의 지속 또는 재발 유무에 대한 조사",알카리망간건전지,"중국,일본,싱가포르",재심,2002-12-05,,2003-10-11,2003-09-24,조사개시 2002-12-05; 공청회 2003-09-24; 최종판정 2003-10-11,,재심(종류 미상)
00000252,종결,구제 23-2003-2,"벨기에, 스페인 및 이태리산 파티클보드의 덤핑수입사실 및 국내산업피해유무 조사",파티클보드,"벨기에,스페인,이탈리아",원심,2003-06-11,2004-01-14,2004-05-12,,조사개시 2003-06-11; 예비판정 2004-01-14; 최종판정 2004-05-12,,원심
00000253,종결,"구제 23-2003-1, 4","일본, 인도 및  스페인산 스테인레스스틸바의 덤핑수입사실 및 국내산업피해유무 조사",스테인레스스틸바,"스페인,인도,일본",원심,2003-06-25,2003-12-03,2004-05-19,2004-04-07,조사개시 2003-06-25; 예비판정 2003-12-03; 공청회 2004-04-07; 최종판정 2004-05-19,,원심
00000254,종결,구제 23-2003-3,중국산 규산나트륨의 덤핑수입사실 및 국내산업피해유무 조사,규산나트륨,중국,원심,2003-06-25,,2003-11-19,,조사개시 2003-06-25; 최종판정 2003-11-19,,원심
00000255,종결,구제 23-2003-5,중국산 차아황산소다의 덤핑수입사실 및 국내산업피해유무 조사,차아황산소다,중국,원심,2003-07-23,2003-12-15,2004-05-12,2004-03-24,조사개시 2003-07-23; 예비판정 2003-12-15; 공청회 2004-03-24; 최종판정 2004-05-12,,원심
00000256,종결,구제 23-2003-6,일본산 6축 수직다관절형산업용 로보트에 대한 덤핑수입사실 및 국내산업피해유무 조사,6축수직다관절형 산업용로봇,일본,원심,2003-09-03,,2004-01-14,,조사개시 2003-09-03; 최종판정 2004-01-14,,원심
00000257,종결,구제 23-2003-7,"일본, 미국산 리튬1차전지 덤핑수입사실 및 국내산업피해유무 조사",리튬1차전지,"일본,미국",원심,2003-09-03,2004-02-25,2004-06-30,2004-05-12,조사개시 2003-09-03; 예비판정 2004-02-25; 공청회 2004-05-12; 최종판정 2004-06-30,,원심
00000258,종결,구제 23-2003-8,"미국, 인도, 중국 및 캐나다산 염화콜린의 덤핑수입사실 및 국내산업피해유무 조사",염화콜린,"캐나다,중국,인도,미국",원심,2003-12-03,2004-04-21,2004-09-22,2004-07-14,조사개시 2003-12-03; 예비판정 2004-04-21; 공청회 2004-07-14; 최종판정 2004-09-22,,원심
00000259,종결,구제 23-2004-1,중국산 아나타제형 이산화티타늄 덤핑수입사실 및 국내산업피해유무 조사,아나타제형 이산화티타늄,중국,원심,2004-04-21,2004-08-25,2005-01-26,2004-12-22,조사개시 2004-04-21; 예비판정 2004-08-25; 공청회 2004-12-22; 최종판정 2005-01-26,,원심
00000260,종결,구제 23-2004-2,일본산  PVC Plate 덤핑수입사실 및 국내산업피해유무 조사,PVC Plate,일본,원심,2004-05-19,2004-10-27,2005-03-16,,조사개시 2004-05-19; 예비판정 2004-10-27; 최종판정 2005-03-16,,원심
00000261,종결,구제 23-2004-3,일본산 인쇄제판용평면상사진플레이트의 덤핑방지관세부과 및 종료재심사 조사,PS인쇄판,일본,재심,2004-09-08,,2005-01-26,2005-01-12,조사개시 2004-09-08; 공청회 2005-01-12; 최종판정 2005-01-26,,종료재심사
00000262,종결,구제 23-2004-4,일본산 6축 수직다관절형 산업용 로보트의 덤핑수입사실 및 국내산업피해유무 조사,산업용로봇,일본,원심,2004-09-22,2005-02-22,2005-07-20,2005-06-22,조사개시 2004-09-22; 예비판정 2005-02-22; 공청회 2005-06-22; 최종판정 2005-07-20,,원심
00000263,종결,구제 23-2004-5,러시아산 H형강 덤핑방지관세부과 종료시 덤핑수입 및 국내산업피해의 지속 또는 재발 유무 조사,H형강,러시아,재심,2005-02-16,,2005-12-26,2005-11-23,조사개시 2005-02-16; 공청회 2005-11-23; 최종판정 2005-12-26,,재심(종류 미상)
00000265,종결,구제 23-2005-2,"일본, 미국산 리튬 1차전지에 대한 덤핑방지관세 부과조치 철회여부 조사",리튬1차전지,"일본,미국",원심,2005-05-16,,2005-06-15,,조사개시 2005-05-16; 최종판정 2005-06-15,,원심
00000264,종결,구제 23-2005-1,중국산 도자기질 타일 덤핑수입사실 및 국내산업피해유무 조사,도자기질타일,중국,재심,2005-06-22,2005-11-23,2006-04-17,2006-03-20,조사개시 2005-06-22; 예비판정 2005-11-23; 공청회 2006-03-20; 최종판정 2006-04-17,,재심(종류 미상)
00000266,종결,구제 23-2005-3,"대만, 말레이시아, 중국산 폴리에스테르 장섬유 연신가공사의 덤핑수입사실 및 국내산업피해유무 조사",폴리에스테르장섬유연신가공사,"중국,말레이시아,대만",원심,2005-11-11,2006-04-17,2006-09-18,2006-06-26,조사개시 2005-11-11; 예비판정 2006-04-17; 공청회 2006-06-26; 최종판정 2006-09-18,,원심
00000267,종결,구제 23-2005-4,일본산 자동가이드홀펀칭기에 대한 덤핑수입사실 및 국내산업피해유무 조사,자동가이드홀펀칭기,일본,원심,2006-02-10,2006-05-10,2006-10-23,2006-08-28,조사개시 2006-02-10; 예비판정 2006-05-10; 공청회 2006-08-28; 최종판정 2006-10-23,,원심
00000268,종결,구제 23-2006-1,"미국, 중국, 싱가폰산 폴리비닐알콜의 덤핑수입사실 및 국내산업피해유무 조사",폴리비닐알콜,"중국,싱가포르,미국",원심,2006-02-10,2006-06-26,2006-11-20,2006-09-18,조사개시 2006-02-10; 예비판정 2006-06-26; 공청회 2006-09-18; 최종판정 2006-11-20,,원심
00000269,종결,구제 23-2006-2,"인도네시아, 중국산 백상지에 대한 덤핑방지관세부과 종료시 덤핑수입 및 국내산업피해의 지속 또는 재발가능성 조사",정보용지및백상지,"중국,인도네시아",재심,2006-06-26,,2007-04-23,2006-12-18,조사개시 2006-06-26; 공청회 2006-12-18; 최종판정 2007-04-23,,재심(종류 미상)
00000270,종결,구제 23-2006-4,"싱가포르, 중국 및 일본산 알카리망간건전지 덤핑방지관세부과 및 종료재심사",알칼리망간건전지,"중국,일본,싱가포르",재심,2006-07-18,,2007-04-12,2007-03-12,조사개시 2006-07-18; 공청회 2007-03-12; 최종판정 2007-04-12,,종료재심사
00000271,종결,구제 23-2006-5,"아프헨티나, 브라질, 미국산 대두유의 덤핑수입사실 및 국내산업피해유무 조사",대두유,"아르헨티나,브라질,미국",원심,2006-10-23,2007-03-12,2007-07-27,2007-07-02,조사개시 2006-10-23; 예비판정 2007-03-12; 공청회 2007-07-02; 최종판정 2007-07-27,,원심
00000272,종결,구제 23-2006-6,"미국, 캐나다, 뉴질랜드산 라이너지에 대한 덤핑수입사실 및 국내산업피해유무 조사",라이너지,"캐나다,뉴질랜드,미국",원심,2007-01-22,2007-05-17,2007-05-17,,조사개시 2007-01-22; 예비판정 2007-05-17; 최종판정 2007-05-17,,원심
00000273,종결,구제 23-2006-7,중국산 치아황산소다 덤핑방지관세부과 종료재심사,차아황산소다,중국,재심,2007-01-22,,2007-12-28,2007-07-27,조사개시 2007-01-22; 공청회 2007-07-27; 최종판정 2007-12-28,,종료재심사
00000281,종결,구제 23-2007-8,대만 중국산 폴리에스터 장섬유부분연신사의 덤핑수입사실 및 국내산업피해유무 조사,폴리에스터장섬유부분연신사,"중국,대만",원심,2007-01-25,2008-06-25,2008-11-26,2008-10-22,조사개시 2007-01-25; 예비판정 2008-06-25; 공청회 2008-10-22; 최종판정 2008-11-26,,원심
00000274,종결,구제 23-2007-1,중국산 플로트 판유리의 덤핑수입사실 및 국내산업피해유무 조사,플로트판유리,중국,원심,2007-04-23,2007-09-17,2008-02-27,2008-01-25,조사개시 2007-04-23; 예비판정 2007-09-17; 공청회 2008-01-25; 최종판정 2008-02-27,,원심
00000275,종결,구제 23-2007-2,중국산 과산화벤조일의 덤핑수입사실 및 국내산업피해유무 조사,과산화벤조일,중국,원심,2007-05-17,2007-10-24,2008-03-26,2008-02-27,조사개시 2007-05-17; 예비판정 2007-10-24; 공청회 2008-02-27; 최종판정 2008-03-26,,원심
00000276,종결,구제 23-2007-4,"일본, 인도 및 스페인산 스테인레스 스틸바의 덤핑방지관세 부과대상 제외 결정 조사",스테인레스스틸바,"스페인,인도,일본",재심,2007-06-21,,2007-09-07,,조사개시 2007-06-21; 최종판정 2007-09-07,,중간재심사(부과대상 제외)
00000277,종결,구제 23-2007-3,"중국, 싱가포르 및 일본산 초산에틸의 덤핑수입사실 및 국내산업피해유무 조사",초산에틸,"중국,일본,싱가포르",원심,2007-09-17,2008-01-25,2008-06-25,2008-04-23,조사개시 2007-09-17; 예비판정 2008-01-25; 공청회 2008-04-23; 최종판정 2008-06-25,,원심
00000279,종결,구제 23-2007-5,"중국, 인도산 PET필름의 덤핑수입사실 및 국내산업피해유무 조사",PET필름,"중국,인도",원심,2007-10-24,2008-03-26,2008-08-27,2008-07-09,조사개시 2007-10-24; 예비판정 2008-03-26; 공청회 2008-07-09; 최종판정 2008-08-27,,원심
00000278,종결,구제 23-2007-6,중국산 아나타제형 이산화티타늄의 덤핑방지관세부과 종료재심사,이산화티타늄,중국,재심,2007-10-24,,2008-06-25,2008-05-28,조사개시 2007-10-24; 공청회 2008-05-28; 최종판정 2008-06-25,,종료재심사
00000280,종결,구제 23-2007-7,"인도네시아,캐나다,미국,중국산 크라프트지의 덤핑수입사실 및 국내산업피해유무",크라프트지,"캐나다,중국,인도네시아,러시아,미국",원심,2007-10-24,2008-04-02,2008-08-27,2008-07-23,조사개시 2007-10-24; 예비판정 2008-04-02; 공청회 2008-07-23; 최종판정 2008-08-27,,원심
00000282,종결,구제 23-2008-1,타이 및 말레이시아산 파티클보드의 덤핑수입사실 및 국내산업피해유무,파티클보드,"말레이시아,타이",원심,2008-04-23,2008-09-24,2009-02-25,2009-01-21,조사개시 2008-04-23; 예비판정 2008-09-24; 공청회 2009-01-21; 최종판정 2009-02-25,,원심
00000283,종결,구제 25-2008-2,중국산 도자기질타일 상황변동재심사,도자기질타일,중국,재심,2008-05-22,,2009-10-22,,조사개시 2008-05-22; 최종판정 2009-10-22,,중간재심사
00000284,종결,구제 23-2008-3,미국산 아디프산에 대한 덤핑수입사실 및 국내산업피해유무,아디프산,미국,원심,2008-11-26,2009-03-25,2009-03-25,,조사개시 2008-11-26; 예비판정 2009-03-25; 최종판정 2009-03-25,,원심
00000000,종결,구제 23-2009-1,일본.인도.스페인산 스테인레스스틸바 덤핑방지관세 및 약속의 종료재심사,스테인레스스틸바,"스페인,인도,일본",재심,2009-03-25,,2009-12-23,2009-11-04,조사개시 2009-03-25; 공청회 2009-11-04; 최종판정 2009-12-23,,종료재심사
00000001,종결,구제 23-2009-5,미국. 인도. 중국. 캐나다산 염화콜린의 덤핑방지관세 종료재심사,염화콜린,"캐나다,중국,인도,미국",재심,2009-05-27,,2009-11-25,2009-10-28,조사개시 2009-05-27; 공청회 2009-10-28; 최종판정 2009-11-25,,종료재심사
00000002,종결,구제 23-2009-6,"중국, 대만, 말레이시아산 폴리에스테르 장섬유 연신가공사의 덤핑방지관세 종료재심사",폴리에스테르장섬유연신가공사,"중국,말레이시아,대만",재심,2009-05-27,,,,조사개시 2009-05-27,,종료재심사
00000003,종결,구제 23-2009-7,중국산 차아황산소다의 덤핑방지관세 종료재심사,차아황산소다,중국,재심,2009-08-26,,,,조사개시 2009-08-26,,종료재심사
00000005,종결,구제 23-2009-9,일본산 프로필렌옥사이드의 덤핑수입사실 및 국내산업피해 유무,프로필렌옥사이드,일본,원심,2010-01-20,,,,조사개시 2010-01-20,,원심
00000004,종결,구제 23-2009-8,"인도네시아,중국산 백상지의 덤핑방지관세 종료재심사",백상지,"중국,인도네시아",재심,2010-01-26,,,,조사개시 2010-01-26,,종료재심사
00000006,종결,구제 23-2010-1,말레이시아산 합판의 덤핑수입사실 및 국내산업피해유무,합판,말레이시아,원심,2010-02-01,2010-07-14,2010-12-15,2010-11-24,조사개시 2010-02-01; 예비판정 2010-07-14; 공청회 2010-11-24; 최종판정 2010-12-15,,원심
00000007,종결,구제 23-2010-2,일본산 스테인리스스틸 후판의 덤핑수입사실 및 국내 피해유무,스테인레스스틸 후판,일본,원심,2010-04-28,2010-09-15,2011-02-23,2011-01-26,조사개시 2010-04-28; 예비판정 2010-09-15; 공청회 2011-01-26; 최종판정 2011-02-23,,원심
00000008,종결,구제 23-2010-3,중국산 플로트 판유리의 덤핑방지관세 종료재심사,플로트판유리,중국,재심,2010-05-26,,2011-03-23,2011-02-23,조사개시 2010-05-26; 공청회 2011-02-23; 최종판정 2011-03-23,,종료재심사
00000009,종결,구제 23-2010-4,중국산 도자기질 타일의 덤핑방지관세 종료재심사,도자기질 타일,중국,재심,2010-07-14,,2011-05-25,2010-04-20,조사개시 2010-07-14; 공청회 2010-04-20; 최종판정 2011-05-25,,종료재심사
00000010,종결,구제 23-2010-5,중국산 아나타제형 이산화티타늄의 덤핑방지관세 부과 종료재심사,이산화티타늄,중국,재심,2010-10-02,,2011-07-20,2011-06-22,조사개시 2010-10-02; 공청회 2011-06-22; 최종판정 2011-07-20,,종료재심사
00000011,종결,구제 23-2011-1,"중국, 싱가포르 및 일본산 초산에틸의 덤핑방지관세 부과 종료재심사",초산에틸,"중국,일본,싱가포르",재심,2011-03-23,,2012-01-18,2011-12-21,조사개시 2011-03-23; 공청회 2011-12-21; 최종판정 2012-01-18,,종료재심사
00000012,종결,구제 23-2011-2,"중국, 인도산 PET필름의 덤핑방지 관세 부과 종료재심사",PET필름,"중국,인도",재심,2011-05-25,,2012-03-28,2012-02-22,조사개시 2011-05-25; 공청회 2012-02-22; 최종판정 2012-03-28,,종료재심사
00000118,종결,구제 23-2011-3,"러시아, 미국, 인도네시아, 중국 및 캐나다산 크라프트지의 덤핑방지관세 종료재심사",크라프트지,"캐나다,중국,인도네시아,러시아,미국",재심,2011-05-25,,2012-02-22,2012-01-18,조사개시 2011-05-25; 공청회 2012-01-18; 최종판정 2012-02-22,,종료재심사
00000013,종결,구제 23-2011-4,대만 및 중국산 폴리에스터 장섬유 부분연신사의 덤핑방지관세 종료재심사,폴리에스테르장섬유부분연신사(POY),"중국,대만",재심,2011-08-24,,2012-05-23,2012-04-25,조사개시 2011-08-24; 공청회 2012-04-25; 최종판정 2012-05-23,,종료재심사
00000014,종결,구제 23-2011-5,"태국, 말레이시아산 파티클보드의 덤핑방지관세 부과 종료재심사",파티클보드,"말레이시아,타이",재심,2011-11-23,,,,조사개시 2011-11-23,,종료재심사
00000119,종결,구제 23-2011-4,일본산 알루미늄 보틀캔의 덤핑수입사실 및 국내산업피해유무 조사,알루미늄보틀캔,일본,원심,2012-01-18,2012-06-20,2012-10-31,2012-09-26,조사개시 2012-01-18; 예비판정 2012-06-20; 공청회 2012-09-26; 최종판정 2012-10-31,,원심
00000016,종결,구제 23-2012-1,"미국, 인도, 중국 및 캐나다산 염화콜린에 대한 덤핑방지관세부과 종료재심사",염화콜린,"캐나다,중국,인도,미국",재심,2012-08-31,,2013-05-22,2013-04-24,조사개시 2012-08-31; 공청회 2013-04-24; 최종판정 2013-05-22,,종료재심사
00000017,종결,구제 23-2012-2,"일본, 인도 및 스페인산 스테인리스스틸바에 대한 덤핑방지조치 종료재심사",스테인리스스틸바,"스페인,인도,일본",재심,2012-09-20,,2013-07-24,2013-06-26,조사개시 2012-09-20; 공청회 2013-06-26; 최종판정 2013-07-24,,종료재심사
00000018,종결,구제 23-2012-3,중국산 합판의 덤핑사실 및 국내산업피해유무 최종판정,합판,중국,원심,2012-11-05,,2013-08-21,2013-07-24,조사개시 2012-11-05; 공청회 2013-07-24; 최종판정 2013-08-21,,원심
00000020,종결,구제 23-2012-5,"중국, 대만 및 말레이시아산 폴리에스테르 장섬유 연신가공사에 대한 덤핑방지관세부과 종료재심사",폴레에스터장섬유연신가공사,"중국,말레이시아,대만",재심,2012-12-12,,2013-09-13,2013-01-09,조사개시 2012-12-12; 공청회 2013-01-09; 최종판정 2013-09-13,,종료재심사
00000120,종결,구제 23-2012-4,"중국, 인도네시아 및 태국산 폴리프로필렌 연신필름(OPP필름)에 대한 덤핑사실 및 국내산업피해유무 조사",OPP필름,"중국,인도네시아,타이",원심,2012-12-31,2013-05-22,2013-10-29,2013-09-27,조사개시 2012-12-31; 예비판정 2013-05-22; 공청회 2013-09-27; 최종판정 2013-10-29,,원심
00000138,종결,구제 23-2013-1,말레이시아산 합판에 대한 덤핑방지관세부과 종료재심사,합판,말레이시아,재심,2013-09-26,,,,조사개시 2013-09-26,,종료재심사
00000140,종결,구제 23-2013-2,일본산 두꺼운 PET필름,PET필름(광학용등),일본,원심,2013-12-02,2014-04-24,2014-09-05,2014-07-24,조사개시 2013-12-02; 예비조사 2014-04-24; 공청회 2014-07-24; 최종판정 2014-09-05,,원심
00000139,종결,구제 23-2013-3,"미국, 말레이시아, 태국 및 일본산 에탄올아민의 덤핑사실 및 국내산업피해유무 조사",에탄올아민,"일본,말레이시아,타이,미국",원심,2013-12-23,2014-04-24,2014-09-25,2014-08-28,조사개시 2013-12-23; 예비조사 2014-04-24; 공청회 2014-08-28; 최종판정 2014-09-25,,원심
00000137,종결,구제 23-2013-4,중국산 플로트 판유리 덤핑방지조치 종료재심사,플로트 판유리,중국,재심,2013-12-23,,2014-08-28,2014-05-22,조사개시 2013-12-23; 공청회 2014-05-22; 최종판정 2014-08-28,[공급자답변서]차이나글라스그룹 답변서 | [질의]중국산 플로트 판유리 덤핑방지조치 종료재심사 공급자 질의서,종료재심사
00000136,종결,구제 23-2013-5,일본산 공기압 전송용 밸브의 덤핑사실 및 국내산업피해유무 조사,공기압 전송용 밸브(Valves for pneumatic transmissions),일본,원심,2014-02-21,2014-06-26,2015-01-20,2014-10-23,조사개시 2014-02-21; 예비조사 2014-06-26; 공청회 2014-10-23; 최종판정 2015-01-20,,원심
00000550,종결,구제 23-2014-1,중국산 합판 신규공급자(꿰이강 웨이추앙)에 대한 별도의 덤핑방지관세율 부과여부 조사,합판,중국,재심,2014-02-28,,2014-07-24,,조사개시 2014-02-28; 최종판정 2014-07-24,,재심(종류 미상)
00000549,종결,구제 23-2014-1,중국산 합판 신규공급자(허저 성화)에 대한 별도의 덤핑방지관세율 부과여부 조사,합판,중국,재심,2014-02-28,,2014-07-24,,조사개시 2014-02-28; 최종판정 2014-07-24,,재심(종류 미상)
00000141,종결,구제 23-2014-1,중국산 합판 신규공급자에 대한 별도의 덤핑방지관세율 부과여부조사,합판,중국,재심,2014-02-28,,2014-07-24,,조사개시 2014-02-28; 최종판정 2014-07-24,,재심(종류 미상)
00000123,종결,구제 23-2014-2,중국산 도자기질 타일 덤핑방지관세 부과 종료재심사,도자기질 타일,중국,재심,2014-02-28,,2014-12-23,2014-10-23,조사개시 2014-02-28; 공청회 2014-10-23; 최종판정 2014-12-23,,종료재심사
00000124,종결,구제 23-2014-3,대만 및 중국산 폴리에스테르 장섬유 부분연신사 덤핑방지관세부과 종료재심사,폴리에스테르 장섬유 부분연신사(POY),"중국,대만",재심,2014-03-14,,2014-12-23,2014-11-27,조사개시 2014-03-14; 공청회 2014-11-27; 최종판정 2014-12-23,,종료재심사
00000125,종결,구제 23-2014-4,"말레이시아, 태국 및 인도산 폴리에스테르장섬유부분연신사 덤핑사실 및 국내산업피해조사",폴리에스테르 장섬유 부분연신사(POY),"인도,말레이시아",원심,2014-05-30,2014-09-25,2014-12-23,2014-11-27,조사개시 2014-05-30; 예비조사 2014-09-25; 공청회 2014-11-27; 최종판정 2014-12-23,,원심
00000134,종결,구제 23-2014-5,중국산 H형강 반덤핑 조사,H형강,중국,원심,2014-07-24,2014-12-23,2015-05-28,2015-02-26,조사개시 2014-07-24; 예비조사 2014-12-23; 공청회 2015-02-26; 최종판정 2015-05-28,,원심
00000135,종결,구제 23-2014-6,"중국, 싱가포르 및 일본산 초산에틸  덤핑방지관세 종료 재심사 조사",초산에틸,"중국,일본,싱가포르",재심,2014-11-10,,2015-08-27,2015-05-28,조사개시 2014-11-10; 공청회 2015-05-28; 최종판정 2015-08-27,,종료재심사
00000133,종결,구제 23-2014-7,인도산 초산에틸에 대한 덤핑사실 및 국내산업피해 유무 조사,초산에틸,인도,원심,2014-11-20,2015-03-26,2015-08-27,2015-05-28,조사개시 2014-11-20; 예비조사 2015-03-26; 공청회 2015-05-28; 최종판정 2015-08-27,,원심
00000142,종결,구제 23-2014-8,중국 및 인도산 PET필름에 대한 덤핑방지조치의 종료재심사,폴리에틸렌테레트탈레이트필름,"중국,인도",재심,2015-01-15,,2015-09-24,2015-06-25,조사개시 2015-01-15; 공청회 2015-06-25; 최종판정 2015-09-24,,종료재심사
00000143,종결,구제 23-2015-1,중국산 침엽수 합판에 대한 덤핑사실 및 국내산업피해유무 조사,침엽수 합판,중국,원심,2015-03-13,2015-08-12,2015-12-21,2015-10-22,조사개시 2015-03-13; 예비조사 2015-08-12; 공청회 2015-10-22; 최종판정 2015-12-21,,원심
00000544,종결,구제 23-2015-2,일본산 스테인리스스틸 후판에 대한 덤핑방지조치의 종료재심사,스테인리스스틸 후판,일본,재심,2015-12-11,,2016-06-24,2016-04-28,조사개시 2015-12-11; 공청회 2016-04-28; 최종판정 2016-06-24,,종료재심사
00000175,종결,구제23 2015-3,미국 및 프랑스산 부틸 글리콜에테르 반덤핑조사(원심),"부틸글리콜, 부틸디글리콜","프랑스,미국",원심,2015-12-22,2015-12-22,2016-07-28,2016-06-24,조사개시 2015-12-22; 예비조사 2015-12-22; 공청회 2016-06-24; 최종판정 2016-07-28,,원심
00000543,종결,구제 23-2015-4,중국산 루타일형 이산화티타늄에 대한 덤핑사실 및 국내산업피해 유무 조사,코팅된 루타일형 이산화티타늄,중국,원심,2015-12-30,2016-05-26,2016-07-28,,조사개시 2015-12-30; 예비조사 2016-05-26; 최종판정 2016-07-28,,원심
00000556,종결,구제 23-2016-1,말레이시아산 합판에 대한 덤핑방지관세 부과 종료재심사,합판,말레이시아,재심,2016-05-10,,2017-02-17,2016-10-26,조사개시 2016-05-10; 공청회 2016-10-26; 최종판정 2017-02-17,,종료재심사
00000557,종결,구제 23-2016-2,중국산 합판에 대한 덤핑방지관세 부과 종료재심사,합판,중국,재심,2016-05-10,,2017-02-17,2016-10-26,조사개시 2016-05-10; 공청회 2016-10-26; 최종판정 2017-02-17,,종료재심사
00000560,종결,구제 23-2016-3,"일본, 인도 및 스페인산 스테인리스스틸 바에 대한 덤핑방지조치의 종료재심사",스테인리스스틸 바,"스페인,인도,일본",재심,2016-06-03,,2017-03-17,2016-11-24,조사개시 2016-06-03; 공청회 2016-11-24; 최종판정 2017-03-17,,종료재심사
00000559,종결,구제23-2016-4,중국산 옵셋 인쇄판에 대한 덤핑사실 및 국내산업피해 유무 조사,인쇄제판용 평면모양 사진플레이트,중국,원심,2016-09-08,2017-01-20,2017-05-19,2017-03-17,조사개시 2016-09-08; 예비조사 2017-01-20; 공청회 2017-03-17; 최종판정 2017-05-19,,원심
00000619,종결,구제 23-2016-5,"베트남, 우크라이나 및 인도산 페로실리코망간 반덤핑조사",페로실리코망간,"인도,우크라이나,베트남",원심,2016-12-07,2017-04-21,2017-09-14,2017-06-16,조사개시 2016-12-07; 예비조사 2017-04-21; 공청회 2017-06-16; 최종판정 2017-09-14,,원심
00000621,종결,구제 23-2017-1호,"대만, 태국 및 아랍에미리트연합산 PET 필름",PET 필름,"타이,대만,아랍에미리트연방",원심,2017-04-17,2017-08-25,2018-01-18,2017-11-16,조사개시 2017-04-17; 예비조사 2017-08-25; 공청회 2017-11-16; 최종판정 2018-01-18,"[국내산업피해 조사] 생산자, 수입자, 수요자 실사안내서 | [국내산업피해 조사]국내 생산자, 수입자, 수요자 질의서 | [덤핑률 조사] 반덤핑 질의서 등 | [덤핑률 조사] 조사대상공급자 목록 | [덤핑률 조사] 조사대상물품 범위 안내서 | [덤핑률 조사] 조사참여 신청서",원심
00000625,종결,구제 23-2017-2호,"일본, 중국, 핀란드산 도공(Coated) 인쇄용지의 덤핑사실 및 국내산업피해 유무 조사",도공(Coated) 인쇄용지,"중국,핀란드,일본",원심,2017-07-10,2017-11-16,2018-04-26,2018-01-18,조사개시 2017-07-10; 예비조사 2017-11-16; 공청회 2018-01-18; 최종판정 2018-04-26,[덤핑률 조사] 반덤핑 질의서 등 | [덤핑률 조사] 조사대상공급자 목록 | [덤핑률 조사] 조사대상물품 범위 안내서 | [덤핑률 조사] 조사참여 신청서 | [산업피해 조사] 국내생산자 질의서 | [산업피해 조사] 조사대상물품 수요자 질의서 | [산업피해 조사] 조사대상물품 수입자 질의서,원심
00000626,종결,구제 23-2017-3호,중국산 아연도금철선에 대한 덤핑사실 및 국내산업피해유무 조사,아연도금철선,중국,원심,2017-08-01,2017-12-21,2018-05-24,2018-02-22,조사개시 2017-08-01; 예비조사 2017-12-21; 공청회 2018-02-22; 최종판정 2018-05-24,[덤핑률조사]조사대상물품범위안내서 | [덤핑률조사]조사참여신청서 | [덤핑률조사]질의서(중국공급자) | [산업피해조사] 생산자질의서 | [산업피해조사] 수요자질의서 | [산업피해조사] 수입자질의서,원심
00000624,종결,구제 23-2017-4,"미국, 말레이시아, 태국 및 일본산 에탄올아민 덤핑방지관세부과 종료재심사",에탄올아민,"일본,말레이시아,타이,미국",재심,2017-09-04,,2018-05-24,2018-03-22,조사개시 2017-09-04; 공청회 2018-03-22; 최종판정 2018-05-24,[덤핑사실 조사] 에탄올아민 재심사대상 공급자 목록 | [덤핑사실 조사] 에탄올아민 재심사대상물품 범위안내서 | [덤핑사실 조사] 에탄올아민 재심사질의서,종료재심사
00000629,종결,구제 23-2017-5호,일본산 두꺼운 폴리에틸렌 테레프탈레이트(PET) 필름,폴리에틸렌 테레프탈레이트(PET) 필름,일본,재심,2017-09-04,,2018-03-15,,조사개시 2017-09-04; 최종판정 2018-03-15,"[국내산업피해조사] 국내생산자, 수입자, 수요자",재심(종류 미상)
00000630,종결,구제 23-2017-6호,중국산 플로트 판유리에 대한 덤핑방지관세 및 약속의 종료재심사(3차),플로트 판유리,중국,재심,2017-09-04,,2018-04-26,2018-02-22,조사개시 2017-09-04; 공청회 2018-02-22; 최종판정 2018-04-26,,종료재심사
00000627,종결,구제23-2017-07호,중국산 도자기질타일에 대한 덤핑방지관세부과 종료재심사,도자기질타일(Ceramic Tiles),중국,재심,2017-10-26,,2018-07-19,2018-05-24,조사개시 2017-10-26; 공청회 2018-05-24; 최종판정 2018-07-19,,종료재심사
00000641,종결,구제 23-2018-1호,대만 및 이탈리아산 스테인리스 스틸바의 덤핑사실 및 국내산업피해 유무 조사,스테인리스 스틸바,"이탈리아,대만",원심,2018-05-18,2018-09-20,2019-02-21,2018-11-22,조사개시 2018-05-18; 예비조사 2018-09-20; 공청회 2018-11-22; 최종판정 2019-02-21,,원심
00000645,종결,구제 23-2018-2호,"중국, 싱가포르 및 일본산 초산에틸에 대한 덤핑방지관세부과 종료재심사",초산에틸,"중국,일본,싱가포르",재심,2018-07-10,,2019-03-21,2018-12-27,조사개시 2018-07-10; 공청회 2018-12-27; 최종판정 2019-03-21,,종료재심사
00000646,종결,구제 23-2018-3호,인도산 초산에틸에 대한 덤핑방지관세부과 종료재심사,초산에틸,인도,재심,2018-07-10,,2019-03-21,2018-12-27,조사개시 2018-07-10; 공청회 2018-12-27; 최종판정 2019-03-21,,종료재심사
00000651,종결,구제 23-2018-4호,"중국, 인도네시아 및 태국산 폴리프로필렌 연신(OPP) 필름에 대한 덤핑방지조치 종료재심사",폴리프로필렌 연신 필름,"중국,인도네시아,타이",재심,2018-08-24,,2019-05-23,2019-04-25,조사개시 2018-08-24; 공청회 2019-04-25; 최종판정 2019-05-23,,종료재심사
00000652,종결,구제 23-2018-5호,중국 및 인도산 PET(Polyethylene Terephthalate) 필름에 대한 덤핑방지관세부과 종료재심사,PET(Polyethylene Terephthalate) 필름에,"중국,인도",원심,2018-09-12,,2019-06-20,2019-04-25,조사개시 2018-09-12; 공청회 2019-04-25; 최종판정 2019-06-20,,종료재심사
00000653,종결,구제 23-2018-6호,"중국, 인도네시아 및 브라질산 비도공지의 덤핑사실 및 국내산업피해 유무 조사",비도공지,"브라질,중국,인도네시아",원심,2018-10-16,2019-02-21,2019-07-18,2019-11-28,조사개시 2018-10-16; 예비조사 2019-02-21; 공청회 2019-11-28; 최종판정 2019-07-18,"[국내산업피해조사] 국내생산자 질의서 | [국내산업피해조사] 수요자 질의서 | [국내산업피해조사] 수입자 질의서 | [국내산업피해조사] 수입자 질의서(한솔, 무림) | [덤핑률조사]공급자 질의서 | [덤핑률조사]조사대상공급자 | [덤핑률조사]조사대상물품범위안내서 | [덤핑률조사]조사참여신청서",원심
00000658,종결,구제 23-2019-1호,"대만, 중국, 일본 및 이탈리아산 글라신지의 덤핑사실 및 국내산업피해 유무 조사",글라신지,"중국,이탈리아,일본,대만",원심,2019-03-27,2019-08-22,,,조사개시 2019-03-27; 예비조사 2019-08-22,[덤핑률조사] 답변서 작성양식(엑셀도표) | [덤핑률조사] 조사대상 공급자 | [덤핑률조사] 조사참여신청서 | [덤핑률조사] 질의서 및 답변양식 | [산업피해조사] 생산자 질의서 | [산업피해조사] 수요자 질의서 | [산업피해조사] 수입자 질의서,원심
00000661,종결,구제 23-2019-2호,일본산 스테인리스 스틸바(문구류용 원형강)에 대한 덤핑방지조치 상황변동재심사,스테인리스 스틸바,일본,재심,2019-06-05,,2020-03-19,,조사개시 2019-06-05; 최종판정 2020-03-19,,중간재심사
00000660,종결,구제 23-2019-3,일본산 스테인리스스틸 후판에 대한 덤핑방지조치 2차 종료재심사,스테인리스스틸 후판,일본,재심,2019-07-15,,2020-03-19,2019-11-28,조사개시 2019-07-15; 이해관계자회의 2019-10-02; 공청회 2019-11-28; 최종판정 2020-03-19,,종료재심사
00000674,종결,구제23-2019-4호,중국산 침엽수합판에 대한 덤핑방지관세부과 종료재심사,침엽수합판,중국,재심,2019-11-08,,2020-08-20,2020-06-18,조사개시 2019-11-08; 공청회 2020-06-18; 최종판정 2020-08-20,[국내산업피해조사] 생산자 재심사 질의서 | [국내산업피해조사] 수요자 재심사 질의서 | [국내산업피해조사] 수입자 재심사 질의서 | [덤핑사실조사]조사대상물품안내서 | [덤핑사실조사]조사참여신청서 | [덤핑사실조사]질의서(중국공급자),종료재심사
00000675,종결,구제23-2019-5호,중국산 합판에 대한 덤핑방지관세부과 종료재심사(2차),합판,중국,재심,2019-11-08,,2020-08-20,2020-06-18,조사개시 2019-11-08; 공청회 2020-06-18; 최종판정 2020-08-20,[국내산업피해조사] 생산자 재심사 질의서 | [국내산업피해조사] 수요자 재심사 질의서 | [국내산업피해조사] 수입자 재심사 질의서 | [덤핑사실조사]조사대상물품안내서 | [덤핑사실조사]조사참여신청서 | [덤핑사실조사]질의서(중국공급자),종료재심사
00000676,종결,구제23-2019-6호,말레이시아산 합판에 대한 덤핑방지관세부과 종료재심사(3차),합판,말레이시아,재심,2019-11-08,,,2020-06-18,조사개시 2019-11-08; 공청회 2020-06-18,[국내산업피해조사] 생산자 재심사 질의서 | [국내산업피해조사] 수요자 재심사 질의서 | [국내산업피해조사] 수입자 재심사 질의서 | [덤핑사실조사] 재심사질의서(해외공급자) | [덤핑사실조사] 조사대상물품범위 안내서 | [덤핑사실조사] 조사참여신청서,종료재심사
00000678,종결,구제 23-2019-7호,베트남산 합판의 덤핑사실 및 국내산업피해 유무 조사,합판,베트남,원심,2019-12-03,2020-04-16,,2020-06-18,조사개시 2019-12-03; 예비조사 2020-04-16; 공청회 2020-06-18,[덤핑사실조사] 답변서작성양식(엑셀도표) | [덤핑사실조사] 조사대상공급자 | [덤핑사실조사] 조사대상물품범위안내서 | [덤핑사실조사] 조사참여신청서 | [덤핑사실조사] 질의서 및 답변양식,원심
00000702,종결,구제 23-2019-9호,"일본, 인도 및 스페인산 스테인리스스틸바에 대한 덤핑방지조치의 종료재심사(4차)",스테인리스 스틸바,"일본,인도,스페인",재심,2020-01-23,,,,조사개시 2020-01-23,[덤핑사실조사] 조사대상물품 안내서(수정) | [덤핑사실조사] 조사질의서 | [덤핑사실조사] 조사참여신청서,종료재심사
00000716,종결,구제23-2020-1호,중국산 H형강 덤핑방지관세 부과 및 가격약속 종료 재심사,H형강,중국,재심,2020-04-03,,2021-01-21,2020-10-12,조사개시 2020-04-03; 공청회 2020-10-12; 최종판정 2021-01-21,[덤핑률조사] 답변서 작성양식 | [덤핑률조사] 물품범위 안내서 | [덤핑률조사] 질의서,종료재심사
00000720,종결,구제 23-2020-2호,중국산 인쇄제판용 평명모양 사진플레이트에 대한 덤핑방지관세 부과,인쇄제판용 평면모양 사진플레이트(옵셋 인쇄판),중국,재심,2020-05-04,,2021-01-21,2020-11-13,조사개시 2020-05-04; 공청회 2020-11-13; 최종판정 2021-01-21,[국내산업 피해조사] 중국산 옵셋인쇄판(재심)_생산자질의서 | [국내산업 피해조사] 중국산 옵셋인쇄판(재심)_수요자질의서 | [국내산업 피해조사] 중국산 옵셋인쇄판(재심)_수입자질의서 | [덤핑사실조사] 중국산 옵셋인쇄판(재심) 공급자질의서 | [덤핑사실조사] 중국산 옵셋인쇄판(재심) 답변양식(엑셀) | [덤핑사실조사] 중국산 옵셋인쇄판(재심) 조사대상물품 범위안내서 | [덤핑사실조사] 중국산 옵셋인쇄판(재심) 조사참여신청서,재심(종류 미상)
00000735,종결,구제 23-2020-3호,"중국, 인도네시아 및 대만산 스테인리스강 평판압연 제품의 수출가격인상약속 제의 수락 여부 건의 결정",스테인리스강 평판압연,"중국,인도네시아,대만",원심,2020-09-25,2021-02-18,2021-07-22,,조사개시 2020-09-25; 예비조사 2021-02-18; 최종판정 2021-07-22,,가격약속 검토
00000726,종결,구제 23-2020-3호,"중국, 인도네시아 및 대만산 스테인리스강 평판압연 제품의 덤핑사실 및 국내산업피해 유무 조사",스테인리스강 평판압연 제품,"중국,인도네시아,대만",원심,2020-09-25,2021-02-18,2021-07-22,2021-05-20,조사개시 2020-09-25; 예비조사 2021-02-18; 공청회 2021-05-20; 최종판정 2021-07-22,"[덤핑사실조사]중국,인도네시아, 대만산 스테인리스강 평판압연제품(원심) 공급자질의서 | [덤핑사실조사]중국,인도네시아, 대만산 스테인리스강 평판압연제품(원심) 조사대상물품안내서 | [덤핑사실조사]중국,인도네시아, 대만산 스테인리스강 평판압연제품(원심) 조사참여신청서 | [산업피해조사] 스테인리스강 평판압연제품(원심) 질의서(국내생산자) | [산업피해조사] 스테인리스강 평판압연제품(원심) 질의서(수요자) | [산업피해조사] 스테인리스강 평판압연제품(원심) 질의서(수입자)",원심
00000727,종결,구제 23-2020-4호,"대만, 태국 및 아랍에미리트연합산 PET필름에 대한 덤핑방지관세부과 종료재심사(1)",PET필름,"대만,타이,아랍에미리트연방",재심,2020-12-24,,2021-09-16,2021-06-17,조사개시 2020-12-24; 공청회 2021-06-17; 최종판정 2021-09-16,[덤핑사실조사] 조사대상물품 범위 안내서 | [덤핑사실조사] 조사질의서 | [덤핑사실조사] 조사참여신청서 | [산업피해조사] PET필름(1차재심) 질의서(국내생산자) | [산업피해조사] PET필름(1차재심) 질의서(수요자) | [산업피해조사] PET필름(1차재심) 질의서(수입자),종료재심사
00000728,종결,구제 23-2020-5호,중국산 폴리에스테르 장섬유 완전연신사의 덤핑사실 및 국내산업피해 유무 조사,폴리에스테르 장섬유 완전연신사(FDY),중국,원심,2021-01-27,,,,조사개시 2021-01-27,[덤핑사실조사] 답변서 작성 양식(엑셀도표) | [덤핑사실조사] 반덤핑질의서 | [덤핑사실조사] 조사대상물품범위 안내서 | [덤핑사실조사] 조사참여신청서 | [산업피해조사]중국산 FDY-국내생산자 질의서 | [산업피해조사]중국산 FDY-국내생산자협회 질의서 | [산업피해조사]중국산 FDY-수요자 질의서 | [산업피해조사]중국산 FDY-수입자 질의서,원심
00000733,종결,구제 23-2021-2,중국산 플로트 판유리 덤핑방지조치 4차재심,플로트 판유리,중국,재심,2021-04-23,,,2021-11-18,조사개시 2021-04-23; 공청회 2021-11-18,[국내산업피해조사] 국내생산자 질의서 | [국내산업피해조사] 수요자 질의서 | [국내산업피해조사] 수입자 질의서 | [덤핑사실조사] 답변서 작성양식(엘셀도표) | [덤핑사실조사] 반덤핑질의서(플로트판유리) | [덤핑사실조사] 재심사대상물품 범위 안내서 | [덤핑사실조사] 조사참여신청서,재심(종류 미상)
00000732,종결,구제 23-2021-1호,중국산 더블레이어 인쇄제판용 평면모양 사진플레이트에 대한 덤핑방지관세 부과,인쇄제판용 평면모양 사진플레이트,중국,원심,2021-04-26,2021-09-16,2022-04-14,2021-11-18,조사개시 2021-04-26; 예비조사 2021-09-16; 공청회 2021-11-18; 최종판정 2022-04-14,[덤핑사실조사] 답변서 작성양식(엑셀도표) | [덤핑사실조사] 반덤핑질의서 | [덤핑사실조사] 조사대상물품범위 안내서 | [덤핑사실조사] 조사참여신청서,원심
00000734,종결,구제 23-2021-3호,중국 및 호주산 수산화알루미늄 일반제품,수산화알루미늄 일반제품,"중국,오스트레일리아",원심,2021-06-17,,,,조사개시 2021-06-17; 조사종결 2021-09-29,[덤핑사실조사] 답변서 작성양식(엑셀도표) | [덤핑사실조사] 반덤핑질의서 | [덤핑사실조사] 조사대상 물품범위 안내서 | [덤핑사실조사]조사참여 신청서,원심
00000736,종결,구제 23-2021-4호,미국 및 프랑스산 부틸 글리콜 에테르 덤핑방지관세부과 종료재심사,부틸글리콜에테르,"미국,프랑스",재심,2021-07-30,,,,조사개시 2021-07-30,[국내산업피해조사] 생산자 질의서 | [국내산업피해조사] 수요자 질의서 | [국내산업피해조사] 수입자 질의서 | [덤핑사실조사] 답변서 작성양식(엑셀도표) | [덤핑사실조사] 반덤핑질의서 | [덤핑사실조사] 재심사대상물품범위 안내서 | [덤핑사실조사] 조사참여신청서,종료재심사
00000737,종결,구제 23-2021-5호,사우디아라비아산 부틸 글리콜 에테르에 대한 덤핑방지관세 부과,부틸 글리콜 에테르,사우디아라비아,원심,2021-08-24,2021-08-25,,,조사개시 2021-08-24; 예비조사 2021-08-25,[국내산업피해조사] 생산자 질의서 | [국내산업피해조사] 수요자 질의서 | [국내산업피해조사] 수입자 질의서 | [덤핑사실조사] 반덤핑 질의서 | [덤핑사실조사] 조사대상물품 범위 안내서 | [덤핑사실조사] 조사참여 신청서,원심
00000741,종결,구제 23-2021-6,중국베트남산 이음매 없는 동관의 덤핑사실 및 국내산업피해 유우 조사,이음매 없는 동관,"중국,베트남",원심,2021-10-29,,,,조사개시 2021-10-29,[덤핑사실조사] 조사대상물품 범위 안내서(CCN기준 포함) | [덤핑사실조사] 조사참여 신청서 | [덤핑사실조사]반덤핑질의서 | [수정]공청회 참석 취소 (산업피해 공청회 발언요지 제출),원심
00000746,종결,구제 23-2022-1호,"중국, 태국 및 인도네시아산 폴리아미드 필름의 덤핑사실 및 국내산업피해 유무 조사",폴리아미드 필름,"중국,인도네시아,타이",원심,2022-02-28,,,,조사개시 2022-02-28,"[국내산업피해조사] 중국, 태국 및 인도네시아산 폴리아미드 필름-국내생산자 질의서 | [국내산업피해조사] 중국, 태국 및 인도네시아산 폴리아미드 필름-국내수요자 질의서 | [국내산업피해조사] 중국, 태국 및 인도네시아산 폴리아미드 필름-국내수입자 질의서 | [덤핑사실조사] 반덤핑질의서, 답변서 작성양식, 조사참여신청서 | [덤핑사실조사] 조사대상물품 범위 안내서(CCN)",원심
00000747,종결,구제 23-2022-2호,중국 및 호주산 수산화알루미늄의 덤핑사실 및 국내산업피해 유무 조사,수산화알루미늄,"중국,오스트레일리아",원심,2022-02-28,2022-07-21,2022-12-15,2022-09-27,조사개시 2022-02-28; 예비조사 2022-07-21; 공청회 2022-09-27; 최종판정 2022-12-15,,원심
00000749,종결,구제 23-2022-3호,중국 및 인도산 PET(Polyethylene Terephthalate)필름에 대한 덤핑방지관세부과 종료재심사(4차),PET필름,"중국,인도",재심,2022-05-09,,,2022-12-15,조사개시 2022-05-09; 국내산업피해 이해관계인 회의 2022-09-07; 산업피해조사 공청회 2022-12-15,,종료재심사
00000752,종결,구제 23-2022-4호,"베트남, 우크라이나 및 인도산 페로실리코망간 덤핑방지관세부과 종료재심사",페로실리코망간,"베트남,우크라이나,인도",재심,2022-07-22,,2023-05-10,2023-02-23,조사개시 2022-07-22; 공청회 2023-02-23; 최종판정 2023-05-10,,종료재심사
00000753,종결,구제 23-2022-5호,이집트산 백시멘트의 덤핑사실 및 국내산업피해 유무 조사,백시멘트,이집트,원심,2022-08-19,2023-01-12,,,조사개시 2022-08-19; 예비조사 종결 2023-01-12,[국내산업피해조사] 이집트산 백시멘트 - 국내생산자 질의서 | [국내산업피해조사] 이집트산 백시멘트 - 수요자 질의서 | [국내산업피해조사] 이집트산 백시멘트 - 수입자 질의서,원심
00000761,종결,구제 23-2022-6,중국 및 말레이시아산 폴리에스테르 장섬유 부분연신사의 덤핑사실 및 국내산업피해 유무 조사,폴리에스테르 장섬유 부분연신사(POY),"중국,말레이시아",원심,2023-02-24,,,,조사개시 2023-02-24,,원심
00000760,종결,구제 23-2023-1호,일본산 스테인리스스틸 후판에 대한 덤핑방지관세부과 3차 종료재심사,스테인리스스틸 후판,일본,원심,2023-03-10,,2023-12-21,2023-09-21,조사개시 2023-03-10; 공청회 2023-09-21; 최종판정 2023-12-21,,종료재심사
00000759,종결,구제 23-2023-2호,"일본, 중국 및 핀란드산 도공용지에 대한 덤핑방지관세부과 종료재심사",도공 인쇄용지,"일본,중국,핀란드",재심,2023-03-21,,2023-12-21,2023-09-21,조사개시 2023-03-21; 공청회 2023-09-21; 최종판정 2023-12-21,"[국내산업피해조사] 일본, 중국 및 핀란드산 도공용지 국내생산자 질의서 | [국내산업피해조사] 일본, 중국 및 핀란드산 도공용지 수요자 질의서 | [국내산업피해조사] 일본, 중국 및 핀란드산 도공용지 수입자 질의서 | [덤핑사실조사] 재심사물품 범위안내서 | [덤핑사실조사] 조사참여신청서 | [덤핑사실조사] 질의서와 답변양식",종료재심사
00000763,종결,구제 23-2023-3호,이집트산 백시멘트의 덤핑사실 및 국내산업피해 유무 조사,백시멘트,이집트,원심,2023-05-01,2023-09-21,2024-02-22,2023-11-23,"조사개시 2023-05-01; 덤핑조사 질의서 발송(해외공급자) 2023-05-04; 국내산업피해조사 질의서 발송(국내생산자, 수입자, 수요자) 2023-05-08; 이해관계인 회의(국내산업피해 유무 조사) 2023-07-25; 예비조사 2023-09-21; 국내생산자 현지실사 2023-10-17; 공청회 2023-11-23; 최종판정 2024-02-22",,원심
00000770,종결,구제 23-2023-4호,말레이시아산 합판에 대한 덤핑방지관세 부과 종료재심사(4차),합판,말레이시아,재심,2023-07-03,,,,조사개시 2023-07-03,,종료재심사
00000772,종결,구제 23-2023-5호,베트남산 합판에 대한 덤핑방지관세부과 종료재심사(1차),합판,베트남,원심,2023-07-03,,,,조사개시 2023-07-03,,종료재심사
00000773,종결,구제 23-2023-6호,중국산 합판에 대한 덤핑방지관세부과 종료재심사(3차),합판,중국,재심,2023-07-03,,2024-04-18,2024-01-11,조사개시 2023-07-03; 공청회 2024-01-11; 최종판정 2024-04-18,,종료재심사
00000771,종결,구제 23-2023-7호,중국산 침엽수 합판에 대한 덤핑방지관세부과 종료재심사(2차),침엽수 합판,중국,재심,2023-07-03,,2024-04-18,2024-01-11,조사개시 2023-07-03; 공청회 2024-01-11; 최종판정 2024-04-18,,종료재심사
00000775,종결,구제 23-2024-1호,중국산 폴리에틸렌 테레프탈레리트 수지(PET 수지)의 덤핑사실 및 국내산업피해 유무 조사,폴리에틸렌 테레프탈레리트 수지(PET 수지),중국,원심,2024-01-12,2024-05-30,2024-10-17,2024-08-29,조사개시 2024-01-12; 예비조사 2024-05-30; 공청회 2024-08-29; 최종판정 2024-10-17,,원심
00000776,종결,구제 23-2024-2호,중국산 스티렌모노머의 덤핑사실 및 국내산업피해 유무 조사,스티렌모노머,중국,원심,2024-04-09,2024-08-29,,,"조사개시 2024-04-09; 덤핑조사 질의서 발송(해외공급자) 2024-04-11; 국내산업피해조사 질의서 발송(국내생산자, 수입자, 수요자) 2024-04-12; 국내산업피해조사 이해관계인 회의 2024-06-27; 예비조사 종결 2024-08-29",[덤핑사실조사] 답변서 작성양식 | [덤핑사실조사] 물품범위 안내서 | [덤핑사실조사] 반덤핑질의서 | [덤핑사실조사] 조사참여신청서,원심
00000777,종결,구제 23-2024-3호,중국 인도네시아 및 태국산 폴리프로필렌 연신(OPP)필름에 대한 덤핑방지관세부과 종료재심사(2차),"폴리프로필렌 연신필름,폴리프로필렌 연신필름","중국,인도네시아,타이",재심,2024-04-26,,2025-02-20,2024-10-17,조사개시 2024-04-26; 공청회 2024-10-17; 최종판정 2025-02-20,[덤핑사실조사] 답변서 작성양식 | [덤핑사실조사] 물품범위 안내서 | [덤핑사실조사] 반덤핑질의서,종료재심사
00000780,종결,구제 23-2024-4호,"중국, 인도네시아 및 대만산 스테인리스강 평판압연 제품에 대한 덤핑방지관세부과 및 가격약속 종료재심사(1차)",스테인리스강 평판압연 제품,"중국,인도네시아,대만",원심,2024-05-17,,,2024-12-19,조사개시 2024-05-17; 공청회 2024-12-19,[국내산업피해조사] 국내생산자질의서 | [국내산업피해조사]수요자질의서 | [국내산업피해조사]수입자질의서,종료재심사
00000781,종결,구제 23-2024-5호,베트남산 스테인리스강 냉간압연 제품의 덤핑사실 및 국내산업피해 유무 조사,스테인리스강 냉간압연 제품,베트남,원심,2024-05-30,2024-10-17,2025-04-24,2024-07-24,조사개시 2024-05-30; 공청회 2024-07-24; 예비조사 2024-10-17; 공청회 무역위원회공고 2024-18호 2024-12-19; 최종판정 2025-04-24,[국내산업피해조사]베트남산 스테인리스강 냉간압연 제품_국내생산자 질의서 | [국내산업피해조사]베트남산 스테인리스강 냉간압연 제품_국내수요자 질의서 | [국내산업피해조사]베트남산 스테인리스강 냉간압연 제품_국내수입자 질의서,원심
00000795,종결,구제 23-2024-6호,중국 및 대만산 석유수지의 덤핑사실 및 국내산업피해 유무 조사,석유수지,"중국,대만",원심,2024-08-02,2024-12-19,2025-05-22,2025-03-20,조사개시 2024-08-02; 예비조사 2024-12-19; 공청회 2025-03-20; 최종판정 2025-05-22,[국내산업피해조사] 국내생산자 질의서 | [국내산업피해조사] 수요자질의서 | [국내산업피해조사] 수입자질의서,원심
00000798,종결,구제 23-2024-7호,중국산 스테인리스 스틸 후판의 덤핑사실 및 국내산업피해 유무 조사,스테인리스스틸 후판,중국,원심,2024-09-06,2025-01-16,2025-06-26,2025-04-24,조사개시 2024-09-06; 예비조사 2025-01-16; 공청회 2025-04-24; 최종판정 2025-06-26,,원심
00000799,종결,구제 23-2024-8호,중국산 탄소강 및 그 밖의 합금강 열간압연 후판제품,탄소강 및 그 밖의 합금강 열간압연 후판,중국,원심,2024-10-04,2025-02-20,,2025-05-22,조사개시 2024-10-04; 예비조사 2025-02-20; 공청회 2025-05-22,[국내산업피해조사]중국산 탄소강 및 그 밖의 합금강 열간압연 제품_국내생산자 질의서 | [국내산업피해조사]중국산 탄소강 및 그 밖의 합금강 열간압연 제품_국내수요자 질의서 | [국내산업피해조사]중국산 탄소강 및 그 밖의 합금강 열간압연 제품_국내수입자 질의서,원심
00000801,종결,구제 23-2024-10호,태국산 파티클보드의 덤핑사실 및 국내산업피해 유무 조사,파티클보드,타이,원심,2024-12-16,2025-04-24,,2025-06-26,조사개시 2024-12-16; 국내산업피해 유무 조사를 위한 이해관계인 회의 2025-02-27; 예비조사 2025-04-24; 공청회 2025-06-26,,원심
00000800,종결,구제23-2024-9호,중국산 차아황산소다에 대한 덤핑사실 및 국내산업피해 유무 조사,차아황산소다,중국,원심,2024-12-18,2025-04-24,2025-09-25,2025-06-26,조사개시 2024-12-18; 예비조사 2025-04-24; 공청회 2025-06-26; 최종판정 2025-09-25,,원심
00000831,종결,구제23-2024-11호,일본 및 중국산 탄소강 및 그 밖의 합금강 열간압연 제품의 덤핑사실 및 국내산업피해 유무 조사,열간압연,"일본,중국",원심,2025-03-04,2025-07-24,2026-02-23,2025-10-23,조사개시 2025-03-04; 예비조사 2025-07-24; 공청회 2025-10-23; 최종판정 2026-02-23,,원심
00000833,진행,구제23-2025-1,중국산 단일모드 광섬유에 대한 덤핑사실 및 국내산업피해 유무 조사,광섬유,중국,원심,2025-03-07,2025-07-24,,2025-10-23,조사개시 2025-03-07; 예비조사 2025-07-24; 공청회 2025-10-23,,원심
00000839,종결,구제 23-2025-3호,중국산 PET 필름에 대한 덤핑방지관세 부과 중간재심사,PET 필름,중국,재심,2025-04-09,,2025-11-20,,조사개시 2025-04-09; 최종판정 2025-11-20,,중간재심사
00000819,종결,구제23-2025-2호,일본 및 중국산 산업용로봇(4축이상 수직다관절형)에 대한 덤핑사실 및 국내산업피해 유무 조사,4축이상 수직다관절형 산업용로봇,"중국,일본",원심,2025-05-02,2025-09-25,2026-03-26,2025-12-18,조사개시 2025-05-02; 예비조사 2025-09-25; 공청회 2025-12-18; 최종판정 2026-03-26,,원심
00000840,종결,구제 23-2025-5호,태국산 섬유판의 덤핑사실 및 국내산업피해 유무 조사,섬유판,타이,원심,2025-05-07,2025-09-25,2026-02-12,2025-11-20,조사개시 2025-05-07; 예비조사 2025-09-25; 공청회 2025-11-20; 최종판정 2026-02-12,[덤핑조사] 조사대상물품범위안내서 | [덤핑조사] 조사참여신청서 | [덤핑조사] 질의서,원심
00000841,종결,구제 23-2025-4호,사우디아라비아산 부틸글리콜에테르에 대한 덤핑방지관세부과 종료재심사(1차),부틸글리콜에테르,사우디아라비아,재심,2025-05-16,,2026-02-12,2025-11-20,조사개시 2025-05-16; 공청회 2025-11-20; 최종판정 2026-02-12,[국내산업피해조사] 재심사 국내 생산자 질의서 | [국내산업피해조사] 재심사 수요자 질의서 | [국내산업피해조사] 재심사 수입자 질의서 | [덤핑] 재심사 답변서 작성양식(엑셀파일) | [덤핑] 재심사 질의서 | [덤핑] 재심사 참여 신청서 | [덤핑] 재심사대상물품 범위 안내서,종료재심사
00000843,종결,구제23-2025-6호,"독일, 프랑스, 노르웨이 및 스웨덴산 폴리염화비닐 페이스트 수지",폴리염화비닐페이스트수지,"독일,프랑스,노르웨이,스웨덴",원심,2025-08-06,2025-12-18,2026-05-21,2026-03-26,조사개시 2025-08-06; 예비조사 2025-12-18; 공청회 2026-03-26; 최종판정 2026-05-21,[국내산업피해조사] 국내생산자 질의서 | [국내산업피해조사] 국내수요자 질의서 | [국내산업피해조사] 국내수입자 질의서 | [덤핑조사] 조사대상물품범위안내서 | [덤핑조사] 조사참여신청서 | [덤핑조사] 질의서,원심
00000844,진행,구제23-2025-7호,태국산 이음매 없는 동관,이음매 없는 동관,타이,원심,2025-09-12,2026-01-22,2026-06-18,2026-04-16,조사개시 2025-09-12; 예비조사 2026-01-22; 공청회 2026-04-16; 최종판정 2026-06-18,[국내산업피해조사] 국내생산자 질의서 | [국내산업피해조사] 국내수요자 질의서 | [국내산업피해조사] 국내수입자 질의서,원심
00000846,진행,구제23-2025-8호,중국산 부틸 아크릴레이트,부틸 아크릴레이트,중국,원심,2025-09-29,2026-02-12,2026-07-23,2026-04-16,조사개시 2025-09-29; 예비조사 2026-02-12; 공청회 2026-04-16; 최종판정 2026-07-23,,원심
00000856,진행,구제23-2025-9호,중국산 아연 및 아연합금 표면처리 냉간압연 제품의 덤핑사실 및 국내산업피해 유무 조사,철강,중국,원심,2025-11-28,2026-04-16,,2026-07-23,조사개시 2025-11-28; 예비조사 2026-04-16; 공청회 2026-07-23,[덤핑] 답변서 작성양식(엑셀파일) | [덤핑] 반덤핑 질의서 | [덤핑] 조사 참여 신청서 | [덤핑] 조사대상물품 범위 안내서,원심
00000852,진행,구제23-2025-12호,중국산 에이치(H) 형강,H형강,중국,재심,2025-12-01,,,,조사개시 2025-12-01,,재심(종류 미상)
00000859,진행,구제 23-2025-13호,중국산 인쇄제판용 평면모양 사진플레이트에 대한 덤핑방지관세 부과 종료재심사(2차),인쇄제판용 평면모양 사진플레이트,중국,재심,2026-01-08,,,2026-08-20,조사개시 2026-01-08; 공청회 2026-08-20,[덤핑] 답변서 작성양식(엑셀파일) | [덤핑] 재심사 질의서 | [덤핑] 재심사 참여 신청서 | [덤핑] 재심사대상물품 범위 안내서,종료재심사
00000862,진행,구제 23-2026-3호,중국산 폴리(에틸렌 테레프탈레이트)에 대한 덤핑방지관세부과 중간재심사,폴리(에틸렌 테레프탈레이트),중국,재심,2026-03-19,,,,조사개시 2026-03-19,,중간재심사
00000860,진행,구제23-2026-2호,중국 및 대만산 고체 수산화나트륨,고체 수산화나트륨,"대만,중국",원심,2026-04-07,2026-08-20,,,조사개시 2026-04-07; 예비조사 2026-08-20,[덤핑부문] 반덤핑조사 질의서 | [덤핑부문] 조사대상물품 범위 안내서(CCN 안내서) | [덤핑부문] 조사참여 신청서,원심
00000847,진행,구제 23-2025-10호,중국산 봉강의 덤핑사실 및 국내산업피해 유무 조사,봉강,중국,원심,2026-05-07,,,,조사개시 2026-05-07,[덤핑] 답변서 작성양식(엑셀파일) | [덤핑] 반덤핑 질의서 | [덤핑] 조사 참여 신청서 | [덤핑] 조사대상물품 범위 안내서,원심
00000867,진행,구제 23-2026-4호,중국산 폴리염화비닐 서스펜션 수지의 덤핑사실 및 국내산업피해 유무,폴리염화비닐 서스펜션 수지,중국,원심,2026-07-08,,,,조사개시 2026-07-08,[덤핑부문] 반덤핑조사 질의서 | [덤핑부문] 조사대상물품 범위 안내서(CCN 안내서) | [덤핑부문] 조사참여신청서,원심
00000868,진행,구제23-2026-5호,중국산 석도강판의 덤핑사실 및 국내산업피해 유무,석도강판,중국,원심,2026-07-10,,,,조사개시 2026-07-10,[덤핑부문] 반덤핑조사 질의서 | [덤핑부문] 조사대상물품 범위 안내서(CCN 안내서) | [덤핑부문] 조사참여신청서,원심
00000869,진행,구제23-2026-6호,중국산 초산에틸,초산에틸,중국,원심,2026-08-18,,,,조사개시 2026-08-18,[국내산업피해부문] 생산자 질의서 | [국내산업피해부문] 수요자 질의서 | [국내산업피해부문] 수입자 질의서 | [덤핑부문] 반덤핑 조사질의서 | [덤핑부문] 조사대상물품 범위 안내서(CCN 안내서) | [덤핑부문] 조사참여신청서,원심
00000870,진행,구제23-2026-7호,"대만, 태국, 아랍에미리트연합산 PET 필름 종료재심사(2차)",PET 필름,"대만,타이,아랍에미리트연방",재심,2026-08-26,,,,조사개시 2026-08-26,,종료재심사
00000872,진행,구제 23-2026-8호,중국산 폴리에스테르 장섬유 완전연신사에 대한 덤핑방지관세 부과 종료재심사(1차),폴리에스테르 장섬유 완전연신사(FDY),중국,재심,2026-09-03,,,,조사개시 2026-09-03,[덤핑조사] 반덤핑조사 질의서 | [덤핑조사] 재심사대상물품 범위 안내서 | [덤핑조사] 조사참여신청서 | [산업피해] 국내생산자 질의서 | [산업피해] 국내수요자 질의서 | [산업피해] 국내수입자 질의서,종료재심사
