master_id,case_no,case_title,doc_title,file_name,file,text_chars,error
00000560,구제 23-2016-3,"일본, 인도 및 스페인산 스테인리스스틸 바에 대한 덤핑방지조치의 종료재심사","일본, 인도 및 스페인산 스테인리스스틸 바 덤핑재심사 질의서, 대상물품 범위안내서, 답변서 작성양식(해외 공급자용)",일본 인도 및 스페인산 스테인리스스틸 바 덤핑재심사 질의서(해외 공급자용).hwp,data/raw/ktc-scope/00000560_00000003_0000.hwp,57910,
00000560,구제 23-2016-3,"일본, 인도 및 스페인산 스테인리스스틸 바에 대한 덤핑방지조치의 종료재심사","일본, 인도 및 스페인산 스테인리스스틸 바 덤핑재심사 질의서, 대상물품 범위안내서, 답변서 작성양식(해외 공급자용)",일본 인도 및 스페인산 스테인리스스틸 바 덤핑재심사 대상물품 범위 안내서(해외 공급자용).hwp,data/raw/ktc-scope/00000560_00000003_0001.hwp,5075,
00000560,구제 23-2016-3,"일본, 인도 및 스페인산 스테인리스스틸 바에 대한 덤핑방지조치의 종료재심사","일본, 인도 및 스페인산 스테인리스스틸 바 덤핑재심사 질의서, 대상물품 범위안내서, 답변서 작성양식(해외 공급자용)",일본 인도 및 스페인산 스테인리스스틸 바 덤핑재심사 답변서 작성양식(해외 공급자용).xlsx,data/raw/ktc-scope/00000560_00000003_0002.xlsx,8377,
00000619,구제 23-2016-5,"베트남, 우크라이나 및 인도산 페로실리코망간 반덤핑조사",조사대상물품 범위 안내서(피신청인),8. 조사대상 물품범위 안내서-수정.docx,data/raw/ktc-scope/00000619_00000004_0001.docx,959,
00000621,구제 23-2017-1호,"대만, 태국 및 아랍에미리트연합산 PET 필름",[덤핑률 조사] 조사대상물품 범위 안내서,[덤핑률 조사] 5. 조사대상물품 범위 안내서.hwp,data/raw/ktc-scope/00000621_00000006_0000.hwp,2023,
00000625,구제 23-2017-2호,"일본, 중국, 핀란드산 도공(Coated) 인쇄용지의 덤핑사실 및 국내산업피해 유무 조사",[덤핑률 조사] 조사대상물품 범위 안내서,[덤핑률 조사] 조사대상물품의 범위 안내서.doc,data/raw/ktc-scope/00000625_00000002_0000.doc,1814,
00000626,구제 23-2017-3호,중국산 아연도금철선에 대한 덤핑사실 및 국내산업피해유무 조사,[덤핑률조사]조사대상물품범위안내서,8.제품 범위 지침서.hwp,data/raw/ktc-scope/00000626_00000001_0000.hwp,2541,
00000624,구제 23-2017-4,"미국, 말레이시아, 태국 및 일본산 에탄올아민 덤핑방지관세부과 종료재심사",[덤핑사실 조사] 에탄올아민 재심사대상물품 범위안내서,4. 조사대상물품 범위 안내서_EA.doc,data/raw/ktc-scope/00000624_00000006_0000.doc,311,
00000653,구제 23-2018-6호,"중국, 인도네시아 및 브라질산 비도공지의 덤핑사실 및 국내산업피해 유무 조사",[덤핑률조사]조사대상물품범위안내서,8.조사대상물품 범위 안내서.hwp,data/raw/ktc-scope/00000653_00000001_0001.hwp,2907,
00000676,구제23-2019-6호,말레이시아산 합판에 대한 덤핑방지관세부과 종료재심사(3차),[덤핑사실조사] 조사대상물품범위 안내서,4. Enclosures 3. 말련합판3차재심_Guide to Product Scope.hwp,data/raw/ktc-scope/00000676_00000001_0000.hwp,1498,
00000678,구제 23-2019-7호,베트남산 합판의 덤핑사실 및 국내산업피해 유무 조사,[덤핑사실조사] 조사대상물품범위안내서,[덤핑사실조사]조사대상물품 범위 안내서.hwp,data/raw/ktc-scope/00000678_00000007_0000.hwp,1486,
00000716,구제23-2020-1호,중국산 H형강 덤핑방지관세 부과 및 가격약속 종료 재심사,[덤핑률조사] 물품범위 안내서,재심대상 물품범위 안내서.pdf,data/raw/ktc-scope/00000716_00000005_0000.pdf,1803,
00000720,구제 23-2020-2호,중국산 인쇄제판용 평명모양 사진플레이트에 대한 덤핑방지관세 부과,[덤핑사실조사] 중국산 옵셋인쇄판(재심) 조사대상물품 범위안내서,4. Enclosures 3. 옵셋인쇄판1차재심_Guide to Product Scope.doc,data/raw/ktc-scope/00000720_00000005_0000.doc,1537,
00000727,구제 23-2020-4호,"대만, 태국 및 아랍에미리트연합산 PET필름에 대한 덤핑방지관세부과 종료재심사(1)",[덤핑사실조사] 조사대상물품 범위 안내서,[덤핑사실조사] 재심사대상물품 범위 안내서(PET필름).hwp,data/raw/ktc-scope/00000727_00000002_0000.hwp,2208,
00000728,구제 23-2020-5호,중국산 폴리에스테르 장섬유 완전연신사의 덤핑사실 및 국내산업피해 유무 조사,[덤핑사실조사] 조사대상물품범위 안내서,[덤핑사실조사] 조사대상물품 범위 안내서.hwp,data/raw/ktc-scope/00000728_00000003_0000.hwp,1733,
00000733,구제 23-2021-2,중국산 플로트 판유리 덤핑방지조치 4차재심,[덤핑사실조사] 재심사대상물품 범위 안내서,[덤핑사실조사] 재심사대상물품 범위 안내서.hwp,data/raw/ktc-scope/00000733_00000001_0000.hwp,1396,
00000732,구제 23-2021-1호,중국산 더블레이어 인쇄제판용 평면모양 사진플레이트에 대한 덤핑방지관세 부과,[덤핑사실조사] 조사대상물품범위 안내서,[덤핑사실조사] 조사대상물품 범위 안내서.hwp,data/raw/ktc-scope/00000732_00000003_0000.hwp,2310,
00000734,구제 23-2021-3호,중국 및 호주산 수산화알루미늄 일반제품,[덤핑사실조사] 조사대상 물품범위 안내서,[덤핑사실조사] 조사대상물품 범위 안내서.hwp,data/raw/ktc-scope/00000734_00000005_0000.hwp,1380,
00000736,구제 23-2021-4호,미국 및 프랑스산 부틸 글리콜 에테르 덤핑방지관세부과 종료재심사,[덤핑사실조사] 재심사대상물품범위 안내서,5. 재심사대상 물품범위 안내서(부틸글리콜에테르).hwp,data/raw/ktc-scope/00000736_00000002_0000.hwp,675,
00000737,구제 23-2021-5호,사우디아라비아산 부틸 글리콜 에테르에 대한 덤핑방지관세 부과,[덤핑사실조사] 조사대상물품 범위 안내서,[덤핑사실조사] 조사대상물품 범위 안내서.hwp,data/raw/ktc-scope/00000737_00000001_0000.hwp,675,
00000741,구제 23-2021-6,중국베트남산 이음매 없는 동관의 덤핑사실 및 국내산업피해 유우 조사,[덤핑사실조사] 조사대상물품 범위 안내서(CCN기준 포함),8. 조사대상범위안내서(정정).hwp,data/raw/ktc-scope/00000741_00000003_0001.hwp,3591,
00000746,구제 23-2022-1호,"중국, 태국 및 인도네시아산 폴리아미드 필름의 덤핑사실 및 국내산업피해 유무 조사",[덤핑사실조사] 조사대상물품 범위 안내서(CCN),"[CCN] 조사대상물품 범위 안내서(중국, 태국, 인도네시아 폴리아미드 필름)-수정.hwp",data/raw/ktc-scope/00000746_00000001_0001.hwp,1402,
00000747,구제 23-2022-2호,중국 및 호주산 수산화알루미늄의 덤핑사실 및 국내산업피해 유무 조사,"반덤핑조사 질의서 및 물품범위 안내서, 답변서 엑셀도표 양식",7. 반덤핑 질의서.hwp,data/raw/ktc-scope/00000747_00000000_0000.hwp,58954,
00000747,구제 23-2022-2호,중국 및 호주산 수산화알루미늄의 덤핑사실 및 국내산업피해 유무 조사,"반덤핑조사 질의서 및 물품범위 안내서, 답변서 엑셀도표 양식",(덤핑사실조사) 답변서 작성양식(엑셀도표).xlsx,data/raw/ktc-scope/00000747_00000000_0001.xlsx,8676,
00000747,구제 23-2022-2호,중국 및 호주산 수산화알루미늄의 덤핑사실 및 국내산업피해 유무 조사,"반덤핑조사 질의서 및 물품범위 안내서, 답변서 엑셀도표 양식",8. 조사대상물품 범위 안내서(무역위).hwp,data/raw/ktc-scope/00000747_00000000_0002.hwp,1674,
00000749,구제 23-2022-3호,중국 및 인도산 PET(Polyethylene Terephthalate)필름에 대한 덤핑방지관세부과 종료재심사(4차),재심사대상물품 범위 안내서,재심사대상물품 범위 안내서(PET필름 4차재심).hwp,data/raw/ktc-scope/00000749_00000002_0000.hwp,3115,
00000752,구제 23-2022-4호,"베트남, 우크라이나 및 인도산 페로실리코망간 덤핑방지관세부과 종료재심사",재심사대상물품 범위 안내서,재심사대상물품 범위 안내서(페로실리코망간 1차재심).hwp,data/raw/ktc-scope/00000752_00000002_0000.hwp,1062,
00000753,구제 23-2022-5호,이집트산 백시멘트의 덤핑사실 및 국내산업피해 유무 조사,"반덤핑조사 질의서 및 물품범위 안내서, 답변서 엑셀도표 양식",7. 반덤핑 질의서.hwp,data/raw/ktc-scope/00000753_00000001_0000.hwp,59181,
00000753,구제 23-2022-5호,이집트산 백시멘트의 덤핑사실 및 국내산업피해 유무 조사,"반덤핑조사 질의서 및 물품범위 안내서, 답변서 엑셀도표 양식",(덤핑사실조사) 답변서 작성양식(엑셀도표).xlsx,data/raw/ktc-scope/00000753_00000001_0001.xlsx,8763,
00000753,구제 23-2022-5호,이집트산 백시멘트의 덤핑사실 및 국내산업피해 유무 조사,"반덤핑조사 질의서 및 물품범위 안내서, 답변서 엑셀도표 양식",8. 조사대상범위안내서_백시멘트.hwp,data/raw/ktc-scope/00000753_00000001_0002.hwp,1715,
00000761,구제 23-2022-6,중국 및 말레이시아산 폴리에스테르 장섬유 부분연신사의 덤핑사실 및 국내산업피해 유무 조사,반덤핑 질의서 및 조사대상물품 범위 안내서,중국 및 말레이시아산 POY 반덤핑 질의서.hwp,data/raw/ktc-scope/00000761_00000003_0000.hwp,59402,
00000761,구제 23-2022-6,중국 및 말레이시아산 폴리에스테르 장섬유 부분연신사의 덤핑사실 및 국내산업피해 유무 조사,반덤핑 질의서 및 조사대상물품 범위 안내서,중국 및 말레이시아산 POY (덤핑사실조사) 답변서 작성양식(엑셀도표).xlsx,data/raw/ktc-scope/00000761_00000003_0001.xlsx,8762,
00000761,구제 23-2022-6,중국 및 말레이시아산 폴리에스테르 장섬유 부분연신사의 덤핑사실 및 국내산업피해 유무 조사,반덤핑 질의서 및 조사대상물품 범위 안내서,중국 및 말레이시아산 POY 조사대상물품 범위 안내서.hwp,data/raw/ktc-scope/00000761_00000003_0002.hwp,1698,
00000760,구제 23-2023-1호,일본산 스테인리스스틸 후판에 대한 덤핑방지관세부과 3차 종료재심사,반덤핑 질의서 및 조사대상물품 범위 안내서,4. 반덤핑 질의서(스테인리스스틸 후판 3차 재심).hwp,data/raw/ktc-scope/00000760_00000003_0000.hwp,59432,
00000760,구제 23-2023-1호,일본산 스테인리스스틸 후판에 대한 덤핑방지관세부과 3차 종료재심사,반덤핑 질의서 및 조사대상물품 범위 안내서,6. (덤핑사실조사) 답변서 작성양식(엑셀도표).xlsx,data/raw/ktc-scope/00000760_00000003_0001.xlsx,8762,
00000760,구제 23-2023-1호,일본산 스테인리스스틸 후판에 대한 덤핑방지관세부과 3차 종료재심사,반덤핑 질의서 및 조사대상물품 범위 안내서,5. 조사대상물품 범위 안내서(스테인리스스틸 후판 3차 재심).hwp,data/raw/ktc-scope/00000760_00000003_0002.hwp,7021,
00000759,구제 23-2023-2호,"일본, 중국 및 핀란드산 도공용지에 대한 덤핑방지관세부과 종료재심사",[덤핑사실조사] 재심사물품 범위안내서,[덤핑사실조사] 재심사대상물품 범위 안내서(도공인쇄용지).hwp,data/raw/ktc-scope/00000759_00000000_0001.hwp,1545,
00000763,구제 23-2023-3호,이집트산 백시멘트의 덤핑사실 및 국내산업피해 유무 조사,조사대상범위안내서,조사대상범위안내서_백시멘트.hwp,data/raw/ktc-scope/00000763_00000004_0000.hwp,1715,
00000770,구제 23-2023-4호,말레이시아산 합판에 대한 덤핑방지관세 부과 종료재심사(4차),조사대상물품 범위 안내서(말레이시아 합판 4차 재심),5. 조사대상물품 범위 안내서(말레이시아 합판 4차 재심).hwp,data/raw/ktc-scope/00000770_00000001_0000.hwp,1746,
00000772,구제 23-2023-5호,베트남산 합판에 대한 덤핑방지관세부과 종료재심사(1차),재심사대상물품 범위 안내서(베트남산 합판),재심사대상물품 범위 안내서(베트남산 합판).hwp,data/raw/ktc-scope/00000772_00000002_0000.hwp,1530,
00000773,구제 23-2023-6호,중국산 합판에 대한 덤핑방지관세부과 종료재심사(3차),재심사대상물품 범위 안내서(중국산 합판),5. 조사대상물품 범위 안내서(중국산 합판 3차 재심).hwp,data/raw/ktc-scope/00000773_00000005_0000.hwp,1674,
00000775,구제 23-2024-1호,중국산 폴리에틸렌 테레프탈레리트 수지(PET 수지)의 덤핑사실 및 국내산업피해 유무 조사,조사대상물품 범위 안내서,조사대상물품 범위 안내서_PET 수지.hwp,data/raw/ktc-scope/00000775_00000002_0000.hwp,1530,
00000776,구제 23-2024-2호,중국산 스티렌모노머의 덤핑사실 및 국내산업피해 유무 조사,[덤핑사실조사] 물품범위 안내서,[덤핑사실조사] 조사대상물품 범위 안내서(스티렌모노머).hwp,data/raw/ktc-scope/00000776_00000002_0000.hwp,1089,
00000777,구제 23-2024-3호,중국 인도네시아 및 태국산 폴리프로필렌 연신(OPP)필름에 대한 덤핑방지관세부과 종료재심사(2차),[덤핑사실조사] 물품범위 안내서,조사대상물품 범위 안내서(OPP 필름 2차재심).hwp,data/raw/ktc-scope/00000777_00000001_0000.hwp,1788,
00000780,구제 23-2024-4호,"중국, 인도네시아 및 대만산 스테인리스강 평판압연 제품에 대한 덤핑방지관세부과 및 가격약속 종료재심사(1차)",조사대상물품 범위 안내서,조사대상물품의 범위 안내서(스테인리스강 평판압연)_vf.hwp,data/raw/ktc-scope/00000780_00000002_0000.hwp,6797,
00000781,구제 23-2024-5호,베트남산 스테인리스강 냉간압연 제품의 덤핑사실 및 국내산업피해 유무 조사,조사대상물품범위 안내서,8. 조사대상물품의 범위 안내(베트남산 STS CR).hwp,data/raw/ktc-scope/00000781_00000003_0001.hwp,4885,
00000795,구제 23-2024-6호,중국 및 대만산 석유수지의 덤핑사실 및 국내산업피해 유무 조사,조사대상물품범위 안내서,8. 조사대상물품 범위 안내서_중국 및 대만산 석유수지.hwp,data/raw/ktc-scope/00000795_00000004_0000.hwp,1644,
00000798,구제 23-2024-7호,중국산 스테인리스 스틸 후판의 덤핑사실 및 국내산업피해 유무 조사,조사대상물품 범위 안내서,8. 조사대상물품 범위 안내서_중국산 STS 후판_보완.pdf,data/raw/ktc-scope/00000798_00000005_0001.pdf,4277,
00000798,구제 23-2024-7호,중국산 스테인리스 스틸 후판의 덤핑사실 및 국내산업피해 유무 조사,조사대상물품 범위 안내서,별첨 1.xlsx,data/raw/ktc-scope/00000798_00000005_0002.xlsx,1176,
00000798,구제 23-2024-7호,중국산 스테인리스 스틸 후판의 덤핑사실 및 국내산업피해 유무 조사,조사대상물품 범위 안내서,별첨 2.xlsx,data/raw/ktc-scope/00000798_00000005_0003.xlsx,525,
00000799,구제 23-2024-8호,중국산 탄소강 및 그 밖의 합금강 열간압연 후판제품,조사대상물품 범위 안내서_중국산 탄소강 및 그 밖의 합금강 열연후판,"조사대상물품 범위 안내서_별첨 1, 2, 3.xlsx",data/raw/ktc-scope/00000799_00000002_0001.xlsx,2776,
00000799,구제 23-2024-8호,중국산 탄소강 및 그 밖의 합금강 열간압연 후판제품,조사대상물품 범위 안내서_중국산 탄소강 및 그 밖의 합금강 열연후판,조사대상물품 범위 안내서_중국산 탄소강 및 그 밖의 합금강 열연후판.hwp,data/raw/ktc-scope/00000799_00000002_0002.hwp,7974,
00000801,구제 23-2024-10호,태국산 파티클보드의 덤핑사실 및 국내산업피해 유무 조사,조사대상물품 범위 안내서,조사대상물품 범위 안내서_파트클 보드.hwp,data/raw/ktc-scope/00000801_00000004_0000.hwp,2389,
00000800,구제23-2024-9호,중국산 차아황산소다에 대한 덤핑사실 및 국내산업피해 유무 조사,조사대상물품 범위 안내서,조사대상물품 범위 안내서_차아황산소다.hwp,data/raw/ktc-scope/00000800_00000000_0000.hwp,2373,
00000831,구제23-2024-11호,일본 및 중국산 탄소강 및 그 밖의 합금강 열간압연 제품의 덤핑사실 및 국내산업피해 유무 조사,조사대상물품 범위 안내서,"(별첨) 조사대상물품 범위 안내서_별첨1,2,3_일본 및 중국산 열간압연 제품.xlsx",data/raw/ktc-scope/00000831_00000002_0001.xlsx,3570,
00000831,구제23-2024-11호,일본 및 중국산 탄소강 및 그 밖의 합금강 열간압연 제품의 덤핑사실 및 국내산업피해 유무 조사,조사대상물품 범위 안내서,조사대상물품 범위 안내서_일본 및 중국산 열간압연 제품_수정.hwp,data/raw/ktc-scope/00000831_00000002_0002.hwp,12233,
00000833,구제23-2025-1,중국산 단일모드 광섬유에 대한 덤핑사실 및 국내산업피해 유무 조사,조사대상물품 범위 안내서,8. 조사대상물품 범위 안내서_광섬유.hwp,data/raw/ktc-scope/00000833_00000003_0000.hwp,3327,
00000839,구제 23-2025-3호,중국산 PET 필름에 대한 덤핑방지관세 부과 중간재심사,재심사대상물품 범위 안내서,(덤핑률 중간재심사) 재심사대상물품 범위 안내서.hwp,data/raw/ktc-scope/00000839_00000001_0000.hwp,3112,
00000819,구제23-2025-2호,일본 및 중국산 산업용로봇(4축이상 수직다관절형)에 대한 덤핑사실 및 국내산업피해 유무 조사,조사대상물품 범위 안내서,조사대상물품 범위 안내서_산업용로봇.hwp,data/raw/ktc-scope/00000819_00000005_0000.hwp,10180,
00000840,구제 23-2025-5호,태국산 섬유판의 덤핑사실 및 국내산업피해 유무 조사,[덤핑조사] 조사대상물품범위안내서,조사대상물품 범위 안내서_섬유판.hwp,data/raw/ktc-scope/00000840_00000001_0001.hwp,3475,
00000841,구제 23-2025-4호,사우디아라비아산 부틸글리콜에테르에 대한 덤핑방지관세부과 종료재심사(1차),[덤핑] 재심사대상물품 범위 안내서,(덤핑조사) 재심사대상물품 범위 안내서.hwp,data/raw/ktc-scope/00000841_00000002_0000.hwp,723,
00000843,구제23-2025-6호,"독일, 프랑스, 노르웨이 및 스웨덴산 폴리염화비닐 페이스트 수지",[덤핑조사] 조사대상물품범위안내서,조사대상물품 범위 안내_PVC Paste Resin.hwp,data/raw/ktc-scope/00000843_00000001_0000.hwp,3749,
00000844,구제23-2025-7호,태국산 이음매 없는 동관,조사대상물품 범위 안내서,조사대상범위안내서_태국산 이음매 없는 동관.hwp,data/raw/ktc-scope/00000844_00000000_0000.hwp,6515,
00000846,구제23-2025-8호,중국산 부틸 아크릴레이트,물품범위안내서,조사대상물품 범위 안내서_부틸 아크릴레이트.hwp,data/raw/ktc-scope/00000846_00000000_0002.hwp,1279,
00000856,구제23-2025-9호,중국산 아연 및 아연합금 표면처리 냉간압연 제품의 덤핑사실 및 국내산업피해 유무 조사,[덤핑] 조사대상물품 범위 안내서,8. 조사대상물품 범위 안내서_별첨123_아연 표면처리 냉연.xlsx,data/raw/ktc-scope/00000856_00000002_0002.xlsx,3784,
00000856,구제23-2025-9호,중국산 아연 및 아연합금 표면처리 냉간압연 제품의 덤핑사실 및 국내산업피해 유무 조사,[덤핑] 조사대상물품 범위 안내서,8. 조사대상물품 범위 안내서_최종.hwp,data/raw/ktc-scope/00000856_00000002_0003.hwp,11630,
00000859,구제 23-2025-13호,중국산 인쇄제판용 평면모양 사진플레이트에 대한 덤핑방지관세 부과 종료재심사(2차),[덤핑] 재심사대상물품 범위 안내서,재심사대상물품 범위 안내서.docx,data/raw/ktc-scope/00000859_00000002_0000.docx,1511,
00000862,구제 23-2026-3호,중국산 폴리(에틸렌 테레프탈레이트)에 대한 덤핑방지관세부과 중간재심사,재심사대상물품 범위 안내서,재심사대상물품 범위 안내서.hwp,data/raw/ktc-scope/00000862_00000002_0000.hwp,1550,
00000860,구제23-2026-2호,중국 및 대만산 고체 수산화나트륨,[덤핑부문] 조사대상물품 범위 안내서(CCN 안내서),조사대상물품 범위 안내서_중국 및 대만산 고체 수산화나트륨 원심.pdf,data/raw/ktc-scope/00000860_00000002_0000.pdf,1282,
00000860,구제23-2026-2호,중국 및 대만산 고체 수산화나트륨,[덤핑부문] 조사대상물품 범위 안내서(CCN 안내서),조사대상물품 범위 안내서_중국 및 대만산 고체 수산화나트륨 원심.hwp,data/raw/ktc-scope/00000860_00000002_0001.hwp,1326,
00000847,구제 23-2025-10호,중국산 봉강의 덤핑사실 및 국내산업피해 유무 조사,[덤핑] 조사대상물품 범위 안내서,조사대상물품 조사범위_중국산 봉강.hwp,data/raw/ktc-scope/00000847_00000003_0000.hwp,9228,
00000847,구제 23-2025-10호,중국산 봉강의 덤핑사실 및 국내산업피해 유무 조사,[덤핑] 조사대상물품 범위 안내서,별첨. 조사대상물품 범위 안내서_중국산 봉강.xlsx,data/raw/ktc-scope/00000847_00000003_0001.xlsx,2140,
00000867,구제 23-2026-4호,중국산 폴리염화비닐 서스펜션 수지의 덤핑사실 및 국내산업피해 유무,[덤핑부문] 조사대상물품 범위 안내서(CCN 안내서),조사대상물품 범위 안내서_SPVC.hwp,data/raw/ktc-scope/00000867_00000002_0000.hwp,1935,
00000867,구제 23-2026-4호,중국산 폴리염화비닐 서스펜션 수지의 덤핑사실 및 국내산업피해 유무,[덤핑부문] 조사대상물품 범위 안내서(CCN 안내서),조사대상물품 범위 안내서_SPVC.pdf,data/raw/ktc-scope/00000867_00000002_0001.pdf,1904,
00000868,구제23-2026-5호,중국산 석도강판의 덤핑사실 및 국내산업피해 유무,[덤핑부문] 조사대상물품 범위 안내서(CCN 안내서),[덤핑부문] 조사대상물품 범위 안내서(CCN).hwp,data/raw/ktc-scope/00000868_00000001_0002.hwp,5314,
00000868,구제23-2026-5호,중국산 석도강판의 덤핑사실 및 국내산업피해 유무,[덤핑부문] 조사대상물품 범위 안내서(CCN 안내서),[덤핑부문] 조사대상물품 범위 안내서(CCN).pdf,data/raw/ktc-scope/00000868_00000001_0003.pdf,5300,
00000869,구제23-2026-6호,중국산 초산에틸,[덤핑부문] 조사대상물품 범위 안내서(CCN 안내서),조사대상물품 범위 안내서_중국산 초산에틸 원심.hwp,data/raw/ktc-scope/00000869_00000001_0000.hwp,735,
00000869,구제23-2026-6호,중국산 초산에틸,[덤핑부문] 조사대상물품 범위 안내서(CCN 안내서),조사대상물품 범위 안내서_중국산 초산에틸 원심.pdf,data/raw/ktc-scope/00000869_00000001_0001.pdf,751,
00000870,구제23-2026-7호,"대만, 태국, 아랍에미리트연합산 PET 필름 종료재심사(2차)",물품범위안내서,8. 재심사대상물품 범위 안내서(PET필름).pdf,data/raw/ktc-scope/00000870_00000000_0000.pdf,2230,
00000872,구제 23-2026-8호,중국산 폴리에스테르 장섬유 완전연신사에 대한 덤핑방지관세 부과 종료재심사(1차),[덤핑조사] 재심사대상물품 범위 안내서,[덤핑사실조사}재심사대상물품 범위 안내서.hwp,data/raw/ktc-scope/00000872_00000005_0000.hwp,1741,
