book_row,page,petition_date,product,case_kind,petitioners,countries,outcome_type,outcome_date,provisional,duty_rate,duty_period,note,master_id,ktc_case_no,ktc_title,match_score
1,300,1988-06-03,디쿠밀퍼록사이드,재심,대화정밀화학(주),"일본, 대만",가격약속,1988-12,,,1989.1.1~1989.12.31,"조치내용: 1988.12 가격약속 연장; CIF US$3,500/MT (undertaking price, not a duty rate)",00000180,,디쿠밀퍼록사이드 덤핑수입으로 인한 산업피해조사,1.5
2,300,1988-08-29,알루미나시멘트,원심,(주)유니온,프랑스,가격약속,1989-07,,,1989.9.1~1991.8.30(2년),조치내용 also lists '1989.7 신청철회' (withdrawal following the undertaking),00000181,대무 40-6-90-1,알루미나시멘트 뎀핑수입으로 인한 산압피해조사,1.4
3,300,1989-10-06,폴리아크릴아미드,원심,이양화학(주),"영국, 독일, 프랑스",피해부정판정,1990-11-19,,,,,00000182,대무 40-6-90-2,폴리아크릴아미드 덤핑수입으로 인한 산업피해조사,1.5
4,300,1990-05-08,폴리아세탈수지,원심,한국엔지니어링플라스틱,"미국, 일본",AD관세 부과,1991-09-14,,4%,1991.9.30부터 2년,,00000183,대무 40-6-90-2,폴리아세탈수지 덤핑수입으로 인한 산업피해조사,1.4
5,300,1992-06-29,H-산,원심,풍국정유공업(주),"중국, 인도, 일본",신청철회,1992-12-15,,,,,00000184,,H-산 덤핑수입으로 인한 산업피해조사,1.5
6,300,1992-07-03,정제인산,원심,한국정밀화학공업진흥회,중국,AD관세 부과,1993-02-20,,"공업용40.96~54.28%, 식품용40.46~46.78%",1993. 2.20부터 3년,비고: 재심사 결과 2년 연장,00000185,대무 40-6-92-2,중국산 정제인산 덤핑 수입으로 인한 산업피해조사,1.5
7,300,1992-07-06,볼베어링,원심,한국정밀(주),중국,AD관세 부과,1993-02-20,,"공업용40.96~54.28%, 식품용40.46~46.78%",,"비고: 재심사 결과 1995.3.4 구제조치종료. BOOK ERROR: 조치내용 repeats the 정제인산 row above (공업용/식품용 rates, same date); measure table no. 5 lists 볼베어링 against 태국 at 6.27%, 1993.1.28~98.1.27, so the country 중국 is probably also wrong",,,,
8,300,1993-01-29,소다회,원심,동양화학공업(주),중국,AD관세 부과·가격약속,1993-12-31,,66.11%,1993.12.31부터 3년,"조치내용 also: 1993.12.7 수출물량 축소 약속 (1994~95 20,000톤, 96 15,000톤; 1993.12.31부터 3년) - a volume undertaking, coded here as 가격약속. 비고: 재심사 결과 3년 연장",00000187,대무 40-6-93-1,중국으로부터의 소다회 덤핑수입으로 인한 산업피해조사,1.5
9,300,1993-03-12,PS 인쇄판,원심,훽스트산업(주),일본,AD관세 부과,1993-12-31,,24.51~38.16%,1993.11. 8부터 5년,비고: 재심사결과 일부품목제외,00000188,,PS 인쇄판 덤핑수입으로 인한 산업피해조사,1.4
10,300,1993-08-09,유리장섬유,원심,한국베트로텍스(주),"미국, 일본, 대만",AD관세 부과·가격약속,1994-08-09,,10.3~58.7%,1994.4.12부터 5년,"조치내용 also: 1994.6.1 가격약속 대만PFG화이버글라스, 1.60~2.03 US$/Kg, 1994. 6. 1부터 5년. 비고: 재심사결과 1차: 일부품목 제외, 2차: 현행 관세율 유지, 3차: 관세부과 기간 연장",00000189,대무 40-6-93-3,"미국, 일본 및 대만산 유리장섬유 덤핑수입으로 인한 산업피해조사",1.5
11,301,1993-10-14,소성인산석회,원심,한국특수사료(주),러시아,피해부정판정,1994-06-23,,,,,00000190,대무 40-6-93-4,러시아로 부터의 소성인산석회 덤핑수입에 의한 산업피해조사,1.5
12,301,1994-04-06,액체가성소다,원심,한국소다공업협회,"미국, 중국, 벨기에, 프랑스",피해부정판정,1994-12-09,,,,,00000191,대무 40-6-94-1,"미국, 중국, 벨기에 및 프랑스로부터의 액체가소성소다 덤핑수입으로 인한 산업피해조사",1.23
13,301,1994-11-24,아연괴,원심,고려아연(주),"중국, 러시아, 카자흐, 우즈벡",피해부정판정,1995-06-23,,,,,00000192,대무 40-6-94-2,"중국 러시아, 카자흐스탄 및 우즈베키스탄으로부터의 아연괴 덤핑수입으로 인한 산업피해조사",1.37
14,301,1995-06-08,동박,원심,(주)덕산금속,일본,신청철회,1995-10-05,,,,,00000193,대무 40-6-95-1,일본산 동박 덤핑수입으로 인한 산업피해조사,1.5
15,301,1995-08-08,정제인산,재심,동부쁘레용(주),중국,AD관세 부과,1996-02-29,,18.66~57.55%,1996.2.20부터 2년,조치내용: AD관세 부과 기간연장,00000194,,정제인산 덤핑수입으로 인한 산업피해 조사,1.5
16,301,1995-09-18,유리장섬유,재심,한국오리베스트(주),"미국, 일본, 대만",AD관세 부과,1996-02-29,,10.3~58.7%,96.2.29~99.4.11,"조치내용: 일부 품목은 AD관세 부과대상에서 제외 (duty continued, some items excluded). Measure no. 9 (1차 재심) gives the period as 1996.2.19~1999.4.11",00000195,대무 40-6-95-3,일본산 유리장섬유 덤핑방지관세부과 재심사,1.4
17,301,1996-01-12,에탄올아민,원심,한국포리올(주),미국,AD관세 부과,1996-10-31,,20.07~33.84%,96.7.10부터 5년,,00000196,대무 40-6-96-1,미국산 에탄올아민 덤핑수입으로 인한 산업피해조사,1.5
18,301,1996-02-07,리튬1차전지,원심,(주)테크라프,"일본, 미국",AD관세 부과,1996-12-19,,5.25~49.69%,1996.9.2부터 3년,,00000197,대무 40-6-96-2,"일본, 미국산 리튬1차전지의 덤핑수입으로 인한 산업피해조사",1.5
19,301,1996-02-13,유리장섬,재심,(주)한국화이바,"미국, 일본",AD관세 부과,1996-08-26,,,,"조치내용: 현행 AD관세 유지결정 (existing duty maintained). BOOK ERROR: product printed '유리장섬', a truncation of 유리장섬유 (measure no. 9, 2차 재심, 미국·일본)",00000198,,유리장섬유 덤핑수입으로 인한 산업피해조사,1.4
20,301,1996-02-13,염화코린,원심,코린화학(주),"미국, 중국",AD관세 부과,1996-12-03,,33.83~49.62%,1996. 9. 2부터 5년,,00000199,대무 40-6-96-3,미국 및 중국산 염화코린 덤핑수입으로 인한 국내산업피해조사,1.5
21,301,1996-03-04,PS인쇄판,재심,(주)우일신상,일본,AD관세 부과,1996-12-03,,24.51~38.16%,1993.12.3~1998.11.7,조치내용: 일부 품목은 AD관세 부과대상에서 제외. BOOK ERROR (probable): period start 1993.12.3 precedes this review; measure no. 19 (1차 재심) gives 1996.12.3~1998.11.7,00000200,대무-XXXX,일본산 인쇄제판용 평면상 사진플레이트(PS인쇄판) 덤핑관세부과 재심사,1.5
22,301,1996-06-14,전기면도기,원심,(주)우림전자,"네덜란드, 독일, 일본, 중국",AD관세 부과·가격약속,1997-05-17,,23.14~45.68%,1996.12.20부터 5년,"조치내용 also: 1997.4.30 가격약속 - 마쓰시다전공외 6, 97.4.30~2001.12.19",00000201,대무 40-6-96-4,"일본, 독일, 네덜란드 및 중국산 전기면도기의 덤핑수입으로 인한 국내산업피해 조사",1.5
23,302,1996-06-28,소다회,재심,동양화학공업(주),중국,AD관세 부과·가격약속,1997-05-17,,23.43%,1997.5.17부터 3년,"조치내용 also: 1997.4.19 가격약속 - 중국화공건설총공사 외1, US$ 185/MT, 1997.4.19~00.5.16",00000202,대무 40-6-96-8,중국산 소다회의 덤핑방지관세부과 및 약속 재심사,1.5
24,302,1996-07-22,산업용공기조절기,원심,서번산업(주),스위스,신청철회,1996-10-29,,,,,00000203,대무 40-6-96-5,스위스산 산업용 공기조절기 덤핑수입으로 인한 국내산업피해조사,1.4
25,302,1996-08-07,소다회,원심,동양화학공업(주),"불가리아, 러시아",AD관세 부과,1997-05-17,,15.69~16.94%,1997.1.24부터 5년,Measure no. 7 gives 15.69~18.75% and 1997.1.24~2000.1.23 (3년); the two tables disagree on the upper rate and the duration,00000204,대무 40-6-96-8,불가리아 및 러시아산 소다회의 덤핑수입으로 인한 국내산업피해조사,1.5
26,302,1996-10-26,H 형강,원심,강원산업(주),러시아,AD관세 부과·가격약속,1997-08-02,,15.13~15.18%,1997.4.15부터 5년,조치내용: 1997.8.2 가격약속 and 1997.8.2 AD관세 부과 on the same day,00000205,대무 40-6-96-9,러시아산 H형강 덤핑수입으로 인한 국내산업피해유무 조사,1.5
27,302,1997-01-03,산업용공기조절기,원심,서번산업(주),리히텐쉬타인,가격약속,1997-07-21,,,1997.7.21부터 3년,"조치내용: 1997.4.30 긍정예비판정; 1997.7.21 수출중지약속 수락 (export-cessation undertaking, coded as 가격약속)",,,,
28,302,1997-02-04,일회용포켓형라이터,원심,라이타공업협동조합,중국,AD관세 부과,1997-11-08,,32.84%,1997.11.8부터 5년,,00000207,대무 40-6-97-2,중국산 일회용 포켓형 라이터 덤핑수입으로 인한 국내산업피해유무 조사,1.5
29,302,1997-02-10,에틸렌-초산비닐공중합체에멀젼타입,원심,태영화학(주),대만,가격약속,1997-08-05,1997.6.27 잠정조치 건의 17.08%,,,조치내용: 1997.6.27 잠정조치 건의 - 17.08%; 1997.8.5 가격약속,00000208,대무 40-6-97-3,대만산 에틸렌-초산비닐공중합체에멀젼타입 덤핑수입으로 인한 국내산업피해유무 조사,1.5
30,302,1997-04-04,푸르푸릴알콜,원심,삼성정밀화학(주),중국,신청철회,1998-02-16,,,,"조치내용: 1997.12.23 AD관세 부과건의 17.88~20.93%, then 98.2.16 신청철회",00000209,대무 35-6-97-4,중국산 푸르푸릴알콜 덤핑수입으로 인한 국내산업피해 조사,1.5
31,302,1997-04-04,중질섬유판,원심,한솔포렘(주) 외 4,"미국, 말련",AD관세 부과,1998-01-17,,7.02~33.11%(미국제외),,"조치내용: 1997.12.5 AD관세 부과건의 '1919.31~39.54%(미국제외)'. BOOK ERROR: '1919.31' is a typo for 19.31. Measure no. 13 (말레이시아, 1998.1.17~2001.1.16) gives 19.31~39.54, i.e. the recommended rate, not the 7.02~33.11% stated here as imposed",00000210,대무 35-6-97-5,말레이시아 및 미국산 중질섬유판 덤핑수입으로 인한 국내산업피해 조사,1.5
32,302,1997-05-16,셀프복사지,원심,한솔파텍(주) 외 2,"독일, 영국",AD관세 부과·가격약속,1998-03-10,,12.26~15.38%,1998. 3.10부터 3년,"조치내용 also: 1998.1.30 가격약속 - 1,926~3,210 DM/T, 98.1.30~01.3.9. Measure no. 16 gives 14.82~15.38%",00000211,대무 35-6-97-6,독일 및 영국산 셀프복사지의 덤핑수입으로 인한 국내산업피해유무 조사,1.5
33,302,1997-05-16,H-메틸셀룰로스,원심,삼성정밀화학(주),"미국, 독일",피해부정판정,1997-10-15,,,,,00000212,대무 35-6-97-7,H-메틸셀룰로스 덤핑수입으로 인한 국내산업피해 조사,1.5
34,303,1997-09-25,전기다리미,원심,코발트전기공업(주) 외,"싱가폴, 중국, 프랑스",AD관세 부과,1998-08-06,,10.43~43.77%,1998.4.6부터 3년,,00000213,대무 35-6-97-8,"싱가포르, 중국 및 프랑스산 가정용 전기다리미 덤핑수입으로 인한 산업피해유무 조사",1.5
35,303,1997-10-14,페로실리코망간,원심,동부건설 외 2,중국,AD관세 부과·가격약속,1998-08-24,,17.95~24.68%,1998.4.10부터 5년,조치내용 also: 1998.8.19 가격약속,00000214,대무 35-6-97-9,중국산 페로실리코망간 덤핑수입으로 인한 국내 산업피해 조사,1.5
36,303,1997-10-16,폴리비닐알콜,원심,동양화학공업(주),일본,AD관세 부과,1998-08-20,,27.0~37.75%,1998.4.10부터 5년,,00000215,대무 35-6-97-10,폴리비닐알코올 덤핑수입으로 인한 국내 산업피해 조사,1.5
37,303,1997-12-08,대두유,원심,대두가공협회,"미국, 아르헨, 브라질",신청철회,1997-12-19,,,,,00000216,,대두유 덤핑수입으로 인한 국내 산업피해 조사,1.3
38,303,1998-04-25,리튬1차전지,재심,산요전기(주),일본,재심사 불개시,1998-05-25,,,,,00000217,,리튬1차전지 덤핑수입으로 인한 국내 산업피해 조시,1.4
39,303,1998-05-07,PS인쇄판,재심,한국아그파,일본,AD관세 부과,1998-11-13,,24.51~38.16%,1999. 1. 7부터 3년,조치내용: 재심사 판정,00000218,대무 35-6-98-1,일본산 인쇄제판용 평면상 사진플레이트(PS인쇄판) 덤핑수입으로 인한 국내산업피해 조사,1.5
40,303,1998-09-30,파티클보드,원심,한솔포렘,"인니, 말련, 태국",신청철회,1999-01-20,,,,,00000219,대무 35-6-98-3,"말레이시아, 인도네시아, 타이산 파티클보드 덤핑 및 산업피해 조사",1.5
41,303,1998-10-12,유리장섬유,재심,한국베트로텍스,"미국, 일본, 대만",AD관세 부과,1999-04-21,,10.30~58.70%,1999. 4.12~01. 4.11,"Measure no. 9 lists this (3차 재심) against 미국, 일본 only",00000220,대무 35-6-98-4,"미국, 일본 및 대만산 유리장섬유 덤핑방지관세부과 재심사",1.5
42,303,1999-02-18,복합호제,원심,공영화학 외 1,일본,가격약속,1999-11-10,,,2000.1.18부터 5년,조치내용: 약속판정 - 현행 가격의 15.38%~17.24% 인상,00000221,대무 35-6-99-1,일본산 방적사용 복합호제 덤핑 및 산업피해 조사,1.5
43,303,1999-03-20,일회용포켓형라이터,재심,한국라이터공업협동조합,중국,AD관세 부과,1999-10-11,,38.84%→72.41~100.1%,1999.11.8~02.11.7,"조치내용: 재심사 판정. BOOK ERROR (probable): prior rate printed 38.84%, but the original rate was 32.84% (row 28; measure no. 21). Measure no. 21 (1차 재심, 덤핑률조정) gives the period as 1999.12.1~2002.11.7",00000222,대무 35-6-99-3,중국산 포켓형일회용라이터 덤핑방지관세부과율 재심사,1.5
44,303,1999-03-29,PS인쇄판,원심,한국아그파,네델란드,가격약속,1999-11-10,,,2000.1.18부터 5년,"조치내용: 약속판정 - 최저가격 4,011$/㎡",,,,
45,303,1999-08-31,알루미늄공관및뚜껑,원심,대한제강공업협동조합,대만,피해부정판정,2000-03-08,,,,,00000224,대무 35-6-99-3,대만산 알루미늄 공관 및 뚜껑의 덤핑수입으로 인한 국내산업피해유무 조사,1.5
46,303,1999-09-13,알칼리망간건전지,원심,서통 외 1,"싱가폴, 중국, 일본, 미국",AD관세 부과·가격약속,2000-04-15,,"중국, 일본 26.7%",2000.4.15부터 3년,"조치내용: AD관세부과 및 가격약속; 싱가폴 가격약속. Measure no. 26 lists 싱가폴, 중국, 일본 only (미국 absent)",00000225,대무 35-6-99-5,"싱가포르, 중국, 일본 및 미국산 알칼리망간건전지의 덤핑수입으로 인한 국내산업피해유무 조사",1.4
47,304,1999-11-15,소다회,재심,동양화학,중국,AD관세 부과·가격약속,2000-12-04,,25.61~26.47%,,"조치내용: 가격약속(일부), 25.61~26.47%. Measure no. 15 (2차 재심) gives 가격약속 2000.12.4~02.12.3 (2년)",00000226,대무 35-6-99-6,중국산 소다회 덤핑방지관세부과 및 가격약속 재심사,1.5
48,304,2000-05-26,PS인쇄판,재심,에이에스잉크,일본,재심사 불개시,2000-06-28,,,,"조치내용: 재심사 불개시 건의 - 일부품목 제외 (non-initiation recommended, yet some items excluded)",00000227,대무 35-6-2000-2,일본산 인쇄제판용평면상사진플레이트 덤핑방지관세부과 재심사,1.4
49,304,2000-06-02,일반용자전거및동부품,원심,자전거공업협회,중국,신청기각,2000-09-27,,,,,00000228,대무 35-6-2000-1,중국산 일반용자전거 및 동 부품의 덤핑수입으로 인한 국내산업피해유무 조사,1.4
50,304,2000-06-19,중질섬유판,원심,합판보드협회,"태국, 인니",피해부정판정,2001-04-18,,,,,00000229,대무 35-6-2000-3,타이 및 인도네시아산 중질섬유판의 덤핑수입으로 인한 국내산업피해유무 조사,1.5
51,304,2000-07-14,중질섬유판,재심,합판보드협회,말레이시아,피해부정판정,2001-06-08,,,,조치내용: 01.6.8 피해부정판정(종결),00000230,대무 35-6-2000-4,말세이시아산 중질섬유판의 덤핑방지관세부과 재심사,1.5
52,304,2000-09-08,셀프복사지,재심,"한솔파텍, 계성제지",독일,AD관세 부과·가격약속,2001-08-21,,14.83~15.38%,3년,조치내용 also: 2001.8.13 가격약속(일부). Measure no. 16 gives 14.82~15.38 and 2001.8.21~2004.8.20,00000231,대무 35-6-2000-5,독일산 셀프복사지 덤핑수입으로 인한 국내산업피해유무 조사,1.5
53,304,2000-11-01,전기다리미,재심,부방테크론,"싱가폴, 프랑스, 중국",신청철회,2000-12-08,,,,,00000232,대무 35-6-2000-*,"싱가포르, 중국 및 프랑스산 가정용 전기다리미 덤핑수입으로 인한 산업피해유무 조사",1.5
54,304,2000-12-28,코우머사,원심,대한방직협회,"인도, 인니, 파키스탄",신청철회,2001-06-22,,,,,00000233,대무 35-6-2000-6,"인도, 파키스탄 및 인도네시아산 코우머사의 덤핑수입으로 인한 국내산업피해유무 조사",1.5
55,304,2000-12-29,셀프복사지,원심,"한솔파텍, 계성제지","일본, 중국, 인니, 태국, 미국",신청철회,2001-05-14,,,,,00000234,대무 35-6-2000-5,독일산 셀프복사지 덤핑방지관세부과 및 가격약속 종료 재심사,1.2
56,304,2001-05-30,CD-R,원심,SKC,대만,AD관세 부과,2002-04-25,,51.72%,2002.1.21부터 5년,,00000235,구제 23-2001-1,대만산 CD-R의 덤핑수입으로 인한 국내산업피해유무 조사,1.5
57,304,2001-06-16,PS 인쇄판,재심,(주)유럽그래픽,일본,기타,2001-08-13,,,,조치내용: AD관세 부과대상에서 제외 (product exclusion),00000236,구제 23-2001-2,일본산 인쇄제판용평면상사진플레이트 덤핑방지관세부과 재심사,1.5
58,304,2001-06-16,PS 인쇄판,재심,한국아그파(주),일본,AD관세 부과,2002-02-07,,24.51%~38.16%,2002.1.6부터 3년,,00000237,구제 23-2001-3,일본산 인쇄제판용평면상사진플레이트 덤핑방지관세부과 재심사,1.5
59,304,2001-07-04,일회용포켓형라이터,상황변동,신하이사,중국,상황변동재심,2002-02-07,,72.41%→36.42%,,"조치내용: 덤핑률변동. Measure no. 21 (2차 재심, 덤핑률조정) dates this 2002.3.14",00000238,구제 23-2001-4,중국산 일회용포켓형라이타의 덤핑방지관세부과에 대한 재심사,1.3
60,304,2001-10-12,H 형강,재심,INI Steel,러시아,AD관세 부과,2002-07-03,,15.95%,3년,,00000239,구제 23-2001-5,러시아산 H형강 덤핑방지관세부과 및 가격약속 재심사,1.5
61,304,2001-12-06,백시멘트,원심,유니온,중국,피해부정판정,2002-10-24,,,,조치내용: 피해부정판정(종결),00000240,구제 23-2001-6,중국산 백시멘트 덤핑수입사실 및 국내산업피해유무 조사,1.4
62,304,2002-01-08,소다회,상황변동,지원상사,중국,상황변동재심,2002-03-07,,,,조치내용: 품목 제외,00000241,구제 23-2002-1,중국산 시약급 소다회의 덤핑방지관세 부과대상 제외여부 조사,1.3
63,304,2002-02-04,EVA,재심,한국에어프러덕트,대만,가격약속,2002-12-05,,,2003.1.15부터 3년,조치내용: 가격약속(790$/톤),00000242,구제 23-2002-2,대만산 에틸렌-초산비닐공중합체에멀젼타입 가격약속종료시 덤핑수입 및 국내산업피해 지속 또는 재발가능성 유무 조사,1.5
64,304,2002-04-26,알카리망간건전지,상황변동,에너자이저차이나,중국,상황변동재심,2002-10-24,,26.7%,,조치내용: 신규 공급자 덤핑 부과 26.7%,00000243,구제 23-2002-3,알카리망간건전지 덤핑수입사실 및 국내산업피해유무 조사,1.3
65,305,2002-05-02,일회용포켓형라이터,재심,라이터공업협동조합,중국,AD관세 부과,2003-05-23,,36.42~65.31%,3년,Measure no. 21 (3차 재심) gives 36.42~63.51; one of the two tables has transposed digits,00000244,구제 23-2002-4,중국산 일회용포켓형라이타의 덤핑방지관세부과 종료시 덤핑수입 및 국내산업 피해의 지속 또는 재발가능성 조사,1.5
66,305,2002-06-27,수산화알루미늄,원심,한국화학,일본,AD관세 부과·가격약속,2003-07-18,,,5년,"조치내용: AD관세 부과, 일부가격 약속 - $144~159/톤(5년); the only figure printed is the undertaking price. Measure no. 29 gives 40.33%, 2003.7.18~2008.7.17",00000245,구제 23-2002-5,일본산 수산화알루미늄의 덤핑수입사실 및 국내산업피해유무 조사,1.5
67,305,2002-06-29,2-에틸헥실알콜,원심,"엘지화학, 한국석유화학","미국, 폴란드, 프랑스, 독일",피해부정판정,2003-01-22,,,,,00000246,구제 23-2002-6,"미국, 독일, 폴란드 및 프랑스산의 2-헥실알콜 덤핑수입사실 및 국내산업피해유무 조사",1.5
68,305,2002-08-27,일회용포켓형라이터,원심,라이터공업협동조합,"인도네시아, 베트남",AD관세 부과,2003-09-09,,54.17~86.36%,3년,조치내용: 2003.7.16 베트남산 조사종결; 2003.9.9 인니산 AD관세 부과,00000247,구제 23-2002-7,베트남 및 인도네시아산 일회용포켓형라이타의 덤핑수입사실 및 국내산업피해유무 조사,1.5
69,305,2002-09-30,정보용지및백상지,원심,"신호제지, 한솔제지","인도네시아, 중국",AD관세 부과,2003-11-07,,2.80~8.99%,3년,,00000248,구제 23-2002-8,"인도네시아, 중국산 정보용지 및 백상지의 덤핑수입사실 및 국내산업피해유무 조사",1.5
70,305,2002-10-08,페로실리코망간,재심,동양한농,중국,AD관세 부과·가격약속,2003-12-03,,15.66%,,"조치내용: AD관세 부과 (15.66%), 가격약속($540/톤)",00000249,구제 23-2002-9,중국산 페로실리코망간 덤핑방지관세부과 및 가격약속종료시 덤핑수입 및 국내산업 피해의 지속 또는 재발 유무에 대한 조사,1.5
71,305,2002-10-08,폴리비닐알콜,재심,동양제철화학,일본,AD관세 부과,2003-12-03,,17.6%,3년,,00000250,구제 23-2002-10,일본산 폴리비닐알콜 덤핑방지관세부과 종료시 덤핑수입 및 국내산업피해의 지속 또는 재발 유무에 대한 조사,1.5
72,305,2002-10-12,알카리망간건전지,재심,"서통, 로케트건전지","중국, 일본, 싱가폴",AD관세 부과·가격약속,2003-12-03,,8.76~24.97%,3년,조치내용: 일부가격약속,00000251,구제 23-2002-11,"싱가포르, 중국 및 일본산 알칼리망간건전지의 덤핑방지관세부과 및 가격약속 종료시 덤핑수입 및 국내산업피해의 지속 또는 재발 유무에 대한 조사",1.5
73,305,2003-04-30,파티클보드,원심,(사)한국합판보드협회,"벨기에, 스페인, 이탈리아",신청철회,2004-05-12,,,,조치내용: 조사종결(신청철회),00000252,구제 23-2003-2,"벨기에, 스페인 및 이태리산 파티클보드의 덤핑수입사실 및 국내산업피해유무 조사",1.5
74,305,2003-05-12,스테인레스스틸바,원심,"금강공업(주), 동방산업(주), (주)배명금속, 세아특수강, 창워특수강","일본, 인도, 스페인",AD관세 부과·가격약속,2004-07-30,,15.39%,,"조치내용: 2004.5.19 가격약속 수락 건의 결정(일본산요); 2004.7.30 AD관세 부과 및가격약속 시행, 일부가격약속. Petitioner '창워특수강' as printed (probably 창원특수강); petitioners printed one per line without commas",00000253,"구제 23-2003-1, 4","일본, 인도 및  스페인산 스테인레스스틸바의 덤핑수입사실 및 국내산업피해유무 조사",1.5
75,305,2003-05-14,규산나트륨,,"(주)로디, 아실리카코리아",중국,신청기각,2003-11-19,,,,"조치내용: 기각판정. Petitioner cell printed '(주)로디, 아실리카코리아' - probably one company ((주)로디아실리카코리아) split by a stray comma",00000254,구제 23-2003-3,중국산 규산나트륨의 덤핑수입사실 및 국내산업피해유무 조사,1.3
76,305,2003-06-09,차아황산소다,,"한솔케미언스, 부흥산업사",중국,AD관세 부과,2004-06-30,,11.78~21.07%,,,00000255,구제 23-2003-5,중국산 차아황산소다의 덤핑수입사실 및 국내산업피해유무 조사,1.3
77,305,2003-07-07,6축수직다관절형산업용로봇,,현대중공업(주),일본,신청철회,2004-01-14,,,,조치내용: 조사종결(신청철회),00000256,구제 23-2003-6,일본산 6축 수직다관절형산업용 로보트에 대한 덤핑수입사실 및 국내산업피해유무 조사,1.3
78,305,2003-07-16,리튬1차전지,,비츠로셀,"일본, 미국",AD관세 부과,2004-07-30,,18.19%,,,00000257,구제 23-2003-7,"일본, 미국산 리튬1차전지 덤핑수입사실 및 국내산업피해유무 조사",1.3
79,305,2003-10-31,염화콜린,,"코파벤스, 페셜, 코린화학","미국, 인도, 중국, 캐나다",AD관세 부과,2004-07-30,2004.5.20 잠정관세부과 12.97~58.16%,10.28~27.55%,5년,"비고 column carries the provisional duty. Petitioner cell printed '코파벤스, 페셜, 코린화학' (PDF text layer reads 코파벧스): 코파벤스페셜 split by a stray comma (cf. rows 107, 123)",00000258,구제 23-2003-8,"미국, 인도, 중국 및 캐나다산 염화콜린의 덤핑수입사실 및 국내산업피해유무 조사",1.3
80,306,2004-03-09,아나타제형이산화티타늄,,코스모화학(주),중국,AD관세 부과,2005-03-02,2004.10.2 잠정관세부과 4.98~23.08%,4.82~23.08%,3년,비고 column carries the provisional duty,00000259,구제 23-2004-1,중국산 아나타제형 이산화티타늄 덤핑수입사실 및 국내산업피해유무 조사,1.3
81,306,2004-04-06,PVC Plate,,크라운(주),일본,AD관세 부과·가격약속,2004-12-20,2004.12.20 잠정관세부과 35.23~40.20%,27.91~29.70%,2004.12.20부터 5년,조치내용: 27.91~29.70% 일부 가격 약속. Provisional duty (비고) is dated the same day as the final duty (2004.12.20) - probably a wrong date,00000260,구제 23-2004-2,일본산  PVC Plate 덤핑수입사실 및 국내산업피해유무 조사,1.3
82,306,2004-07-15,PS인쇄판,,한국아그파산업,일본,기타,2005-01-26,,,,조치내용: 부정판정 (negative determination; the book does not say whether injury or dumping),00000261,구제 23-2004-3,일본산 인쇄제판용평면상사진플레이트의 덤핑방지관세부과 및 종료재심사 조사,1.3
83,306,2004-08-19,산업용로봇,,현대중공업(주),일본,AD관세 부과,2005-09-17,2005.4.18 잠정관세부과 8.76~19.48%,4.51~10.00%,2005.4.18부터 5년,비고 column carries the provisional duty,00000262,구제 23-2004-4,일본산 6축 수직다관절형 산업용 로보트의 덤핑수입사실 및 국내산업피해유무 조사,1.3
84,306,2004-12-30,H형강,,INI스틸,러시아,기타,2005-12-26,,,,조치내용: 부정판정 (negative determination; the book does not say whether injury or dumping),00000263,구제 23-2004-5,러시아산 H형강 덤핑방지관세부과 종료시 덤핑수입 및 국내산업피해의 지속 또는 재발 유무 조사,1.3
85,306,2005-04-29,도자기질타일,,,중국,AD관세 부과,2006-05-30,,2.76~29.41%,5년,신청인 cell blank in the book,00000264,구제 23-2005-1,중국산 도자기질 타일 덤핑수입사실 및 국내산업피해유무 조사,1.3
86,306,2005-05-16,리튬1차전지,,,"미국, 일본",종료,2005-06-15,,,,조치내용: 관세부과 철회결정. 비고: 재경부직권조사 (ex officio review; 신청인 cell blank). Measure no. 28 still shows the full 2004.7.30~2007.7.29 period,00000265,구제 23-2005-2,"일본, 미국산 리튬 1차전지에 대한 덤핑방지관세 부과조치 철회여부 조사",1.3
87,306,2005-09-12,폴리에스테르장섬유연신가공사,,"동국무역(주), (주)HK","대만, 중국, 말레이시아",AD관세 부과,2006-10-20,,2.60~8.69%,3년,,00000266,구제 23-2005-3,"대만, 말레이시아, 중국산 폴리에스테르 장섬유 연신가공사의 덤핑수입사실 및 국내산업피해유무 조사",1.3
88,306,2005-12-29,자동가이드홀펀칭기,,세호로보트산업주식회사,일본,AD관세 부과,2006-11-23,,4.92%,3년,,00000267,구제 23-2005-4,일본산 자동가이드홀펀칭기에 대한 덤핑수입사실 및 국내산업피해유무 조사,1.3
89,306,2006-01-17,폴리비닐알콜,,동양제철화학,"미국, 중국, 싱가폴",AD관세 부과,2006-12-11,,11.11~35.17%,3년,,00000268,구제 23-2006-1,"미국, 중국, 싱가폰산 폴리비닐알콜의 덤핑수입사실 및 국내산업피해유무 조사",1.3
90,306,2006-05-04,정보용지및백상지,,"한국제지, 이앤페이퍼, 한솔제지, 동아제지","중국, 인도네시아",AD관세 부과,2007-06-01,,2.22~7.72%,3년,No 원심/재심 marker; measure no. 33 shows this as the 1차 재심,00000269,구제 23-2006-2,"인도네시아, 중국산 백상지에 대한 덤핑방지관세부과 종료시 덤핑수입 및 국내산업피해의 지속 또는 재발가능성 조사",1.3
91,306,2006-06-07,알칼리망간건전지,,"로케트전기, 벡셀","싱가폴, 중국, 일본",신청철회,2007-04-12,,,,조치내용: 철회(종결),00000270,구제 23-2006-4,"싱가포르, 중국 및 일본산 알카리망간건전지 덤핑방지관세부과 및 종료재심사",1.3
92,306,2006-08-28,대두유,,"CJ, 신동방, 삼양유지","아르헨티나, 브라질, 미국",신청철회,2007-07-27,,,,조치내용: 철회(종결),00000271,구제 23-2006-5,"아프헨티나, 브라질, 미국산 대두유의 덤핑수입사실 및 국내산업피해유무 조사",1.3
93,306,2006-12-01,라이너지,,"아세아제지, 아세아페이퍼텍","미국, 캐나다, 뉴질랜드",기타,2007-05-17,,,,조치내용: 예비부정판정(종결) (preliminary negative determination; type not stated),00000272,구제 23-2006-6,"미국, 캐나다, 뉴질랜드산 라이너지에 대한 덤핑수입사실 및 국내산업피해유무 조사",1.3
94,306,2006-12-20,차아황산소다,,한솔케미칼,중국,AD관세 부과,2008-01-31,,12.11~36.18%,2년,,00000273,구제 23-2006-7,중국산 치아황산소다 덤핑방지관세부과 종료재심사,1.3
95,306,2007-03-07,플로트판유리,,"(주)케이씨씨, 한국유리",중국,AD관세 부과,2008-04-17,,12.73~36.01%,3년,,00000274,구제 23-2007-1,중국산 플로트 판유리의 덤핑수입사실 및 국내산업피해유무 조사,1.3
96,306,2007-04-09,과산화벤조일,,(주)한국케미칼,중국,AD관세 부과,2008-05-16,,9.72%,3년,"Measure no. 36 gives '7.72, 가격 상승'; the two tables disagree (9.72 vs 7.72)",00000275,구제 23-2007-2,중국산 과산화벤조일의 덤핑수입사실 및 국내산업피해유무 조사,1.3
97,307,2007-04-20,스테인레스스틸바,,(주)디케이씨에스,"일본, 인도, 스페인",상황변동재심,2007-09-17,,,,조치내용: 상황변동재심 - ㄱ형강 부과제외,00000276,구제 23-2007-4,"일본, 인도 및 스페인산 스테인레스 스틸바의 덤핑방지관세 부과대상 제외 결정 조사",1.3
98,307,2007-07-18,초산에틸,,한국알콜산업(주),"중국, 일본, 싱가폴",AD관세 부과,2008-08-25,,5.81~14.17%,3년,,00000277,구제 23-2007-3,"중국, 싱가포르 및 일본산 초산에틸의 덤핑수입사실 및 국내산업피해유무 조사",1.3
99,307,2007-08-30,아나타제형이산화티타늄,,코스모화학(주),중국,AD관세 부과,2008-08-25,,4.86~23.08%,2008.8.25~11.3.1. 3년,"Period 2008.8.25~2011.3.1 is about 2.5 years though labelled 3년 (same in measure no. 35, 1차 재심)",00000278,구제 23-2007-6,중국산 아나타제형 이산화티타늄의 덤핑방지관세부과 종료재심사,1.2
100,307,2007-09-05,PET필름,,(주)코오롱,"중국, 인도",AD관세 부과,2008-10-27,,5.67~25.32%,3년,,00000279,구제 23-2007-5,"중국, 인도산 PET필름의 덤핑수입사실 및 국내산업피해유무 조사",1.3
101,307,2007-09-19,크라프트지,,"(주)이엔페이퍼, (주)쌍용제지","중국, 러시아, 인도네시아, 미국, 캐나다",AD관세 부과,2008-10-27,,4.03~10.79%,3년,Petitioners printed one per line without commas,00000280,구제 23-2007-7,"인도네시아,캐나다,미국,중국산 크라프트지의 덤핑수입사실 및 국내산업피해유무",1.3
102,307,2007-12-10,폴리에스터장섬유부분연신사,,"동국무역(주), 성안합섬(주)","중국, 대만",AD관세 부과,2009-01-21,,2.97~6.26%,3년,Petitioners printed one per line without commas,00000281,구제 23-2007-8,대만 중국산 폴리에스터 장섬유부분연신사의 덤핑수입사실 및 국내산업피해유무 조사,1.2
103,307,2008-03-11,파티클보드,,(사)한국합판보드협회,"말레이시아, 태국",AD관세 부과,2009-04-24,,7.67%,3년,,00000282,구제 23-2008-1,타이 및 말레이시아산 파티클보드의 덤핑수입사실 및 국내산업피해유무,1.3
104,307,2008-04-20,도자기질타일,,(주)케이티세라믹,중국,AD관세 부과·가격약속,2010-05-18,,2.37~8.69%,3년,"조치내용: AD관세 부과 - 2.37~8.69% 가격약속(3년). BOOK ERROR: identical to the 2009.4.20 폴리에스테르장섬유연신가공사 row (row 108), which measure no. 43 confirms belongs to that product; the tile outcome is not given",00000283,구제 25-2008-2,중국산 도자기질타일 상황변동재심사,1.2
105,307,2008-10-14,아디프산,,로리아폴리아마이드(주),미국,기타,2009-03-25,,,,조치내용: 예비판정(부정) (preliminary negative; type not stated). Petitioner '로리아' as printed (possibly 로디아),00000284,구제 23-2008-3,미국산 아디프산에 대한 덤핑수입사실 및 국내산업피해유무,1.3
106,307,2009-01-28,스테인레스스틸바,,"포스코특수강(주), 세아특수강, 동일제강(주)","일본, 인도, 스페인",AD관세 부과·가격약속,2010-02-24,,3.33~15.39,3년,조치내용: AD관세 부과 - 3.33~15.39 가격약속(3년),00000000,구제 23-2009-1,일본.인도.스페인산 스테인레스스틸바 덤핑방지관세 및 약속의 종료재심사,1.3
107,307,2009-04-20,염화콜린,,"(주)코파벤스페셜, (주)코린화학","미국, 인도, 중국, 캐나다",AD관세 부과·가격약속,2010-02-24,,3.33~15.39,3년,"조치내용: AD관세 부과 - 3.33~15.39 가격약속(3년). BOOK ERROR: identical to the stainless steel bar row above (row 106); measure no. 42 (2차 재심) gives 10.28~27.55, 2010.1.29~2013.1.29. Petitioner printed '(주)코파벤스페셜' (text layer 코파벧스페셜)",00000001,구제 23-2009-5,미국. 인도. 중국. 캐나다산 염화콜린의 덤핑방지관세 종료재심사,1.3
108,307,2009-04-20,폴리에스테르장섬유연신가공사,,"(주)티케이케미칼, 성안합섬(주)","중국, 대만, 말레이시아",AD관세 부과·가격약속,2010-05-18,,2.37~8.69%,3년,조치내용: AD관세 부과 - 2.37~8.69% 가격약속(3년). No marker; measure no. 43 shows this as the 1차 재심,00000002,구제 23-2009-6,"중국, 대만, 말레이시아산 폴리에스테르 장섬유 연신가공사의 덤핑방지관세 종료재심사",1.2
109,307,2009-07-29,차아황산소다,,(주)한솔케미컬,중국,AD관세 부과,2010-08-06,,12.25~36.18%,2년,,00000003,구제 23-2009-7,중국산 차아황산소다의 덤핑방지관세 종료재심사,1.2
110,307,2009-11-27,백상지,,"한국제지, 홍원제지","중국, 인니",기타,2010-10-20,,,,조치내용: 부정판정 (negative determination; the book does not say whether injury or dumping),00000004,구제 23-2009-8,"인도네시아,중국산 백상지의 덤핑방지관세 종료재심사",1.2
111,307,2009-12-23,프로필렌옥사이드,,SKC,일본,기타,2010-06-16,,,,조치내용: 예비부정판정(종결) (preliminary negative; type not stated),00000005,구제 23-2009-9,일본산 프로필렌옥사이드의 덤핑수입사실 및 국내산업피해 유무,1.2
112,307,2010-02-01,합판,,한국합판보드협회,말레이시아,AD관세 부과,2010-12-15,,5.12~38.10%,3년,,00000006,구제 23-2010-1,말레이시아산 합판의 덤핑수입사실 및 국내산업피해유무,1.3
113,307,2010-03-03,스테인리스스틸후판,,DKC(주),일본,AD관세 부과,2011-04-21,,11.4.21~16.4.20%,5년,BOOK ERROR: the rate slot holds a period ('11.4.21~16.4.20%'); no duty rate is given,00000007,구제 23-2010-2,일본산 스테인리스스틸 후판의 덤핑수입사실 및 국내 피해유무,1.3
114,307,2010-04-27,플로트판유리,,"(주)KCC, 한국유리공업㈜",중국,AD관세 부과,2011-05-24,,12.04~36.01%,3년,,00000008,구제 23-2010-3,중국산 플로트 판유리의 덤핑방지관세 종료재심사,1.3
115,308,2010-06-18,도자기질타일,,"(주)대동산업, (주)대보세라믹스, (주)한보요업, 성일요업주)",중국,AD관세 부과,2011-07-20,,9.14~29.41%,3년,'성일요업주)' as printed (missing '('),00000009,구제 23-2010-4,중국산 도자기질 타일의 덤핑방지관세 종료재심사,1.3
116,308,2010-08-31,아나타제형이산화티타늄,,코스모화학(주),중국,기타,2011-07-20,,,,조치내용: 부정판정 (negative determination; the book does not say whether injury or dumping),00000010,구제 23-2010-5,중국산 아나타제형 이산화티타늄의 덤핑방지관세 부과 종료재심사,1.2
117,308,2010-10-18,파티클보드,,한국가구산업협회,"태국, 말레이시아",조사불개시,200.11.24,,,,조치내용: 조사불개시결정. BOOK ERROR: impossible date '200.11.24' kept as printed (probably 2010.11.24),,,,
118,308,2011-02-23,초산에틸,,한국알콜산업(주),"중국, 싱가폴, 일본",AD관세 부과,2012-03-27,,3.14~14.17%,3년,,00000011,구제 23-2011-1,"중국, 싱가포르 및 일본산 초산에틸의 덤핑방지관세 부과 종료재심사",1.3
119,308,2011-04-22,크라프트지,,"쌍용제지(주), 케이지피(주)","인니, 캐나다, 미국, 중국, 러시아",AD관세 부과,2012-04-10,,4.03~10.79%,3년,,00000118,구제 23-2011-3,"러시아, 미국, 인도네시아, 중국 및 캐나다산 크라프트지의 덤핑방지관세 종료재심사",1.3
120,308,2011-04-22,PET필름,,"(주)도레이첨단소재, (주)코오롱인더스트리, (주)화성인더스트리, (주)효성","중국, 인도",AD관세 부과,2012-05-25,,5.87~25.32%,3년,'(주)화성인더스트리' as printed (elsewhere 화승인더스트리),00000012,구제 23-2011-2,"중국, 인도산 PET필름의 덤핑방지 관세 부과 종료재심사",1.3
121,308,2011-10-21,파티클보드,,(사)한국합판보드협회,"태국, 말련",신청철회,2012-04-12,,,,Out of chronological order (printed between the 2011.4.22 and 2011.7.19 rows); the petition date may be misprinted,00000014,구제 23-2011-5,"태국, 말레이시아산 파티클보드의 덤핑방지관세 부과 종료재심사",1.2
122,308,2011-07-19,폴리에스터장섬유 부분연신사,,"(주)티케이케미칼, 성안합성㈜","대만, 중국",AD관세 부과,2012-07-25,,6.26%,2년,'성안합성' as printed (elsewhere 성안합섬),00000013,구제 23-2011-4,대만 및 중국산 폴리에스터 장섬유 부분연신사의 덤핑방지관세 종료재심사,1.2
123,308,2012-07-27,염화콜린,,"(주)코파벤스페셜, (주)코린화학","미국, 인도, 중국, 캐나다",AD관세 부과,2013-08-22,,22.19~27.32%,3년,,00000016,구제 23-2012-1,"미국, 인도, 중국 및 캐나다산 염화콜린에 대한 덤핑방지관세부과 종료재심사",1.3
124,308,2012-08-22,스테인리스스틸바,,"세아특수강(주), 동일제강(주), 동부특수강(주), 대호피엔씨(주)","일본, 인도, 스페인",AD관세 부과,2013-10-01,,2.76~15.39%,3년,,00000017,구제 23-2012-2,"일본, 인도 및 스페인산 스테인리스스틸바에 대한 덤핑방지조치 종료재심사",1.3
125,308,2012-10-08,합판,,(사)한국합판보드협회,중국,AD관세 부과,2013-10-18,,2.42%~27.21%,3년,,00000018,구제 23-2012-3,중국산 합판의 덤핑사실 및 국내산업피해유무 최종판정,1.3
126,308,2012-11-16,DTY,,"(주)티케이케미칼, 성안합성(주)","중국, 대만, 말레이시아",AD관세 부과,2013-12-20,,2.22~8.69%,3년,'성안합성' as printed (elsewhere 성안합섬),00000020,구제 23-2012-5,"중국, 대만 및 말레이시아산 폴리에스테르 장섬유 연신가공사에 대한 덤핑방지관세부과 종료재심사",1.2
127,308,2012-11-22,OPP 필름,,"삼영화학공업(주), (주)필맥스, (주)화승인더스트리","중국, 태국, 인도네시아",AD관세 부과,2013-12-20,,3.48~25.04%,5년,Petitioner cell ends with a stray comma,00000120,구제 23-2012-4,"중국, 인도네시아 및 태국산 폴리프로필렌 연신필름(OPP필름)에 대한 덤핑사실 및 국내산업피해유무 조사",1.3
128,308,2013-07-31,합판,,"선창산업(주), 이건산업(주), 성창기업(주)",말레이시아,AD관세 부과,2014-09-05,,3.08~38.10%,2년,,00000138,구제 23-2013-1,말레이시아산 합판에 대한 덤핑방지관세부과 종료재심사,1.2
129,309,2013-09-24,두꺼운PET필름,,"코오롱인더스트리(주), 에스케이씨(주), 도레이첨단소재(주)",일본,AD관세 부과,2014-12-30,,5.95%,3년,,00000140,구제 23-2013-2,일본산 두꺼운 PET필름,1.2
130,309,2013-11-13,에탄올아민,,KPX그린케미칼(주),"미국, 태국, 말레이시아, 일본",AD관세 부과,2014-12-30,,4.36~21.79%,3년,,00000139,구제 23-2013-3,"미국, 말레이시아, 태국 및 일본산 에탄올아민의 덤핑사실 및 국내산업피해유무 조사",1.3
131,309,2013-11-22,플로트판유리,,"(주)케이씨씨, 한국유리공업(주)",중국,AD관세 부과,2015-01-07,,12.04~36.08%,3년,,00000137,구제 23-2013-4,중국산 플로트 판유리 덤핑방지조치 종료재심사,1.2
132,309,2013-12-23,공기압전송용밸브,,"(주)TPC메카트로닉스, (주)케이시시정공",일본,AD관세 부과,2015-08-19,,11.66~22.77%,5년,,00000136,구제 23-2013-5,일본산 공기압 전송용 밸브의 덤핑사실 및 국내산업피해유무 조사,1.2
133,309,2014-01-09,도자기질 타일,,"(주)대동산업, (주)대보세라믹스, (주)한보요업, 성일요업(주)",중국,AD관세 부과,2015-02-25,,9.07~29.41%,3년,,00000123,구제 23-2014-2,중국산 도자기질 타일 덤핑방지관세 부과 종료재심사,1.3
134,309,2014-01-09,합판,,꿰이강 동하이,중국,기타,2014-10-27,,4.54%,14.2.28~16.10.17,"신청인 cell: '꿰이강 동하이 (신규공급자조사)' - a new-shipper review; the name is the Chinese exporter, not a domestic petitioner. 조치내용: AD 관세율 개정",00000550,구제 23-2014-1,중국산 합판 신규공급자(꿰이강 웨이추앙)에 대한 별도의 덤핑방지관세율 부과여부 조사,1.3
135,309,2014-01-09,합판,,꿰이강 웨이추앙,중국,기타,2014-10-27,,4.46%,14.2.28~16.10.17,"신청인 cell: '꿰이강 웨이추앙 (신규공급자조사)' - a new-shipper review; the name is the Chinese exporter, not a domestic petitioner. 조치내용: AD 관세율 개정",00000550,구제 23-2014-1,중국산 합판 신규공급자(꿰이강 웨이추앙)에 대한 별도의 덤핑방지관세율 부과여부 조사,1.3
136,309,2014-01-09,합판,,허저 성화,중국,기타,2014-10-27,,17.48%,14.2.28~16.10.17,"신청인 cell: '허저 성화 (신규공급자조사)' - a new-shipper review; the name is the Chinese exporter, not a domestic petitioner. 조치내용: AD 관세율 개정",00000550,구제 23-2014-1,중국산 합판 신규공급자(꿰이강 웨이추앙)에 대한 별도의 덤핑방지관세율 부과여부 조사,1.3
137,309,2014-01-24,POY,,"(주)티케이케미칼, 성안합섬(주)","대만, 중국",기타,2014-12-23,,,,조치내용: 부정판정 (negative determination; the book does not say whether injury or dumping),00000124,구제 23-2014-3,대만 및 중국산 폴리에스테르 장섬유 부분연신사 덤핑방지관세부과 종료재심사,1.3
138,309,2014-04-18,POY,,"(주)티케이케미칼, 성안합섬(주)","말레이시아, 태국, 인도",기타,2014-12-23,,,,조치내용: 부정판정 (negative determination; the book does not say whether injury or dumping),00000125,구제 23-2014-4,"말레이시아, 태국 및 인도산 폴리에스테르장섬유부분연신사 덤핑사실 및 국내산업피해조사",1.23
139,309,2014-05-30,H(구조형)형강,,"현대제철(주), 동국제강(주)",중국,AD관세 부과,2015-07-30,,28.23~32.72%,5년,,00000134,구제 23-2014-5,중국산 H형강 반덤핑 조사,1.3
140,309,2014-09-25,초산에틸,,한국알콜산업(주),"중국, 싱가폴, 일본",AD관세 부과,2015-11-19,,4.64~17.76%,3년,,00000135,구제 23-2014-6,"중국, 싱가포르 및 일본산 초산에틸  덤핑방지관세 종료 재심사 조사",1.3
141,309,2014-09-26,초산에틸,,한국알콜산업(주),인도,AD관세 부과,2015-11-19,,8.56~19.84%,3년,,00000133,구제 23-2014-7,인도산 초산에틸에 대한 덤핑사실 및 국내산업피해 유무 조사,1.3
142,309,2014-11-24,PET필름,,"도레이첨단소재(주), 코오롱인더스티리(주), 화승인더스트리(주), (주)효성","중국, 인도",AD관세 부과,2016-01-13,,7.42~12.92%,3년,Petitioners printed one per line without commas; '코오롱인더스티리' as printed,00000142,구제 23-2014-8,중국 및 인도산 PET필름에 대한 덤핑방지조치의 종료재심사,1.2
143,310,2015-01-30,침엽수합판,,한국합판보드협회,중국,AD관세 부과,2016-03-11,,4.22~7.15%,4년,,00000143,구제 23-2015-1,중국산 침엽수 합판에 대한 덤핑사실 및 국내산업피해유무 조사,1.3
144,310,2015-10-06,스테인리스스틸후판,,(주)디케이씨,일본,AD관세 부과,2016-12-06,,13.17%,3년,,00000544,구제 23-2015-2,일본산 스테인리스스틸 후판에 대한 덤핑방지조치의 종료재심사,1.2
145,310,2015-11-18,부틸 글리콜에테르,,롯데케미칼(주),"미국, 프랑스",AD관세 부과,2016-12-06,,20.10~25.00%,,,00000175,구제23 2015-3,미국 및 프랑스산 부틸 글리콜에테르 반덤핑조사(원심),1.1
146,310,2015-12-08,코팅된 루타일형이산화티타늄,,코스모화학(주),중국,신청철회,2016-07-14,,,,조치내용 also: 16.8.17 조사종결 보고,00000543,구제 23-2015-4,중국산 루타일형 이산화티타늄에 대한 덤핑사실 및 국내산업피해 유무 조사,1.3
147,310,2016-03-03,합판,,한국합판보드협회,말레이시아,AD관세 부과,2017-05-08,,3.96~38.1%,,,00000556,구제 23-2016-1,말레이시아산 합판에 대한 덤핑방지관세 부과 종료재심사,1.3
148,310,2016-03-03,합판,,한국합판보드협회,중국,AD관세 부과,2017-05-08,,4.57~27.21%,,,00000557,구제 23-2016-2,중국산 합판에 대한 덤핑방지관세 부과 종료재심사,1.3
149,310,2016-03-29,스테인리스스틸바,,"세아창원특수강(주), 세아특수강(주), 동일제강(주)","일본, 인도, 스페인",AD관세 부과,2017-06-02,,3.56~15.39%,,,00000560,구제 23-2016-3,"일본, 인도 및 스페인산 스테인리스스틸 바에 대한 덤핑방지조치의 종료재심사",1.3
150,310,2016-08-05,인쇄제판용평면모양사진플레이트,,제일씨앤피(주),중국,기타,,,,,조치내용: 조사중 (under investigation when the book went to press),00000559,구제23-2016-4,중국산 옵셋 인쇄판에 대한 덤핑사실 및 국내산업피해 유무 조사,1.2
151,310,2016-11-18,페로실리코망간,,"동부메탈, 심팩메탈, 심팩메탈로이, 태경산업","베트남, 인도, 우크라이나",기타,,,,,조치내용: 조사중 (under investigation when the book went to press),00000619,구제 23-2016-5,"베트남, 우크라이나 및 인도산 페로실리코망간 반덤핑조사",1.2
152,310,2017-02-22,PET 필름,,"코오롱인더스트리(주), 에스케이씨(주), 도레이첨단소재(주), 효성, 화승","대만, 태국, UAE",기타,,,,,조치내용: 조사중 (under investigation when the book went to press),00000621,구제 23-2017-1호,"대만, 태국 및 아랍에미리트연합산 PET 필름",1.2
153,310,2017-06-08,도공(coated)인쇄용지,,"한솔제지(주), 한국제지(주), 홍원제지(주)","중국, 일본, 핀란드",기타,,,,,조치내용: 조사중 (under investigation when the book went to press),00000625,구제 23-2017-2호,"일본, 중국, 핀란드산 도공(Coated) 인쇄용지의 덤핑사실 및 국내산업피해 유무 조사",1.2
154,310,2017-06-26,아연도금철선,,"대아선재, 진흥철강, 한국선재, 한일스틸",중국,기타,,,,,조치내용: 조사중 (under investigation when the book went to press),00000626,구제 23-2017-3호,중국산 아연도금철선에 대한 덤핑사실 및 국내산업피해유무 조사,1.2
155,310,2017-06-28,에탄올아민,,KPX그린케미칼(주),"미국, 말련, 태국, 일본",기타,,,,,조치내용: 조사중 (under investigation when the book went to press),00000624,구제 23-2017-4,"미국, 말레이시아, 태국 및 일본산 에탄올아민 덤핑방지관세부과 종료재심사",1.2
156,310,2017-06-29,두꺼운 PET 필름,,코오롱인더스트리(주),일본,기타,,,,,조치내용: 조사중 (under investigation when the book went to press),00000629,구제 23-2017-5호,일본산 두꺼운 폴리에틸렌 테레프탈레이트(PET) 필름,1.1
