measure_id,decree_title,effective_date,measure_countries,master_id,ktc_case_no,ktc_title,case_type,ktc_countries,initiation_date,final_date,goods_score,gap_months,anchor,confidence
M001,관세법제10조의규정에의한폴리아세탈수지에대한덤핑방지관세의부과에관한규정,1991-09-30,,00000183,대무 40-6-90-2,폴리아세탈수지 덤핑수입으로 인한 산업피해조사,원심,"일본,미국",1990-08-25,1991-04-24,1.0,5.2,최종판정일,높음
M002,관세법제10조의규정에의한정제인산에대한덤핑방지관세의부과에관한규정,1993-02-20,,00000185,대무 40-6-92-2,중국산 정제인산 덤핑 수입으로 인한 산업피해조사,원심,중국,1992-08-06,1993-01-28,1.0,0.7,최종판정일,높음
M003,관세법제10조의규정에의한볼베어링에대한덤핑방지관세의부과에관한규정,1993-04-01,,00000186,대무 40-6-92-3,VTR헤드 드럼용 볼 베어링,원심,타이,1992-08-06,1993-01-28,1.0,2.1,최종판정일,높음
M004,관세법제10조의규정에의한소다회에대한덤핑방지관세의부과에관한규정,1993-12-31,,00000187,대무 40-6-93-1,중국으로부터의 소다회 덤핑수입으로 인한 산업피해조사,원심,중국,1993-02-26,1993-11-17,1.0,1.5,최종판정일,높음
M005,관세법제10조의규정에의한인쇄제판용평면상사진플레이트에대한덤핑방지관세의부과에관한규정,1993-12-31,,00000188,,PS 인쇄판 덤핑수입으로 인한 산업피해조사,원심,"일본,대만",1993-04-09,1993-11-08,1.0,1.8,최종판정일,높음
M006,관세법제10조의규정에의한유리장섬유에대한덤핑방지관세부과에관한규칙,1994-08-09,,00000189,대무 40-6-93-3,"미국, 일본 및 대만산 유리장섬유 덤핑수입으로 인한 산업피해조사",원심,"일본,대만,미국",1993-09-07,1994-04-12,1.0,3.9,최종판정일,높음
M007,관세법제10조의규정에의한중국산정제인산에대한덤핑방지관세의부과에관한규칙,1996-02-29,중국,00000194,,정제인산 덤핑수입으로 인한 산업피해 조사,재심(종류 미상),중국,1995-09-07,1996-02-29,1.0,0.0,최종판정일,높음
M008,관세법제10조의규정에의한미국산에탄올아민에대한덤핑방지관세부과에관한규칙,1996-10-31,미국,00000196,대무 40-6-96-1,미국산 에탄올아민 덤핑수입으로 인한 산업피해조사,원심,미국,1996-01-26,1996-09-04,1.0,1.9,최종판정일,높음
M009,관세법제10조의규정에의한미국및중국산염화콜린에대한덤핑방지관세부과에관한규칙,1996-12-03,미국및중국,00000199,대무 40-6-96-3,미국 및 중국산 염화코린 덤핑수입으로 인한 국내산업피해조사,원심,"중국,미국",1996-03-29,1996-10-09,1.0,1.8,최종판정일,높음
M010,관세법제10조의규정에의한인쇄제판용평면상사진플레이트에대한덤핑방지관세부과에관한규칙,1996-12-03,,00000200,대무-XXXX,일본산 인쇄제판용 평면상 사진플레이트(PS인쇄판) 덤핑관세부과 재심사,재심(종류 미상),일본,1996-04-30,1996-10-09,1.0,1.8,최종판정일,높음
M011,관세법제10조의규정에의한일본산및미국산리튬1차전지에대한덤핑방지관세부과에관한규칙,1996-12-19,일본,00000197,대무 40-6-96-2,"일본, 미국산 리튬1차전지의 덤핑수입으로 인한 산업피해조사",원심,"일본,미국",1996-02-29,1996-10-23,0.9,1.9,최종판정일,높음
M012,관세법제10조의규정에의한불가리아산및러시아산소다회에대한덤핑방지관세부과에관한규칙,1997-05-17,불가리아,00000204,대무 40-6-96-8,불가리아 및 러시아산 소다회의 덤핑수입으로 인한 국내산업피해조사,원심,"불가리아,러시아",1996-09-04,1997-04-03,0.9,1.5,최종판정일,높음
M013,관세법제10조의규정에의한일본산·독일산·네덜란드산및중국산남성용전기면도기에대한덤핑방지관세부과에관한규칙,1997-05-17,일본,00000201,대무 40-6-96-4,"일본, 독일, 네덜란드 및 중국산 전기면도기의 덤핑수입으로 인한 국내산업피해 조사",원심,"중국,독일,일본,네덜란드",1996-07-09,1997-03-14,0.9,2.1,최종판정일,높음
M014,관세법제10조의규정에의한중국산소다회에대한덤핑방지관세부과에관한규칙,1997-05-17,중국,00000202,대무 40-6-96-8,중국산 소다회의 덤핑방지관세부과 및 약속 재심사,재심(종류 미상),중국,1996-07-29,1997-04-19,1.0,0.9,최종판정일,높음
M015,관세법제10조의규정에의한러시아산H형강에대한덤핑방지관세부과에관한규칙,1997-08-02,러시아,00000205,대무 40-6-96-9,러시아산 H형강 덤핑수입으로 인한 국내산업피해유무 조사,원심,러시아,1996-11-14,1997-06-12,1.0,1.7,최종판정일,높음
M016,관세법제10조의규정에의한중국산포켓형라이터에대한덤핑방지관세부과에관한규칙,1997-11-08,중국,00000207,대무 40-6-97-2,중국산 일회용 포켓형 라이터 덤핑수입으로 인한 국내산업피해유무 조사,원심,중국,1997-03-10,1997-09-26,0.9,1.4,최종판정일,높음
M017,관세법제10조의규정에의한말레이지아산중질섬유판에대한덤핑방지관세부과에관한규칙,1998-01-17,말레이지아,00000210,대무 35-6-97-5,말레이시아 및 미국산 중질섬유판 덤핑수입으로 인한 국내산업피해 조사,원심,"말레이시아,미국",1997-04-30,1997-12-05,1.0,1.4,최종판정일,높음
M018,관세법제10조의규정에의한독일산및영국산셀프복사지에대한덤핑방지관세부과에관한규칙,1998-03-10,독일,00000211,대무 35-6-97-6,독일 및 영국산 셀프복사지의 덤핑수입으로 인한 국내산업피해유무 조사,원심,"영국,독일",1997-06-12,1998-02-10,0.9,1.0,최종판정일,높음
M019,관세법제10조의규정에의한싱가폴·중국및프랑스산가정용전기다리미에대한덤핑방지관세부과에관한규칙,1998-08-06,싱가폴·중국및프랑스,00000213,대무 35-6-97-8,"싱가포르, 중국 및 프랑스산 가정용 전기다리미 덤핑수입으로 인한 산업피해유무 조사",원심,"중국,프랑스,싱가포르",1997-10-15,1998-06-17,0.9,1.6,최종판정일,높음
M020,관세법제10조의규정에의한일본산폴리비닐알콜에대한덤핑방지관세부과에관한규칙,1998-08-20,일본,00000215,대무 35-6-97-10,폴리비닐알코올 덤핑수입으로 인한 국내 산업피해 조사,원심,일본,1997-11-07,1998-07-02,1.0,1.6,최종판정일,높음
M021,관세법제10조의규정에의한중국산페로실리코망간에대한덤핑방지관세부과에관한규칙,1998-08-24,중국,00000214,대무 35-6-97-9,중국산 페로실리코망간 덤핑수입으로 인한 국내 산업피해 조사,원심,중국,1997-11-07,1998-07-02,1.0,1.7,최종판정일,높음
M022,관세법제10조의규정에의한일본산인쇄제판용평면상사진플레이트에대한덤핑방지관세부과에관한규칙,1999-01-07,일본,00000218,대무 35-6-98-1,일본산 인쇄제판용 평면상 사진플레이트(PS인쇄판) 덤핑수입으로 인한 국내산업피해 조사,재심(종류 미상),일본,1998-06-10,1998-11-13,1.0,1.8,최종판정일,높음
M023,관세법제10조의규정에의한미국·일본및대만산유리장섬유에대한덤핑방지관세부과에관한규칙,1999-06-21,미국·일본및대만,00000220,대무 35-6-98-4,"미국, 일본 및 대만산 유리장섬유 덤핑방지관세부과 재심사",재심(종류 미상),"일본,대만,미국",1998-10-12,1999-04-21,1.0,2.0,최종판정일,높음
M024,관세법제10조의규정에의한중국및일본산알칼리망간건전지에대한덤핑방지관세부과에관한규칙,2000-10-12,중국및일본,00000225,대무 35-6-99-5,"싱가포르, 중국, 일본 및 미국산 알칼리망간건전지의 덤핑수입으로 인한 국내산업피해유무 조사",원심,"중국,일본,싱가포르,미국",1999-11-10,2000-09-15,1.0,0.9,최종판정일,높음
M025,관세법제10조의규정에의한중국산소다회에대한덤핑방지관세부과에관한규칙,2000-12-04,중국,00000226,대무 35-6-99-6,중국산 소다회 덤핑방지관세부과 및 가격약속 재심사,재심(종류 미상),중국,1999-12-08,2000-10-16,1.0,1.6,최종판정일,높음
M026,관세법제51조의규정에의한독일산셀프복사지에대한덤핑방지관세부과에관한규칙,2001-08-21,독일,00000231,대무 35-6-2000-5,독일산 셀프복사지 덤핑수입으로 인한 국내산업피해유무 조사,재심(종류 미상),독일,2000-10-11,2001-08-13,1.0,0.3,최종판정일,높음
M027,관세법제51조의규정에의한대만산시디알에대한덤핑방지관세부과에관한규칙,2002-05-21,대만,00000235,구제 23-2001-1,대만산 CD-R의 덤핑수입으로 인한 국내산업피해유무 조사,원심,대만,2001-07-18,2002-04-25,0.86,0.9,최종판정일,높음
M028,관세법제51조의규정에의한러시아산에이치형강에대한덤핑방지관세부과에관한규칙,2002-07-03,러시아,00000239,구제 23-2001-5,러시아산 H형강 덤핑방지관세부과 및 가격약속 재심사,재심(종류 미상),러시아,2001-11-27,2002-05-30,1.0,1.1,최종판정일,높음
M029,관세법제51조의규정에의한중국산포켓형라이타에대한덤핑방지관세부과에관한규칙,2003-05-23,중국,00000244,구제 23-2002-4,중국산 일회용포켓형라이타의 덤핑방지관세부과 종료시 덤핑수입 및 국내산업 피해의 지속 또는 재발가능성 조사,재심(종류 미상),중국,2002-06-20,2003-04-23,0.9,1.0,최종판정일,높음
M030,관세법제51조의규정에의한일본산수화알루미늄에대한덤핑방지관세부과에관한규칙,2003-07-18,일본,00000245,구제 23-2002-5,일본산 수산화알루미늄의 덤핑수입사실 및 국내산업피해유무 조사,원심,일본,2002-08-22,2003-06-11,0.92,1.2,최종판정일,높음
M031,관세법제51조의규정에의한인도네시아산일회용포켓형라이타에대한덤핑방지관세부과에관한규칙,2003-09-09,인도네시아,00000247,구제 23-2002-7,베트남 및 인도네시아산 일회용포켓형라이타의 덤핑수입사실 및 국내산업피해유무 조사,원심,"인도네시아,베트남",2002-10-10,2003-07-23,0.9,1.5,최종판정일,높음
M032,관세법제51조의규정에의한인도네시아·중국산정보용지및백상지에대한덤핑방지관세부과에관한규칙,2003-11-07,인도네시아·중국,00000248,구제 23-2002-8,"인도네시아, 중국산 정보용지 및 백상지의 덤핑수입사실 및 국내산업피해유무 조사",원심,"중국,인도네시아",2002-11-14,2003-09-24,1.0,1.4,최종판정일,높음
M033,관세법제51조의규정에의한싱가폴·중국및일본산알칼리망간건전지에대한덤핑방지관세부과에관한규칙,2003-12-03,싱가폴·중국및일본,00000251,구제 23-2002-11,"싱가포르, 중국 및 일본산 알칼리망간건전지의 덤핑방지관세부과 및 가격약속 종료시 덤핑수입 및 국내산업피해의 지속 또는 재발 유무에 대한 조사",재심(종류 미상),"중국,일본,싱가포르",2002-12-05,2003-10-11,0.9,1.7,최종판정일,높음
M034,관세법제51조의규정에의한일본산폴리비닐알콜에대한덤핑방지관세부과에관한규칙,2003-12-03,일본,00000250,구제 23-2002-10,일본산 폴리비닐알콜 덤핑방지관세부과 종료시 덤핑수입 및 국내산업피해의 지속 또는 재발 유무에 대한 조사,재심(종류 미상),일본,2002-11-14,2003-10-11,1.0,1.7,최종판정일,높음
M035,관세법제51조의규정에의한중국산페로실리코망간에대한덤핑방지관세부과에관한규칙,2003-12-03,중국,00000249,구제 23-2002-9,중국산 페로실리코망간 덤핑방지관세부과 및 가격약속종료시 덤핑수입 및 국내산업 피해의 지속 또는 재발 유무에 대한 조사,재심(종류 미상),중국,2002-11-14,2003-10-11,1.0,1.7,최종판정일,높음
M036,관세법제51조의규정에의한중국산차아황산소다에대한덤핑방지관세부과에관한규칙,2004-06-23,중국,00000255,구제 23-2003-5,중국산 차아황산소다의 덤핑수입사실 및 국내산업피해유무 조사,원심,중국,2003-07-23,2004-05-12,1.0,1.4,최종판정일,높음
M037,관세법제51조의규정에의한일본·인도및스페인산스테인레스스틸바에대한덤핑방지관세부과에관한규칙,2004-07-30,일본·인도및스페인,00000253,"구제 23-2003-1, 4","일본, 인도 및  스페인산 스테인레스스틸바의 덤핑수입사실 및 국내산업피해유무 조사",원심,"스페인,인도,일본",2003-06-25,2004-05-19,1.0,2.4,최종판정일,높음
M038,관세법제51조의규정에의한일본및미국산리튬1차전지에대한덤핑방지관세부과에관한규칙,2004-07-30,일본및미국,00000257,구제 23-2003-7,"일본, 미국산 리튬1차전지 덤핑수입사실 및 국내산업피해유무 조사",원심,"일본,미국",2003-09-03,2004-06-30,1.0,1.0,최종판정일,높음
M039,관세법제51조의규정에의한미국·인도·중국및캐나다산염화콜린에대한덤핑방지관세부과에관한규칙,2004-10-20,미국·인도·중국및캐나다,00000258,구제 23-2003-8,"미국, 인도, 중국 및 캐나다산 염화콜린의 덤핑수입사실 및 국내산업피해유무 조사",원심,"캐나다,중국,인도,미국",2003-12-03,2004-09-22,1.0,0.9,최종판정일,높음
M040,관세법 제51조의 규정에 의한 중국산 아나타제형 이산화티타늄에 대한 덤핑방지관세의 부과에 관한 규칙,2005-03-02,중국,00000259,구제 23-2004-1,중국산 아나타제형 이산화티타늄 덤핑수입사실 및 국내산업피해유무 조사,원심,중국,2004-04-21,2005-01-26,1.0,1.2,최종판정일,높음
M041,관세법 제51조의 규정에 의한 일본산 염화비닐중합체우판(PVC Plate)에 대한 덤핑방지관세의 부과에 관한 규칙,2005-04-20,일본,00000260,구제 23-2004-2,일본산  PVC Plate 덤핑수입사실 및 국내산업피해유무 조사,원심,일본,2004-05-19,2005-03-16,1.0,1.1,최종판정일,높음
M042,관세법 제51조의 규정에 따른 일본산 6축 수직다관절형 산업용 로봇에 대한 덤핑방지관세의 부과에 관한 규칙,2005-09-16,일본,00000262,구제 23-2004-4,일본산 6축 수직다관절형 산업용 로보트의 덤핑수입사실 및 국내산업피해유무 조사,원심,일본,2004-09-22,2005-07-20,0.9,1.9,최종판정일,높음
M043,관세법 제51조에 따른 중국산 도자기질 타일에 대한 덤핑방지관세의 부과에 관한 규칙,2006-05-30,중국,00000264,구제 23-2005-1,중국산 도자기질 타일 덤핑수입사실 및 국내산업피해유무 조사,재심(종류 미상),중국,2005-06-22,2006-04-17,1.0,1.4,최종판정일,높음
M044,관세법 제51조에 따른 중국·대만 및 말레이시아산 폴리에스테르 장섬유 연신가공사에 대한 덤핑방지관세의 부과에 관한 규칙,2006-10-20,중국·대만및말레이시아,00000266,구제 23-2005-3,"대만, 말레이시아, 중국산 폴리에스테르 장섬유 연신가공사의 덤핑수입사실 및 국내산업피해유무 조사",원심,"중국,말레이시아,대만",2005-11-11,2006-09-18,1.0,1.1,최종판정일,높음
M045,관세법 제51조에 따른 일본산 자동가이드홀펀칭기에 대한 덤핑방지관세의 부과에 관한 규칙,2006-11-23,일본,00000267,구제 23-2005-4,일본산 자동가이드홀펀칭기에 대한 덤핑수입사실 및 국내산업피해유무 조사,원심,일본,2006-02-10,2006-10-23,1.0,1.0,최종판정일,높음
M046,관세법 제51조에 따른 중국·싱가포르 및 미국산 폴리비닐알코올에 대한 덤핑방지관세의 부과에 관한 규칙,2006-12-12,중국·싱가포르및미국,00000268,구제 23-2006-1,"미국, 중국, 싱가폰산 폴리비닐알콜의 덤핑수입사실 및 국내산업피해유무 조사",원심,"중국,싱가포르,미국",2006-02-10,2006-11-20,1.0,0.7,최종판정일,높음
M047,관세법 제51조에 따른 인도네시아 및 중국산 백상지에 대한 덤핑방지관세 부과에 관한 규칙,2007-06-01,인도네시아및중국,00000269,구제 23-2006-2,"인도네시아, 중국산 백상지에 대한 덤핑방지관세부과 종료시 덤핑수입 및 국내산업피해의 지속 또는 재발가능성 조사",재심(종류 미상),"중국,인도네시아",2006-06-26,2007-04-23,0.9,1.3,최종판정일,높음
M048,관세법 제51조에 따른 중국산 차아황산소다에 대한 덤핑방지관세부과에 관한 규칙,2008-01-31,중국,00000273,구제 23-2006-7,중국산 치아황산소다 덤핑방지관세부과 종료재심사,종료재심사,중국,2007-01-22,2007-12-28,1.0,1.1,최종판정일,높음
M049,관세법 제51조에 따른 중국산 플로트판유리에 대한 덤핑방지관세 부과에 관한 규칙,2008-04-17,중국,00000274,구제 23-2007-1,중국산 플로트 판유리의 덤핑수입사실 및 국내산업피해유무 조사,원심,중국,2007-04-23,2008-02-27,1.0,1.7,최종판정일,높음
M050,관세법 제51조에 따른 중국산 과산화벤조일에 대한 덤핑방지관세 부과에 관한 규칙,2008-05-16,중국,00000275,구제 23-2007-2,중국산 과산화벤조일의 덤핑수입사실 및 국내산업피해유무 조사,원심,중국,2007-05-17,2008-03-26,1.0,1.7,최종판정일,높음
M051,관세법 제51조에 따른 중국·일본 및 싱가포르산 초산에틸에 대한 덤핑방지관세 부과에 관한 규칙,2008-08-25,중국·일본및싱가포르,00000277,구제 23-2007-3,"중국, 싱가포르 및 일본산 초산에틸의 덤핑수입사실 및 국내산업피해유무 조사",원심,"중국,일본,싱가포르",2007-09-17,2008-06-25,1.0,2.0,최종판정일,높음
M052,관세법 제51조에 따른 중국산 아나타제형 이산화티타늄에 대한 덤핑방지관세 부과에 관한 규칙,2008-08-25,중국,00000278,구제 23-2007-6,중국산 아나타제형 이산화티타늄의 덤핑방지관세부과 종료재심사,종료재심사,중국,2007-10-24,2008-06-25,0.9,2.0,최종판정일,높음
M053,러시아·미국·인도네시아·중국 및 캐나다산 크라프트지에 대한 덤핑방지관세 부과에 관한 규칙,2008-10-27,러시아·미국·인도네시아·중국및캐나다,00000280,구제 23-2007-7,"인도네시아,캐나다,미국,중국산 크라프트지의 덤핑수입사실 및 국내산업피해유무",원심,"캐나다,중국,인도네시아,러시아,미국",2007-10-24,2008-08-27,1.0,2.0,최종판정일,높음
M054,중국 및 인도산 폴리에틸렌 테레프탈레이트(PET) 필름에 대한 덤핑방지관세의 부과에 관한 규칙,2008-10-27,중국및인도,00000279,구제 23-2007-5,"중국, 인도산 PET필름의 덤핑수입사실 및 국내산업피해유무 조사",원심,"중국,인도",2007-10-24,2008-08-27,1.0,2.0,최종판정일,높음
M055,대만 및 중국산 폴리에스터 장섬유 부분연신사에 대한 덤핑방지관세의 부과에 관한 규칙,2009-01-21,대만및중국,00000281,구제 23-2007-8,대만 중국산 폴리에스터 장섬유부분연신사의 덤핑수입사실 및 국내산업피해유무 조사,원심,"중국,대만",2007-01-25,2008-11-26,1.0,1.8,최종판정일,높음
M056,태국 및 말레이시아산 파티클보드에 대한 덤핑방지관세의 부과에 관한 규칙,2009-04-24,태국및말레이시아,00000282,구제 23-2008-1,타이 및 말레이시아산 파티클보드의 덤핑수입사실 및 국내산업피해유무,원심,"말레이시아,타이",2008-04-23,2009-02-25,1.0,2.0,최종판정일,높음
M057,미국ㆍ인도ㆍ중국 및 캐나다산 염화콜린에 대한 덤핑방지관세 부과에 관한 규칙,2010-01-29,미국·인도·중국및캐나다,00000001,구제 23-2009-5,미국. 인도. 중국. 캐나다산 염화콜린의 덤핑방지관세 종료재심사,종료재심사,"캐나다,중국,인도,미국",2009-05-27,2009-11-25,1.0,2.1,최종판정일,높음
M058,일본ㆍ인도 및 스페인산 스테인리스 스틸바에 대한 덤핑방지관세 부과에 관한 규칙,2010-02-24,일본·인도및스페인,00000000,구제 23-2009-1,일본.인도.스페인산 스테인레스스틸바 덤핑방지관세 및 약속의 종료재심사,종료재심사,"스페인,인도,일본",2009-03-25,2009-12-23,1.0,2.0,최종판정일,높음
M059,중국·대만 및 말레이시아산 폴리에스테르 장섬유 연신가공사에 대한 덤핑방지관세 부과에 관한 규칙,2010-05-18,중국·대만및말레이시아,00000002,구제 23-2009-6,"중국, 대만, 말레이시아산 폴리에스테르 장섬유 연신가공사의 덤핑방지관세 종료재심사",종료재심사,"중국,말레이시아,대만",2009-05-27,,1.0,11.7,조사개시일,높음
M060,중국산 차아황산소다에 대한 덤핑방지관세 부과에 관한 규칙,2010-08-06,중국,00000003,구제 23-2009-7,중국산 차아황산소다의 덤핑방지관세 종료재심사,종료재심사,중국,2009-08-26,,1.0,11.3,조사개시일,높음
M061,말레이시아산 합판에 대한 덤핑방지관세 부과에 관한 규칙,2011-02-01,말레이시아,00000006,구제 23-2010-1,말레이시아산 합판의 덤핑수입사실 및 국내산업피해유무,원심,말레이시아,2010-02-01,2010-12-15,1.0,1.5,최종판정일,높음
M062,일본산 스테인리스스틸 후판에 대한 덤핑방지관세 부과에 관한 규칙,2011-04-21,일본,00000007,구제 23-2010-2,일본산 스테인리스스틸 후판의 덤핑수입사실 및 국내 피해유무,원심,일본,2010-04-28,2011-02-23,1.0,1.9,최종판정일,높음
M063,중국산 플로트판유리에 대한 덤핑방지관세 부과에 관한 규칙,2011-05-24,중국,00000008,구제 23-2010-3,중국산 플로트 판유리의 덤핑방지관세 종료재심사,종료재심사,중국,2010-05-26,2011-03-23,1.0,2.0,최종판정일,높음
M064,중국산 도자기질 타일에 대한 덤핑방지관세 부과에 관한 규칙,2011-07-20,중국,00000009,구제 23-2010-4,중국산 도자기질 타일의 덤핑방지관세 종료재심사,종료재심사,중국,2010-07-14,2011-05-25,1.0,1.8,최종판정일,높음
M065,중국ㆍ일본 및 싱가포르산 초산에틸에 대한 덤핑방지관세 부과에 관한 규칙,2012-03-27,중국·일본및싱가포르,00000011,구제 23-2011-1,"중국, 싱가포르 및 일본산 초산에틸의 덤핑방지관세 부과 종료재심사",종료재심사,"중국,일본,싱가포르",2011-03-23,2012-01-18,1.0,2.3,최종판정일,높음
M066,러시아ㆍ미국ㆍ인도네시아ㆍ중국 및 캐나다산 크라프트지에 대한 덤핑방지관세 부과에 관한 규칙,2012-04-10,러시아·미국·인도네시아·중국및캐나다,00000118,구제 23-2011-3,"러시아, 미국, 인도네시아, 중국 및 캐나다산 크라프트지의 덤핑방지관세 종료재심사",종료재심사,"캐나다,중국,인도네시아,러시아,미국",2011-05-25,2012-02-22,1.0,1.6,최종판정일,높음
M067,중국 및 인도산 폴리에틸렌 테레프탈레이트(PET) 필름에 대한 덤핑방지관세 부과에 관한 규칙,2012-05-25,중국및인도,00000012,구제 23-2011-2,"중국, 인도산 PET필름의 덤핑방지 관세 부과 종료재심사",종료재심사,"중국,인도",2011-05-25,2012-03-28,1.0,1.9,최종판정일,높음
M068,대만 및 중국산 폴리에스테르 장섬유 부분연신사에 대한 덤핑방지관세 부과에 관한 규칙,2012-07-25,대만및중국,00000013,구제 23-2011-4,대만 및 중국산 폴리에스터 장섬유 부분연신사의 덤핑방지관세 종료재심사,종료재심사,"중국,대만",2011-08-24,2012-05-23,1.0,2.1,최종판정일,높음
M069,일본산 알루미늄 보틀캔에 대한 덤핑방지관세 부과에 관한 규칙,2013-01-03,일본,00000119,구제 23-2011-4,일본산 알루미늄 보틀캔의 덤핑수입사실 및 국내산업피해유무 조사,원심,일본,2012-01-18,2012-10-31,1.0,2.1,최종판정일,높음
M070,미국ㆍ인도ㆍ중국 및 캐나다산 염화콜린에 대한 덤핑방지관세 부과에 관한 규칙,2013-08-22,미국·인도·중국및캐나다,00000016,구제 23-2012-1,"미국, 인도, 중국 및 캐나다산 염화콜린에 대한 덤핑방지관세부과 종료재심사",종료재심사,"캐나다,중국,인도,미국",2012-08-31,2013-05-22,1.0,3.0,최종판정일,높음
M071,일본ㆍ인도 및 스페인산 스테인리스 스틸바에 대한 덤핑방지관세 부과에 관한 규칙,2013-10-01,일본·인도및스페인,00000017,구제 23-2012-2,"일본, 인도 및 스페인산 스테인리스스틸바에 대한 덤핑방지조치 종료재심사",종료재심사,"스페인,인도,일본",2012-09-20,2013-07-24,1.0,2.2,최종판정일,높음
M072,중국산 합판에 대한 덤핑방지관세 부과에 관한 규칙,2013-10-18,중국,00000018,구제 23-2012-3,중국산 합판의 덤핑사실 및 국내산업피해유무 최종판정,원심,중국,2012-11-05,2013-08-21,1.0,1.9,최종판정일,높음
M073,중국ㆍ대만 및 말레이시아산 폴리에스테르 장섬유 연신가공사에 대한 덤핑방지관세 부과에 관한 규칙,2013-12-20,중국·대만및말레이시아,00000020,구제 23-2012-5,"중국, 대만 및 말레이시아산 폴리에스테르 장섬유 연신가공사에 대한 덤핑방지관세부과 종료재심사",종료재심사,"중국,말레이시아,대만",2012-12-12,2013-09-13,0.9,3.2,최종판정일,높음
M074,중국ㆍ인도네시아 및 태국산 폴리프로필렌 연신필름에 대한 덤핑방지관세 부과에 관한 규칙,2013-12-20,중국·인도네시아및태국,00000120,구제 23-2012-4,"중국, 인도네시아 및 태국산 폴리프로필렌 연신필름(OPP필름)에 대한 덤핑사실 및 국내산업피해유무 조사",원심,"중국,인도네시아,타이",2012-12-31,2013-10-29,0.9,1.7,최종판정일,높음
M075,말레이시아산 합판에 대한 덤핑방지관세 부과에 관한 규칙,2014-09-05,말레이시아,00000138,구제 23-2013-1,말레이시아산 합판에 대한 덤핑방지관세부과 종료재심사,종료재심사,말레이시아,2013-09-26,,1.0,11.3,조사개시일,높음
M076,미국ㆍ말레이시아ㆍ태국 및 일본산 에탄올아민에 대한 덤핑방지관세 부과에 관한 규칙,2014-12-30,미국·말레이시아·태국및일본,00000139,구제 23-2013-3,"미국, 말레이시아, 태국 및 일본산 에탄올아민의 덤핑사실 및 국내산업피해유무 조사",원심,"일본,말레이시아,타이,미국",2013-12-23,2014-09-25,1.0,3.2,최종판정일,높음
M077,일본산 두꺼운 폴리에틸렌 테레프탈레이트(PET) 필름에 대한 덤핑방지관세 부과에 관한 규칙,2014-12-30,일본,00000140,구제 23-2013-2,일본산 두꺼운 PET필름,원심,일본,2013-12-02,2014-09-05,0.9,3.8,최종판정일,높음
M078,중국산 플로트판유리에 대한 덤핑방지관세 부과에 관한 규칙,2015-01-07,중국,00000137,구제 23-2013-4,중국산 플로트 판유리 덤핑방지조치 종료재심사,종료재심사,중국,2013-12-23,2014-08-28,1.0,4.3,최종판정일,높음
M079,중국산 도자기질 타일에 대한 덤핑방지관세 부과에 관한 규칙,2015-02-25,중국,00000123,구제 23-2014-2,중국산 도자기질 타일 덤핑방지관세 부과 종료재심사,종료재심사,중국,2014-02-28,2014-12-23,1.0,2.1,최종판정일,높음
M080,중국산 에이치(H) 형강에 대한 덤핑방지관세의 부과에 관한 규칙,2015-07-30,중국,00000134,구제 23-2014-5,중국산 H형강 반덤핑 조사,원심,중국,2014-07-24,2015-05-28,1.0,2.1,최종판정일,높음
M081,일본산 공기압 전송용 밸브에 대한 덤핑방지관세의 부과에 관한 규칙,2015-08-19,일본,00000136,구제 23-2013-5,일본산 공기압 전송용 밸브의 덤핑사실 및 국내산업피해유무 조사,원심,일본,2014-02-21,2015-01-20,1.0,7.0,최종판정일,중간
M082,인도산 초산에틸에 대한 덤핑방지관세의 부과에 관한 규칙,2015-11-19,인도,00000133,구제 23-2014-7,인도산 초산에틸에 대한 덤핑사실 및 국내산업피해 유무 조사,원심,인도,2014-11-20,2015-08-27,1.0,2.7,최종판정일,높음
M083,중국ㆍ일본 및 싱가포르산 초산에틸에 대한 덤핑방지관세의 부과에 관한 규칙,2015-11-19,중국·일본및싱가포르,00000135,구제 23-2014-6,"중국, 싱가포르 및 일본산 초산에틸  덤핑방지관세 종료 재심사 조사",종료재심사,"중국,일본,싱가포르",2014-11-10,2015-08-27,1.0,2.7,최종판정일,높음
M084,중국 및 인도산 폴리에틸렌 테레프탈레이트(PET) 필름에 대한 덤핑방지관세의 부과에 관한 규칙,2016-01-13,중국및인도,00000142,구제 23-2014-8,중국 및 인도산 PET필름에 대한 덤핑방지조치의 종료재심사,종료재심사,"중국,인도",2015-01-15,2015-09-24,0.9,3.6,최종판정일,높음
M085,중국산 침엽수 합판에 대한 덤핑방지관세의 부과에 관한 규칙,2016-03-11,중국,00000143,구제 23-2015-1,중국산 침엽수 합판에 대한 덤핑사실 및 국내산업피해유무 조사,원심,중국,2015-03-13,2015-12-21,1.0,2.7,최종판정일,높음
M086,미국 및 프랑스산 부틸글리콜에테르에 대한 덤핑방지관세의 부과에 관한 규칙,2016-12-06,미국및프랑스,00000175,구제23 2015-3,미국 및 프랑스산 부틸 글리콜에테르 반덤핑조사(원심),원심,"프랑스,미국",2015-12-22,2016-07-28,0.9,4.3,최종판정일,높음
M087,일본산 스테인리스스틸 후판에 대한 덤핑방지관세의 부과에 관한 규칙,2016-12-06,일본,00000544,구제 23-2015-2,일본산 스테인리스스틸 후판에 대한 덤핑방지조치의 종료재심사,종료재심사,일본,2015-12-11,2016-06-24,1.0,5.4,최종판정일,높음
M088,말레이시아산 합판에 대한 덤핑방지관세 부과에 관한 규칙,2017-05-08,말레이시아,00000556,구제 23-2016-1,말레이시아산 합판에 대한 덤핑방지관세 부과 종료재심사,종료재심사,말레이시아,2016-05-10,2017-02-17,1.0,2.7,최종판정일,높음
M089,중국산 합판에 대한 덤핑방지관세 부과에 관한 규칙,2017-05-08,중국,00000557,구제 23-2016-2,중국산 합판에 대한 덤핑방지관세 부과 종료재심사,종료재심사,중국,2016-05-10,2017-02-17,1.0,2.7,최종판정일,높음
M090,일본ㆍ인도 및 스페인산 스테인리스 스틸바에 대한 덤핑방지관세 부과에 관한 규칙,2017-06-02,일본·인도및스페인,00000560,구제 23-2016-3,"일본, 인도 및 스페인산 스테인리스스틸 바에 대한 덤핑방지조치의 종료재심사",종료재심사,"스페인,인도,일본",2016-06-03,2017-03-17,1.0,2.5,최종판정일,높음
M091,중국산 인쇄제판용 평면 모양 사진플레이트에 대한 덤핑방지관세 부과에 관한 규칙,2017-09-07,중국,00000559,구제23-2016-4,중국산 옵셋 인쇄판에 대한 덤핑사실 및 국내산업피해 유무 조사,원심,중국,2016-09-08,2017-05-19,1.0,3.6,최종판정일,높음
M092,베트남ㆍ우크라이나 및 인도산 페로실리코망간에 대한 덤핑방지관세 부과에 관한 규칙,2017-11-29,베트남·우크라이나및인도,00000619,구제 23-2016-5,"베트남, 우크라이나 및 인도산 페로실리코망간 반덤핑조사",원심,"인도,우크라이나,베트남",2016-12-07,2017-09-14,1.0,2.5,최종판정일,높음
M093,대만ㆍ태국 및 아랍에미리트연합산 폴리에틸렌 테레프탈레이트 필름에 대한 덤핑방지관세 부과에 관한 규칙,2018-04-30,대만·태국및아랍에미리트연합,00000621,구제 23-2017-1호,"대만, 태국 및 아랍에미리트연합산 PET 필름",원심,"타이,대만,아랍에미리트연방",2017-04-17,2018-01-18,1.0,3.4,최종판정일,높음
M094,일본ㆍ중국 및 핀란드산 도공(Coated) 인쇄용지에 대한 덤핑방지관세 부과에 관한 규칙,2018-07-22,일본·중국및핀란드,00000625,구제 23-2017-2호,"일본, 중국, 핀란드산 도공(Coated) 인쇄용지의 덤핑사실 및 국내산업피해 유무 조사",원심,"중국,핀란드,일본",2017-07-10,2018-04-26,1.0,2.9,최종판정일,높음
M095,중국산 아연도금철선에 대한 덤핑방지관세 부과에 관한 규칙,2018-08-14,중국,00000626,구제 23-2017-3호,중국산 아연도금철선에 대한 덤핑사실 및 국내산업피해유무 조사,원심,중국,2017-08-01,2018-05-24,1.0,2.7,최종판정일,높음
M096,미국ㆍ말레이시아ㆍ태국 및 일본산 에탄올아민에 대한 덤핑방지관세 부과에 관한 규칙,2018-08-31,미국·말레이시아·태국및일본,00000624,구제 23-2017-4,"미국, 말레이시아, 태국 및 일본산 에탄올아민 덤핑방지관세부과 종료재심사",종료재심사,"일본,말레이시아,타이,미국",2017-09-04,2018-05-24,1.0,3.2,최종판정일,높음
M097,중국산 플로트판유리에 대한 덤핑방지관세 부과에 관한 규칙,2018-08-31,중국,00000630,구제 23-2017-6호,중국산 플로트 판유리에 대한 덤핑방지관세 및 약속의 종료재심사(3차),종료재심사,중국,2017-09-04,2018-04-26,1.0,4.2,최종판정일,높음
M098,중국산 도자기질 타일에 대한 덤핑방지관세 부과에 관한 규칙,2018-10-15,중국,00000627,구제23-2017-07호,중국산 도자기질타일에 대한 덤핑방지관세부과 종료재심사,종료재심사,중국,2017-10-26,2018-07-19,1.0,2.9,최종판정일,높음
M099,대만 및 이탈리아산 스테인리스 스틸바에 대한 덤핑방지관세 부과에 관한 규칙,2019-05-16,대만및이탈리아,00000641,구제 23-2018-1호,대만 및 이탈리아산 스테인리스 스틸바의 덤핑사실 및 국내산업피해 유무 조사,원심,"이탈리아,대만",2018-05-18,2019-02-21,1.0,2.8,최종판정일,높음
M100,인도산 초산에틸에 대한 덤핑방지관세 부과에 관한 규칙,2019-07-09,인도,00000646,구제 23-2018-3호,인도산 초산에틸에 대한 덤핑방지관세부과 종료재심사,종료재심사,인도,2018-07-10,2019-03-21,1.0,3.6,최종판정일,높음
M101,중국ㆍ일본 및 싱가포르산 초산에틸에 대한 덤핑방지관세 부과에 관한 규칙,2019-07-09,중국·일본및싱가포르,00000645,구제 23-2018-2호,"중국, 싱가포르 및 일본산 초산에틸에 대한 덤핑방지관세부과 종료재심사",종료재심사,"중국,일본,싱가포르",2018-07-10,2019-03-21,1.0,3.6,최종판정일,높음
M102,중국ㆍ인도네시아 및 태국산 폴리프로필렌 연신필름에 대한 덤핑방지관세 부과에 관한 규칙,2019-08-23,중국·인도네시아및태국,00000651,구제 23-2018-4호,"중국, 인도네시아 및 태국산 폴리프로필렌 연신(OPP) 필름에 대한 덤핑방지조치 종료재심사",종료재심사,"중국,인도네시아,타이",2018-08-24,2019-05-23,1.0,3.0,최종판정일,높음
M103,중국 및 인도산 폴리에틸렌 테레프탈레이트(PET)필름에 대한 덤핑방지관세 부과에 관한 규칙,2019-09-11,중국및인도,00000652,구제 23-2018-5호,중국 및 인도산 PET(Polyethylene Terephthalate) 필름에 대한 덤핑방지관세부과 종료재심사,종료재심사,"중국,인도",2018-09-12,2019-06-20,0.91,2.7,최종판정일,높음
M104,일본산 스테인리스스틸 후판에 대한 덤핑방지관세 부과에 관한 규칙,2020-07-14,일본,00000660,구제 23-2019-3,일본산 스테인리스스틸 후판에 대한 덤핑방지조치 2차 종료재심사,종료재심사,일본,2019-07-15,2020-03-19,1.0,3.8,최종판정일,높음
M105,말레이시아산 합판에 대한 덤핑방지관세 부과에 관한 규칙,2020-11-06,말레이시아,00000676,구제23-2019-6호,말레이시아산 합판에 대한 덤핑방지관세부과 종료재심사(3차),종료재심사,말레이시아,2019-11-08,,1.0,11.9,조사개시일,높음
M106,베트남산 합판에 대한 덤핑방지관세 부과에 관한 규칙,2020-11-06,베트남,00000678,구제 23-2019-7호,베트남산 합판의 덤핑사실 및 국내산업피해 유무 조사,원심,베트남,2019-12-03,,1.0,11.1,조사개시일,높음
M107,중국산 침엽수 합판에 대한 덤핑방지관세 부과에 관한 규칙,2020-11-06,중국,00000674,구제23-2019-4호,중국산 침엽수합판에 대한 덤핑방지관세부과 종료재심사,종료재심사,중국,2019-11-08,2020-08-20,1.0,2.5,최종판정일,높음
M108,중국산 합판에 대한 덤핑방지관세 부과에 관한 규칙,2020-11-06,중국,00000675,구제23-2019-5호,중국산 합판에 대한 덤핑방지관세부과 종료재심사(2차),종료재심사,중국,2019-11-08,2020-08-20,1.0,2.5,최종판정일,높음
M109,일본ㆍ인도 및 스페인산 스테인리스 스틸바에 대한 덤핑방지관세 부과에 관한 규칙,2021-01-22,일본·인도및스페인,00000702,구제 23-2019-9호,"일본, 인도 및 스페인산 스테인리스스틸바에 대한 덤핑방지조치의 종료재심사(4차)",종료재심사,"일본,인도,스페인",2020-01-23,,1.0,12.0,조사개시일,높음
M110,중국산 에이치(H) 형강에 대한 덤핑방지관세의 부과에 관한 규칙,2021-03-30,중국,00000716,구제23-2020-1호,중국산 H형강 덤핑방지관세 부과 및 가격약속 종료 재심사,종료재심사,중국,2020-04-03,2021-01-21,1.0,2.3,최종판정일,높음
M111,중국산 인쇄제판용 평면 모양 사진플레이트에 대한 덤핑방지관세 부과에 관한 규칙,2021-05-03,중국,00000720,구제 23-2020-2호,중국산 인쇄제판용 평명모양 사진플레이트에 대한 덤핑방지관세 부과,재심(종류 미상),중국,2020-05-04,2021-01-21,1.0,3.4,최종판정일,높음
M112,중국ㆍ인도네시아 및 대만산 스테인리스강 평판압연에 대한 덤핑방지관세 부과에 관한 규칙,2021-09-15,중국·인도네시아및대만,00000726,구제 23-2020-3호,"중국, 인도네시아 및 대만산 스테인리스강 평판압연 제품의 덤핑사실 및 국내산업피해 유무 조사",원심,"중국,인도네시아,대만",2020-09-25,2021-07-22,0.91,1.8,최종판정일,높음
M113,대만ㆍ태국 및 아랍에미리트연합산 폴리에틸렌 테레프탈레이트(PET) 필름에 대한 덤핑방지관세 부과에 관한 규칙,2021-12-24,대만·태국및아랍에미리트연합,00000727,구제 23-2020-4호,"대만, 태국 및 아랍에미리트연합산 PET필름에 대한 덤핑방지관세부과 종료재심사(1)",종료재심사,"대만,타이,아랍에미리트연방",2020-12-24,2021-09-16,1.0,3.3,최종판정일,높음
M114,중국산 폴리에스테르 장섬유 완전연신사(FDY)에 대한 덤핑방지관세 부과에 관한 규칙,2022-01-06,중국,00000728,구제 23-2020-5호,중국산 폴리에스테르 장섬유 완전연신사의 덤핑사실 및 국내산업피해 유무 조사,원심,중국,2021-01-27,,1.0,11.3,조사개시일,높음
M115,중국산 플로트판유리에 대한 덤핑방지관세 부과에 관한 규칙,2022-04-08,중국,00000733,구제 23-2021-2,중국산 플로트 판유리 덤핑방지조치 4차재심,재심(종류 미상),중국,2021-04-23,,1.0,11.5,조사개시일,높음
M116,미국 및 프랑스산 부틸글리콜에테르에 대한 덤핑방지관세 부과에 관한 규칙,2022-07-26,미국및프랑스,00000736,구제 23-2021-4호,미국 및 프랑스산 부틸 글리콜 에테르 덤핑방지관세부과 종료재심사,종료재심사,"미국,프랑스",2021-07-30,,1.0,11.9,조사개시일,높음
M117,사우디아라비아산 부틸글리콜에테르에 대한 덤핑방지관세 부과에 관한 규칙,2022-09-05,사우디아라비아,00000737,구제 23-2021-5호,사우디아라비아산 부틸 글리콜 에테르에 대한 덤핑방지관세 부과,원심,사우디아라비아,2021-08-24,,1.0,12.4,조사개시일,높음
M118,중국산 더블레이어 인쇄제판용 평면 모양 사진플레이트에 대한 덤핑방지관세 부과에 관한 규칙,2022-10-25,중국,00000732,구제 23-2021-1호,중국산 더블레이어 인쇄제판용 평면모양 사진플레이트에 대한 덤핑방지관세 부과,원심,중국,2021-04-26,2022-04-14,0.9,6.4,최종판정일,중간
M119,중국ㆍ태국 및 인도네시아산 폴리아미드 필름에 대한 덤핑방지관세 부과에 관한 규칙,2023-02-27,중국·태국및인도네시아,00000746,구제 23-2022-1호,"중국, 태국 및 인도네시아산 폴리아미드 필름의 덤핑사실 및 국내산업피해 유무 조사",원심,"중국,인도네시아,타이",2022-02-28,,1.0,12.0,조사개시일,높음
M120,중국ㆍ베트남산 이음매 없는 동관에 대한 덤핑방지관세 부과에 관한 규칙,2023-03-02,중국·베트남,00000741,구제 23-2021-6,중국베트남산 이음매 없는 동관의 덤핑사실 및 국내산업피해 유우 조사,원심,"중국,베트남",2021-10-29,,1.0,16.1,조사개시일,높음
M121,중국 및 호주산 수산화알루미늄에 대한 덤핑방지관세 부과에 관한 규칙,2023-04-28,중국및호주,00000747,구제 23-2022-2호,중국 및 호주산 수산화알루미늄의 덤핑사실 및 국내산업피해 유무 조사,원심,"중국,오스트레일리아",2022-02-28,2022-12-15,1.0,4.4,최종판정일,높음
M122,중국 및 인도산 폴리에틸렌 테레프탈레이트(PET) 필름에 대한 덤핑방지관세 부과에 관한 규칙,2023-05-08,중국및인도,00000749,구제 23-2022-3호,중국 및 인도산 PET(Polyethylene Terephthalate)필름에 대한 덤핑방지관세부과 종료재심사(4차),종료재심사,"중국,인도",2022-05-09,,1.0,12.0,조사개시일,높음
M123,베트남 및 인도산 페로실리코망간에 대한 덤핑방지관세 부과에 관한 규칙,2023-07-21,베트남및인도,00000752,구제 23-2022-4호,"베트남, 우크라이나 및 인도산 페로실리코망간 덤핑방지관세부과 종료재심사",종료재심사,"베트남,우크라이나,인도",2022-07-22,2023-05-10,1.0,2.4,최종판정일,높음
M124,일본ㆍ중국 및 핀란드산 도공(Coated) 인쇄용지에 대한 덤핑방지관세 부과에 관한 규칙,2024-03-18,일본·중국및핀란드,00000759,구제 23-2023-2호,"일본, 중국 및 핀란드산 도공용지에 대한 덤핑방지관세부과 종료재심사",종료재심사,"일본,중국,핀란드",2023-03-21,2023-12-21,1.0,2.9,최종판정일,높음
M125,이집트산 백색 시멘트에 대한 덤핑방지관세 부과에 관한 규칙,2024-04-30,이집트,00000763,구제 23-2023-3호,이집트산 백시멘트의 덤핑사실 및 국내산업피해 유무 조사,원심,이집트,2023-05-01,2024-02-22,0.89,2.3,최종판정일,높음
M126,말레이시아산 합판에 대한 덤핑방지관세 부과에 관한 규칙,2024-07-02,말레이시아,00000770,구제 23-2023-4호,말레이시아산 합판에 대한 덤핑방지관세 부과 종료재심사(4차),종료재심사,말레이시아,2023-07-03,,1.0,12.0,조사개시일,높음
M127,베트남산 합판에 대한 덤핑방지관세 부과에 관한 규칙,2024-07-02,베트남,00000772,구제 23-2023-5호,베트남산 합판에 대한 덤핑방지관세부과 종료재심사(1차),종료재심사,베트남,2023-07-03,,1.0,12.0,조사개시일,높음
M128,중국산 침엽수 합판에 대한 덤핑방지관세 부과에 관한 규칙,2024-07-02,중국,00000771,구제 23-2023-7호,중국산 침엽수 합판에 대한 덤핑방지관세부과 종료재심사(2차),종료재심사,중국,2023-07-03,2024-04-18,1.0,2.5,최종판정일,높음
M129,중국산 합판에 대한 덤핑방지관세 부과에 관한 규칙,2024-07-02,중국,00000773,구제 23-2023-6호,중국산 합판에 대한 덤핑방지관세부과 종료재심사(3차),종료재심사,중국,2023-07-03,2024-04-18,1.0,2.5,최종판정일,높음
M130,중국산 폴리(에틸렌 테레프탈레이트)에 대한 덤핑방지관세 부과에 관한 규칙,2024-11-30,중국,00000775,구제 23-2024-1호,중국산 폴리에틸렌 테레프탈레리트 수지(PET 수지)의 덤핑사실 및 국내산업피해 유무 조사,원심,중국,2024-01-12,2024-10-17,0.9,1.4,최종판정일,높음
M131,중국ㆍ인도네시아 및 태국산 폴리프로필렌 연신필름에 대한 덤핑방지관세 부과에 관한 규칙,2025-04-25,중국·인도네시아및태국,00000777,구제 23-2024-3호,중국 인도네시아 및 태국산 폴리프로필렌 연신(OPP)필름에 대한 덤핑방지관세부과 종료재심사(2차),종료재심사,"중국,인도네시아,타이",2024-04-26,2025-02-20,0.9,2.2,최종판정일,높음
M132,중국ㆍ인도네시아 및 대만산 스테인리스강 평판압연에 대한 덤핑방지관세 부과에 관한 규칙,2025-05-16,중국·인도네시아및대만,00000780,구제 23-2024-4호,"중국, 인도네시아 및 대만산 스테인리스강 평판압연 제품에 대한 덤핑방지관세부과 및 가격약속 종료재심사(1차)",종료재심사,"중국,인도네시아,대만",2024-05-17,,0.91,12.0,조사개시일,높음
M133,베트남산 스테인리스강 냉간압연에 대한 덤핑방지관세 부과에 관한 규칙,2025-07-11,베트남,00000781,구제 23-2024-5호,베트남산 스테인리스강 냉간압연 제품의 덤핑사실 및 국내산업피해 유무 조사,원심,베트남,2024-05-30,2025-04-24,0.91,2.6,최종판정일,높음
M134,중국 및 대만산 석유수지에 대한 덤핑방지관세 부과에 관한 규칙,2025-08-01,중국및대만,00000795,구제 23-2024-6호,중국 및 대만산 석유수지의 덤핑사실 및 국내산업피해 유무 조사,원심,"중국,대만",2024-08-02,2025-05-22,1.0,2.3,최종판정일,높음
M135,중국산 스테인리스강 후판에 대한 덤핑방지관세 부과에 관한 규칙,2025-09-05,중국,00000798,구제 23-2024-7호,중국산 스테인리스 스틸 후판의 덤핑사실 및 국내산업피해 유무 조사,원심,중국,2024-09-06,2025-06-26,1.0,2.3,최종판정일,높음
M136,중국산 탄소강 및 그 밖의 합금강 열간압연 후판에 대한 덤핑방지관세 부과에 관한 규칙,2025-11-24,중국,00000799,구제 23-2024-8호,중국산 탄소강 및 그 밖의 합금강 열간압연 후판제품,원심,중국,2024-10-04,,1.0,13.7,조사개시일,높음
M137,태국산 파티클보드에 대한 덤핑방지관세 부과에 관한 규칙,2025-12-05,태국,00000801,구제 23-2024-10호,태국산 파티클보드의 덤핑사실 및 국내산업피해 유무 조사,원심,타이,2024-12-16,,1.0,11.6,조사개시일,높음
M138,중국산 아이티온산나트륨(차아황산소다)에 대한 덤핑방지관세 부과에 관한 규칙,2025-12-17,중국,00000800,구제23-2024-9호,중국산 차아황산소다에 대한 덤핑사실 및 국내산업피해 유무 조사,원심,중국,2024-12-18,2025-09-25,1.0,2.7,최종판정일,높음
M139,중국산 단일모드 광섬유에 대한 덤핑방지관세 부과에 관한 규칙,2026-03-19,중국,00000833,구제23-2025-1,중국산 단일모드 광섬유에 대한 덤핑사실 및 국내산업피해 유무 조사,원심,중국,2025-03-07,,0.9,12.4,조사개시일,높음
M140,태국산 섬유판에 대한 덤핑방지관세 부과에 관한 규칙,2026-05-07,태국,00000840,구제 23-2025-5호,태국산 섬유판의 덤핑사실 및 국내산업피해 유무 조사,원심,타이,2025-05-07,2026-02-12,1.0,2.8,최종판정일,높음
M141,사우디아라비아산 부틸글리콜에테르에 대한 덤핑방지관세 부과에 관한 규칙,2026-05-15,사우디아라비아,00000841,구제 23-2025-4호,사우디아라비아산 부틸글리콜에테르에 대한 덤핑방지관세부과 종료재심사(1차),종료재심사,사우디아라비아,2025-05-16,2026-02-12,1.0,3.1,최종판정일,높음
M142,일본 및 중국산 4축 이상 수직다관절형 산업용 로봇에 대한 덤핑방지관세 부과에 관한 규칙,2026-05-21,일본및중국,00000819,구제23-2025-2호,일본 및 중국산 산업용로봇(4축이상 수직다관절형)에 대한 덤핑사실 및 국내산업피해 유무 조사,원심,"중국,일본",2025-05-02,2026-03-26,1.0,1.8,최종판정일,높음
M143,일본 및 중국산 탄소강 및 그 밖의 합금강 열간압연 제품에 대한 덤핑방지관세 부과에 관한 규칙,2026-06-23,일본및중국,00000831,구제23-2024-11호,일본 및 중국산 탄소강 및 그 밖의 합금강 열간압연 제품의 덤핑사실 및 국내산업피해 유무 조사,원심,"일본,중국",2025-03-04,2026-02-23,0.9,4.0,최종판정일,높음
M144,독일ㆍ프랑스ㆍ노르웨이 및 스웨덴산 폴리염화비닐 페이스트 수지에 대한 덤핑방지관세 부과에 관한 규칙,2026-08-05,독일·프랑스·노르웨이및스웨덴,00000843,구제23-2025-6호,"독일, 프랑스, 노르웨이 및 스웨덴산 폴리염화비닐 페이스트 수지",원심,"독일,프랑스,노르웨이,스웨덴",2025-08-06,2026-05-21,1.0,2.5,최종판정일,높음
M145,태국산 이음매 없는 동관에 대한 덤핑방지관세 부과에 관한 규칙,2026-09-11,태국,00000844,구제23-2025-7호,태국산 이음매 없는 동관,원심,타이,2025-09-12,2026-06-18,1.0,2.8,최종판정일,높음
