decision_no,decision_date,outcome,issue_group,goods,note
조심2026관0016,2026-08-19,기각,scope,중국산 합판(광폭 마루판),산업부 2023.11.6. 회신 원용; 용도 주장 배척
조심2026관0017,2026-08-19,기각,scope,중국산 합판(광폭 마루판),0016과 같은 쟁점
조심2026관0002,2026-03-31,취소,scope,적층 베니어 목재(LVL),HS 4412.4* 해당으로 보아 합판 부과대상 아님
조심2025관0097,2026-03-31,취소,scope,적층 베니어 목재(LVL),0002와 같은 쟁점
조심2024관0141,2025-05-13,기각,scope,LAMINATED COATING FILM,제외대상 물품 개발 주장 입증 부족
조심2024관0061,2025-05-13,기각,scope,LAMINATED COATING FILM,0141과 같은 쟁점
조심2019관0030,2019-06-27,기각,scope,일본산 스테인리스 철강와이어,세번·규격·형태 요건 충족
조심2018관0100,2018-11-19,재조사,scope,중국산 도자기질 타일(염전 바닥재),염전 전용 용도 주장; 부과대상 여부 재조사
조심2017관0307,2018-03-29,기각,scope,일본산 스테인리스 스틸바,가산세 쟁점 병행
조심2016관0216,2017-05-12,기각,scope,홀로그램 PET필름,무역위원회 재심사 의결서 원용
조심2016관0032,2016-07-28,기각,scope,니켈합금강(스테인리스 봉),기재부장관 회신 원용; 제외대상을 HSK 분류로 해석
조심2014관0248,2014-09-02,기각,scope,폴리에스테르사,품목분류와 제외대상 해당 여부 병행
조심2015관0258,2015-12-30,기각,scope,미상,물품 해당 여부와 그 밖의 공급자 해당 여부 병행
조심2015관0276,2015-12-30,기각,scope,미상,0258과 같은 쟁점
조심2018관0086,2018-10-02,기각,scope-incidental,중국산 PET필름,주쟁점은 신의성실·소급과세; 청구인이 PET필름 아님을 주장
국심2006관0161,2007-06-25,기각,scope-incidental,중국산 도자기질 타일,주쟁점은 정상가격; 세번으로 부과대상 판단
조심2020관0161,2021-04-12,취소,supplier-rate,,그 밖의 공급자 세율 적용
조심2015관0056,2015-06-05,재조사,supplier-rate,,생산자 허위 기재 여부
조심2014관0418,2015-06-03,기각,supplier-rate,,생산자 특정 불가로 최고세율
조심2014관0414,2015-04-30,기각,supplier-rate,,공급자 해당 여부
조심2010관0181,2010-12-27,기각,supplier-rate,,수출자와 공급자의 특수관계
조심2010관0134,2010-12-24,기각,supplier-rate,,수출자와 공급자의 특수관계
조심2010관0135,2010-12-24,기각,supplier-rate,,수출자와 공급자의 특수관계
조심2025관0048,2025-12-01,기각,undertaking-value,,가격약속 최저수출가격 판단시점
조심2020관0155,2021-12-24,기각,undertaking-value,,가격약속 물품의 고가신고
조심2022관0080,2023-01-09,각하,procedural,,신고납부는 처분 아님
조심2018관0079,2018-09-04,각하,procedural,,부령 제정은 처분 아님
조심2015관0318,2017-08-03,각하,procedural,,부령 제정은 처분 아님
국심2006관0190,2007-03-02,각하,procedural,,신고납부는 처분 아님
국심2003관0208,2005-11-01,각하,procedural,,덤핑판정과 부령은 처분 아님
국심2003관0207,2005-11-01,각하,procedural,,덤핑판정과 부령은 처분 아님
국심2003관0206,2005-11-01,각하,procedural,,덤핑판정과 부령은 처분 아님
조심2019관0125,2020-02-26,기각,other,,가산세
조심2009관0065,2010-08-24,기각,other,,재수출면세와 덤핑방지관세
조심2009관0118,2009-11-11,기각,other,,세율 0% 개정규칙의 시행일 이전 수입분
