dispute_id,forum,case_no,decision_date,title,outcome,text_file,clip_case_nos,stage0_issue_group,dumping_mentions
D001,관세청 심사청구,부산세관-심사-2002-34,2002-10-18,해당건은 제목이 없습니다.,심사청구를 기각한다.,data/raw/clip/03001622002000034.txt,부산세관-심사-2002-34,,4
D003,관세청 심사청구,서울세관-심사-2002-107,2003-05-23,해당건은 제목이 없습니다.,심사청구를 기각한다.,data/raw/clip/01001622002000107.txt,서울세관-심사-2002-107,,7
D013,조세심판원,조심2010관0134,2010-12-24,쟁점물품의 수출자가 공급자 및 같은 기업의 제품을 수출하는 자와 특수관계에 해당되는지 여부(기각),기각,data/raw/tt/조심2010관0134.txt,,supplier-rate,31
D019,조세심판원,인천세관-조심-2013-234,2014-09-03,쟁점물품의 수입가격이 특수관계에 의해 영향을 받았는지 여부,"OOO세관장이 2013.6.28. 청구법인에게 한 관세 OOO원, 부가가치세 OOO원, 가산세 OOO원 등 합계 OOO원의 부과처분은「관세법」제30조 제3항 제4호에 따른 과세가격 결정에 필요한 특수관계가 쟁점물품의 거래가격에 영향을 미쳤는지 여부를 재조사하여 그 결과에 따라 과세표준 및 세액을 경정한다.",data/raw/clip/02001632013007268.txt,인천세관-조심-2013-234,,5
D033,조세심판원,조심2016관0216,2017-05-12,쟁점물품이 덤핑방지관세 부과대상에 해당하는지 여부,기각,data/raw/tt/조심2016관0216.txt,인천세관-조심-2016-191,scope,105
D035,조세심판원,조심2015관0318,2017-08-03,이 건 심판청구의 적법 여부 등,각하,data/raw/tt/조심2015관0318.txt,,procedural,68
D038,조세심판원,조심2018관0079,2018-09-04,이 건 심판청구의 적법 여부,각하,data/raw/tt/조심2018관0079.txt,,procedural,96
D042,관세청 과세전적부심사,관세청-적부심사-2018-19,2019-02-08,쟁점물품의 거래가격 부인 및 과세가격 결정방법의 적법․타당 여부,과세전적부심사청구를 채택하지 아니한다.,data/raw/clip/00001602018000019.txt,관세청-적부심사-2018-19,,0
D044,조세심판원,서울세관-조심-2018-117,2019-03-06,"쟁점물품을 철강 구조물로 보아 제7308호로 분류할 것인지, 아니면 타워크레인의 전용 부분품으로 보아 제8431호로 분류할 것인지 등","쟁점물품은 타워크레인의 운전에 필요한 장치 없이 격자주 형태의 마스트섹션만 별도로 제시된 점, 쟁점물품이 타워크레인의 본질적인 기능인 권양 및 적하기능을 위한 기계적 요소를 갖추고 있다고 보기 어려운 점 등에 비추어 쟁점물품을 제7308호로 분류하여 과세한 처분은 잘못이 없는 것으로 판단되고, 수입신고수리는 사실행위에 불과하여 공적 견해표명으로 보기 어려운",data/raw/clip/01001632018000117.txt,서울세관-조심-2018-117,,0
D073,조세심판원,조심2026관0017,2026-08-19,쟁점물품을 덤핑방지관세 부과대상 물품에 해당하는 것으로 보아 과세한 처분의 당부,기각,data/raw/tt/조심2026관0017.txt,,scope,218
