dispute_id,issuing_agency,document,reply_date,cited_by,reply_position,adopted,summary
D033,관세청,,2016-02-29,처분청,부과대상 포함,불명,처분청 질의(2014.8.19.)에 대해 기획재정부·무역위원회와 관계부처 회의를 거쳐 홀로그램 PET 필름이 덤핑방지관세 부과대상 물품에 해당한다고 회신. 판단 이유에서 직접 원용되지는 않음
D033,무역위원회,종료재심사 최종판정의결서,2015-09-23,여럿,부과대상 포함,Y,재심사대상은 부과 중인 PET 필름이며 종전 비부과 물품은 재심사 대상이 될 수 없다고 함. 홀로그램 PET 필름은 증착 PET 필름의 일종이나 식각공정·고가·국내 생산 중단을 이유로 향후 제외가 타당하다고 판단
D033,무역위원회,조사개시여부 결정 검토보고서,2007-10-24,심판기관,부과대상 포함,불명,조사신청물품을 PET 칩을 압출·연신한 면상필름으로 정의하고 품명은 PET 필름으로 증착 여부를 불문한다고 기재
D033,관세평가분류원,품목분류사전심사 회신,2014-11-26,심판기관,기타,불명,청구법인의 품목분류사전심사 신청에 대한 회신. 내용(표1)은 원문에서 가려짐
D033,기타(통계청),,,청구인,기타,N,"홀로그램 생산은 한국표준산업분류상 '18119 기타 인쇄업'에 분류되며, 표준산업분류는 통계 목적의 분류라고 회신. 청구인은 PET 필름과 산업부문이 다르다는 근거로 제시"
D073,기획재정부,관세제도과-601,2019-07-09,청구인,부과대상 제외,N,중국산 합판 중 두께 6mm 이상인 것 가운데 '마루판(원목마루)'은 덤핑조사 대상에 포함되지 않아 부과요건 미충족으로 부과대상에서 제외된다고 관세청장에게 통보. 심판원은 구체적 규격이 없어 근거가 되지 않는다고 봄
D073,관세청,세원심사과-118,2021-01-13,청구인,부과대상 제외,N,기획재정부 관세제도과-601 공문을 본청 각과와 전국 세관장에게 공유하여 참고하도록 함
D073,기획재정부,,2019-07-09,여럿,부과대상 제외,불명,"청구 외 회사의 민원질의(두께 10mm, 너비 196mm, 길이 910mm, 측면 요철가공 합판)에 부과대상이 아니라고 답변. 심판원은 제외규격에 맞는 물품에 대한 답변이라 쟁점물품과 구별함"
D073,산업통상자원부,,2023-11-06,여럿,부과대상 포함,Y,"기획재정부 질의(2023.10.6.)에 대해 쟁점물품과 같은 규격의 중국산 광폭 마루판은 두께 7mm로 재심사범위(6mm 이상)에 들고 제외규격(너비 220mm·길이 2,000mm 이하, 측면 요철)에 해당하지 않아 부과대상이라고 회신"
D073,무역위원회,구제 23-2019-5 종료재심사 최종보고서,2020-08,여럿,기타,Y,"재심사 조사범위를 두께 6mm 이상 합판으로 정하고, 두께 6mm 이상·너비 220mm 이하·길이 2,000mm 이하로 측면을 요철가공한 사각형 물품을 조사범위에서 제외"
D073,무역위원회,,2019-01-29,처분청,부과대상 포함,불명,"관세청 질의(합판에 천연무늬목을 붙인 원목마루, 10×125×900mm)에 대해 부령은 품목번호와 두께만 기준으로 하고 명칭·용도·가공 등에 따른 예외가 없으므로 부과대상이라고 회신"
D073,관세청,,2019-02-07,처분청,부과대상 포함,불명,무역위원회 회신에 근거해 인천세관에 명칭·용도·중간재 여부·가공 여부 등에 따른 예외가 없으므로 제4412.33호 두께 6mm 이상이면 부과대상이라고 회신
D073,기획재정부,중국산 마루판 관련 간담회 결과,2019-06-12,처분청,기타,불명,"기획재정부·관세청·합판보드협회 간담회에서 두께 6mm 이상·너비 220mm 이하·길이 2,000mm 이하·측면 요철가공 사각형 합판만 중국산 마루판으로 보아 부과대상에서 제외하기로 정함. 이후 종료재심사 제외규격에 반영"
