dispute_id,relevance,issue_group,cited_decree_titles,disputed_goods,hsk_declared,claimant_argument,agency_argument,outcome_raw,outcome,taxpayer_win,reasoning_summary,scope_criteria_used,ktc_reference,related_cases,confidence,note
D004,쟁점,불복 적격,"관세법 제51조의 규정에 따른 OOOOO·OO산 정보용지 및 OOO에 대한 덤핑방지관세부과에 관한 규칙(OOOOO령 제330호, 2003.11.7.)","외국 생산자가 생산해 우리나라로 수출하는 정보용지 등(OOO 등, 물품명 일부 마스킹)",,외국회사인 청구법인이 무역위원회의 덤핑판정과 이에 따라 제정된 덤핑방지관세 부과 규칙이 반덤핑협정과 관세법 시행령 제65조에 위배되므로 덤핑판정은 취소되어야 하고 규칙은 무효라고 주장함.,원문에 처분청 의견이 따로 적혀 있지 않음.,심판청구를 각하함,각하,N,"관세법 제119조의 불복은 관세법령에 의한 '처분'을 받은 자에게 허용되는데, 덤핑판정과 그에 따라 제정된 규칙은 일반적·추상적 법령의 제정·공포일 뿐 처분이 아니고, 청구법인은 외국회사로서 규칙에 근거한 덤핑방지관세 부과처분을 받은 사실도 없으므로 처분과 당사자 적격이 없는 부적법한 청구라고 봄.",,,국심2006관0190(따른결정),높음,기관명·국가명이 마스킹되어 있으나 문맥상 무역위원회 덤핑판정과 재정경제부령으로 보임.
D011,쟁점,기타,"관세법 제51조의 규정에 따른 OO산 6축 수직다관절형 산업용 로봇에 대한 덤핑방지관세의 부과에 관한 규칙(OOOOO령 제463호, 2005.9.16.)",차체조립용 용접로봇(6축 수직다관절형 산업용 로봇). 수출물품 사양 확인용으로 일시수입 후 재수출하는 물품,,"쟁점물품은 수출용 차체 용접·조립라인의 사양 확인용으로만 쓰고 재수출하는 일시수입물품이어서 국내산업에 피해를 주지 않고 국내물품과 경쟁하지도 않으므로, 일시수입 이행지침과 덤핑방지관세 취지에 비추어 재수출면세 시 덤핑방지관세도 면제되어야 함.","개정 교토협약 특별부속서 G는 국내법이 부분 면제를 정할 수 있게 하고, 관세법 시행령 제111조 제2항은 특별한 규정이 없으면 덤핑방지관세율은 면제되는 관세의 범위에 포함되지 않는다고 정하므로, 재수출면세 물품이라도 덤핑방지관세를 부과한 처분은 정당함.",심판청구를 기각함,기각,N,"시행령 제111조 제2항이 면제 범위에 특별 규정이 없으면 덤핑방지관세율은 면제 범위에 포함되지 않는다고 명시하고, 감면·환급특례법상 환급에서도 덤핑방지관세 상당액이 제외되며, 일시수입물품이라도 국내산업 피해 우려가 없다고 단정할 수 없고, 2005~2010년 감면대상 물품 99건 모두 덤핑방지관세가 납부된 점을 들어 부과처분이 정당하다고 봄.",,,,높음,부과대상 해당 여부는 다툼이 없고 재수출면세가 덤핑방지관세에도 미치는지가 쟁점이어서 기타(감면)로 둠.
D025,언급,무관,,"다른 업체 명의로 수입된 물품(OOO, 물품명 마스킹)",,원문에 청구인 주장이 기재되어 있지 않음. 실제 납세의무자 변경에 따라 발급된 수정수입세금계산서의 취소를 구한 것으로 보임.,원문에 처분청 주장이 기재되어 있지 않음.,심판청구를 각하함,각하,N,"세관장이 덤핑방지관세율 부정 적용 조사 결과 실제 납세의무자를 청구법인으로 보아 관세 등을 경정하자 처분청이 수정수입세금계산서를 발급한 사안에서, 선행 부과처분이 취소되지 않았고 수정수입세금계산서로 매입세액 공제도 받을 수 있어 그 발급 자체를 불이익한 처분으로 볼 수 없으며 발급 취소 신청·거부도 없으므로 불복 대상이 없다고 봄.",,,,높음,"덤핑방지관세율 부정 적용은 선행 조사의 배경 사실로만 나오고, 다툰 대상은 부가가치세 수정수입세금계산서 발급임."
D031,쟁점,공급자·세율,"중국 및 인도산 폴리에틸렌 테레프탈레이트(PET) 필름에 대한 덤핑방지관세 부과에 관한 규칙(기획재정부령 제285호, 2012.5.25.) ; 중국 및 인도산 폴리에틸렌 테레프탈레이트(PET) 필름에 대한 덤핑방지관세의 부과에 관한 규칙(기획재정부령 제37호, 2008.10.27.)",중국 소재 소외 회사(조사대상 아닌 그 밖의 공급자)로부터 수입한 PET 필름. 원고가 가공 후 전량 수출,신고 3920.62 / 처분청 3920.62,"실제 수입가격이 중국 내수 판매가격보다 높아 덤핑이 없고, 수입량이 적고 가공 후 전량 수출하므로 국내산업 피해가 없으며, 구체적 가격 조사 없이 그 밖의 공급자에게 23.61%를 일률 부과한 규칙은 덤핑차액 이하 부과를 정한 관세법 제51조에 반하므로 경정청구 거부는 위법함.",관세법 제51조에 따른 규칙에 따라 적법하게 덤핑방지관세를 부과하였으므로 경정청구를 거부한 처분은 적법함.,원고의 청구를 기각함(국가승),기각,N,"조사대상으로 선정되지 않은 공급자에게 조사대상 공급자 세율의 가중평균을 적용하는 것은 시행령 제65조 제2항에 따른 것이어서 소외 회사에 대한 개별 조사 없이 23.61%를 정했어도 위법하지 않음. 무역위원회가 세 차례 덤핑과 피해를 인정했고 원고의 부과제외 요청도 배척했으며, 가공 후 수출하더라도 국내 동종물품에 영향이 있을 수 있음. 덤핑차액 초과는 재심사로 다툴 일이고 입증도 부족하다고 봄.",,원고의 부과제외 요청에 대해 무역위원회가 '국내업체 역시 동일한 방법의 PET 필름의 생산이 가능'하고 특정회사 제품 지정이나 재수출 여부는 부과에 영향이 없다며 받아들이지 않음,"조세심판원 2015.12.30. 기각 결정(전심, 사건번호 미기재)",중간,그 밖의 공급자 세율의 적법성과 국내산업 피해 부존재를 함께 다퉈 규칙 자체의 효력을 다툰 성격도 있음. 부과제외 요청(전량 수출 가공용)은 물품 범위가 아니라 피해 논리로 다퉈 조사범위로 보지 않음.
D048,쟁점,불복 적격,,"중국산 물품(OOO 외 14건, 물품명 마스킹). 덤핑방지관세율 28.23% 적용 대상으로 경정된 물품",,원문에 청구인 주장이 기재되어 있지 않음. WTO 양허세율 0%로 신고한 물품에 덤핑방지관세율 28.23%를 적용한 경정·고지의 취소를 구함.,원문에 처분청 주장이 기재되어 있지 않음. 처분청은 과세전통지 누락을 이유로 심판청구 후 처분을 직권 취소함.,심판청구를 각하함,각하,N,심판청구 후 처분청이 과세전통지 없이 한 덤핑방지관세 경정처분을 직권으로 취소한 이상 관세법 제119조 제1항의 불복 대상인 처분이 없어 부적법한 청구라고 봄.,,,조심2020관117 ; 조심2020관118,중간,"다툰 처분이 덤핑방지관세 부과처분이어서 쟁점·불복 적격으로 두었으나, 각하 사유는 처분의 직권취소라는 일반 요건이라 언급으로 볼 여지도 있음. 기간(2017.7.26.~), 세율 28.23%, 2020.4.2. 처분의 과세전통지 누락 취소가 조심2020관0155(D053)의 선행처분과 같아 같은 사안으로 보임."
D051,언급,무관,,특수관계자인 수출자로부터 수입한 폴리아세탈(POM) F20-03 규격 물품(2018년 상업생산을 시작한 공장 제품),,"거래가격은 중국의 한국산 POM 덤핑방지관세를 피하려는 거래상황과 국제시세를 고려해 정한 것이라 특수관계의 영향이 없고, 수출·수입계약은 별개이며, 인증·평판 차이로 비교 대상 POM은 유사물품이 아니므로 제6-3방법에 따른 과세가격 결정은 위법함.","수입가격이 저가 수출가격에서 인도조건 비용 차이만 정산해 산정되어 특수관계와 금액으로 계산할 수 없는 조건의 영향을 받았고, 비교 POM은 모델명·성분·상표·용도가 같아 유사물품이므로 제6-3방법 적용은 적법함.",통지청은 비교 POM이 유사물품인지 거래처의 구분 구매 여부 등을 재조사한 후 관세법 제35조로 과세가격 결정,재조사,Y,"수출가격이 저가로 정해졌고 수입가격이 그와 연계되어 특수관계의 영향과 금액으로 계산할 수 없는 조건의 영향을 받았다고 보아 거래가격 부인은 정당하나, 비교 POM은 물성·상표·모델명이 같으면서도 인증 취득과 판매가격에 차이가 있어 유사물품 여부를 재조사하게 함.",,,,높음,덤핑방지관세는 중국 정부의 한국산 POM 조치로 거래 배경에만 나오며 한국 덤핑방지관세 적용과는 무관함.
D053,쟁점,가격약속·과세가격,"중국산 에이치(H) 형강에 대한 덤핑방지관세의 부과에 관한 규칙(기획재정부령 제631호, 2017.7.19.)","가격약속을 한 중국 공급자가 생산한 H형강(이축대칭 H형 단면, 높이 80mm 이상 구조형 형강)","신고 7716.33-3000(원문 표기, 7216.33-3000의 오기로 보임) 또는 7226.33-4000 / 처분청 명시 없음","최저수출가격으로 계약·신용장 결제해 송품장대로 신고했으므로 정당하고, 사후 받은 금액은 마케팅 리베이트나 재판매 손실보상이라 과세가격 요소가 아님. 최저수출가격을 정상가격으로 보면 28.23% 일률 부과는 덤핑차액을 넘어 무효이며, 가산세도 부당함.","청구법인들이 덤핑방지관세를 피하려고 실제 거래가격이 아닌 최저수출가격으로 고가 허위신고하고 차액을 상계·환불받았음. 최저수출가격은 정상가격과 다른 개념이고, 약속 불이행 시 규칙 제3조 단서에 따라 덤핑방지관세를 부과하며, 부정행위이므로 가산세도 적법함.",심판청구를 기각함,기각,N,"포렌식 자료와 이메일상 수입 전에 최저수출가격 또는 그보다 약간 높은 가격으로 신고하고 손실을 보상하기로 사전 합의했고, 차액을 상계·환불받았으며 하자 손해의 객관적 자료가 없어 신고가격은 가공된 가격이므로 실제지급가격을 과세가격으로 함. 최저수출가격은 정상가격과 다르고(대법원 2000도5550), 약속 위반 시 그 밖의 공급자 세율 부과는 정당하며 부정행위에 따른 가산세도 적법하다고 봄.",,,"대법원 2002.2.22. 선고 2000도5550 ; 대법원 2019.2.14. 선고 2016두34110, 34127",높음,가산세 쟁점도 함께 판단함. 원문의 HSK '7716.33-3000'은 존재하지 않는 호로 보여 원문대로 적음. 선행처분(2020.4.2.)을 과세전통지 누락으로 취소하고 재고지한 사실이 있음.
D058,쟁점,조사범위,"중국 및 인도산 폴리에틸렌 테레프탈레이트(PET)필름에 대한 덤핑방지관세 부과에 관한 규칙 ; OPP 덤핑규칙(원문 약칭, 정식 제명 미기재)","중국산 은색 PET 필름. 청구인은 두께 9㎛ 미만이고 증착 없이 액체 코팅액을 롤투롤로 도포한 필름이라 주장, 처분청은 알루미늄 증착필름으로 봄",신고 3921.19-4020·3920.62-0000 / 처분청 3920.62-0000(세관 분석 건),"쟁점물품은 두께 9㎛ 미만이고 진공 증착이 아닌 그라비아·콤마 코팅으로 제조해 PET 규칙 별표 1의 제외 물품이며, 분석 결과 표면과 차단성이 증착필름과 다르고 수출자도 구분 관리함. 내부 서류의 '증착필름' 표기는 영업비밀 때문이고, 귀책사유가 없어 가산세도 부당함.","수출자 이메일 첨부 엑셀, 지출결의서, 원가분석표, 매출처 진술 모두 증착필름으로 되어 있고, 세관 분석에서 증착필름으로 판명되자 반송 후 다른 명의로 품명을 바꿔 재수입했으므로 부과대상 증착필름을 품명 위장한 것임. 두께 9㎛ 미만 PET·10㎛ 미만 OPP는 수정 통지로 이미 제외함.",과세전적부심사 청구를 채택하지 아니함,기각,N,"압수 자료상 수출자가 증착필름 내역을 보냈고 인보이스와 엑셀 품명이 다르며, 내부 지출결의서·원가분석표에 증착필름으로 적혀 있고 매출처도 증착필름을 샀다고 진술했으며, 세관 분석에서 증착필름으로 확인된 물품을 반송 후 다른 명의로 품명을 바꿔 재수입한 점 등에서 제외 대상이라 볼 근거가 없음. 품명·품목번호를 사실과 달리 신고해 가산세 면제 사유도 없다고 봄.",가공상태;규격,청구인이 무역위원회 최종보고서 제3면의 증착 제품 정의(PET 필름을 기재로 진공 chamber 안에서 표면에 금속 물질 등을 얇게 도포한 것)를 근거로 듦,,중간,"제외 요건은 '두께 9㎛ 미만으로서 증착되지 않은 것'이나, 심리기관은 증착의 정의를 해석하지 않고 증거상 물품이 증착필름이라는 사실인정으로 판단함. 두께 요건 해당분(9㎛ 미만 PET, 10㎛ 미만 OPP)은 처분청이 결정 전 수정 통지로 제외함. 가산세 쟁점도 있음."
D069,쟁점,조사범위,"중국산 탄소강 및 그 밖의 합금강 열간압연 후판 제품에 대한 잠정덤핑방지관세 부과(기획재정부고시 제2025-15호, 2025.4.24.) ; 같은 잠정조치 기간 연장(기획재정부고시 제2025-35호, 2025.8.22.) ; 중국산 탄소강 및 그 밖의 합금강 열간압연 후판에 대한 덤핑방지관세 부과에 관한 규칙(기획재정부령 제1145호, 2025.11.24.)","중국산 비합금강 열간압연 평판압연제품(후판, 코일 아님). 두께 10mm 초과, 인장강도 490Mpa 이상, 아연 함유 방청 숍프라이머 도장. 래싱 브릿지 원재료",신고 7210.70-1000(7210.49-9090 신고 이력도 있음) / 처분청 7208.51-1000·7208.52-9000,"아연 규산염 숍프라이머 도장은 조잡한 방청 도장이 아니라 래싱 브릿지 가공성과 내구성을 위한 기능적 표면완성처리이므로 페인팅한 평판압연제품인 HSK 7210.70-1000호에 분류해야 함. 계약과 상이한 물품이라 신고취하가 승인되어야 하고, 수출용 원재료인데 환급을 제한하는 것은 과세형평에 어긋남.","중앙관세분석소 분석상 방청 프라이머를 도포한 열간 평판압연제품으로, 제7208호 해설과 WCO 품목분류의견서(아연 함유 폴리머 프라이머 코팅 강판은 제7208호)에 따라 7208.51·7208.52호에 분류됨. 잠정덤핑방지관세 부과 후 신고 세번을 비대상 세번으로 바꾼 것이고, 취하 사유나 환급 대상도 아님.",심사청구를 기각함,기각,N,"제7208호 해설이 활성방청안료 페인트에 의한 거친 코팅을 허용하고, 제7210호의 '도포한' 처리에 해당하지 않으며, 중앙관세분석소 회보와 WCO 의견서도 제7208호로 보는 점, 잠정조치 고시 뒤 같은 모델 물품의 신고 세번을 비대상 세번으로 바꾼 점 등에서 쟁점물품은 제7208호로 분류되어 부과대상이라고 봄. 신고취하·환급 쟁점은 거부 처분이 없어 심리하지 않음.",분류,,,중간,외형상 품목분류 사건이나 부과대상이 HSK 열거로 정해져 분류 결과가 곧 잠정덤핑방지관세 부과대상 여부를 정함. 수입 당시 적용 근거는 부령이 아닌 잠정조치 고시임. 쟁점②③은 처분 부존재로 심리하지 않음.
